Unnamed: 0,Date,AveragePrice,Total Volume,4046,4225,4770,Total Bags,Small Bags,Large Bags,XLarge Bags,type,year,region
19,2015-08-16,1.33,80043.78,539.65,68666.01,394.9,10443.22,10297.68,145.54,0.0,conventional,2015,Albany
50,2015-01-11,1.24,41195.08,1002.85,31640.34,127.12,8424.77,8036.04,388.73,0.0,conventional,2015,Albany
7,2015-11-08,1.12,334041.6,250441.38,34483.33,488.24,48628.65,35662.93,12941.12,24.6,conventional,2015,Atlanta
20,2015-08-09,1.01,503791.72,385027.71,47040.07,4251.74,67472.2,45820.45,21568.48,83.27,conventional,2015,Atlanta
36,2015-04-19,1.12,430966.34,368709.65,18040.85,873.24,43342.6,29661.72,13680.88,0.0,conventional,2015,Atlanta
49,2015-01-18,1.11,431490.99,372236.92,18701.9,511.69,40040.48,16782.71,23257.77,0.0,conventional,2015,Atlanta
51,2015-01-04,1.0,435021.49,364302.39,23821.16,82.15,46815.79,16707.15,30108.64,0.0,conventional,2015,Atlanta
19,2015-08-16,1.14,882754.72,86492.03,597184.73,43102.61,155975.35,153156.63,2796.82,21.9,conventional,2015,BaltimoreWashington
23,2015-07-19,1.18,800194.34,52954.94,496206.47,50319.84,200713.09,196837.6,3862.02,13.47,conventional,2015,BaltimoreWashington
33,2015-05-10,1.26,855205.82,79192.07,507104.15,44390.54,224519.06,215572.03,8947.03,0.0,conventional,2015,BaltimoreWashington
13,2015-09-27,0.99,64187.8,47007.35,5754.04,3663.3,7763.11,7596.64,160.0,6.47,conventional,2015,Boise
25,2015-07-05,1.15,85044.45,61949.73,8022.13,8434.98,6637.61,6557.06,80.55,0.0,conventional,2015,Boise
44,2015-02-22,0.99,76836.1,50872.0,16374.74,2122.09,7467.27,7235.2,232.07,0.0,conventional,2015,Boise
9,2015-10-25,1.02,534249.47,4005.39,430725.78,191.31,99326.99,94581.94,4745.05,0.0,conventional,2015,Boston
39,2015-03-29,1.19,453631.25,3619.31,339299.3,151.36,110561.28,108838.11,1723.17,0.0,conventional,2015,Boston
43,2015-03-01,1.11,485736.1,4106.42,383573.77,192.98,97862.93,97423.17,439.76,0.0,conventional,2015,Boston
30,2015-05-31,1.4,130841.08,1039.49,54249.06,79.38,75473.15,75473.15,0.0,0.0,conventional,2015,BuffaloRochester
31,2015-05-24,1.43,121942.61,1033.76,55018.95,103.94,65785.96,65741.52,44.44,0.0,conventional,2015,BuffaloRochester
1,2015-12-20,0.94,4695737.21,1676601.43,1543280.76,266689.82,1209165.2,1061703.58,136747.1,10714.52,conventional,2015,California
10,2015-10-18,1.07,4999031.79,1847991.31,2286235.79,217814.17,646990.52,633893.61,10780.32,2316.59,conventional,2015,California
11,2015-10-11,1.08,5063309.38,1757211.58,2530023.18,221032.74,555041.88,533478.03,18373.18,3190.67,conventional,2015,California
14,2015-09-20,1.14,4759791.13,1702965.49,2230693.51,273922.36,552209.77,529779.37,17303.91,5126.49,conventional,2015,California
15,2015-09-13,1.13,5106508.12,1863270.81,2388023.33,270794.34,584419.64,502056.88,76297.56,6065.2,conventional,2015,California
39,2015-03-29,1.1,5341821.67,2609532.63,1869271.31,193577.55,669440.18,605995.11,61958.73,1486.34,conventional,2015,California
49,2015-01-18,1.02,5570915.26,2780859.66,2108450.36,121614.31,559990.93,520299.26,36501.18,3190.49,conventional,2015,California
15,2015-09-13,1.19,171077.53,30122.92,41616.87,36469.43,62868.31,56910.24,5958.07,0.0,conventional,2015,Charlotte
46,2015-02-08,1.17,150139.38,31509.41,35566.91,31778.73,51284.33,41921.3,9363.03,0.0,conventional,2015,Charlotte
8,2015-11-01,1.0,807041.46,69420.04,562214.56,106536.92,68869.94,68447.93,422.01,0.0,conventional,2015,Chicago
34,2015-05-03,1.04,978376.13,64798.64,690167.81,129694.01,93715.67,89297.42,4414.64,3.61,conventional,2015,Chicago
44,2015-02-22,1.18,773078.09,39072.26,533387.47,106178.47,94439.89,90447.44,3976.51,15.94,conventional,2015,Chicago
8,2015-11-01,0.93,254760.33,2998.18,166867.82,13267.88,71626.45,14831.2,53584.84,3210.41,conventional,2015,CincinnatiDayton
43,2015-03-01,1.03,136795.35,55610.59,36034.55,25775.13,19375.08,13297.29,1837.6,4240.19,conventional,2015,Columbus
4,2015-11-29,0.8,839818.87,477944.48,244879.52,6211.5,110783.37,96799.4,13967.44,16.53,conventional,2015,DallasFtWorth
14,2015-09-20,0.77,1155212.67,606586.38,425539.41,10973.08,112113.8,99272.95,12833.33,7.52,conventional,2015,DallasFtWorth
36,2015-04-19,0.8,1137811.87,735235.09,284292.72,16013.68,102270.38,89209.96,13055.16,5.26,conventional,2015,DallasFtWorth
49,2015-01-18,0.76,1091677.29,627090.61,374230.89,15550.56,74805.23,62375.69,12416.71,12.83,conventional,2015,DallasFtWorth
11,2015-10-11,0.9,775976.51,108538.74,432102.05,18840.69,216495.03,40462.27,176032.76,0.0,conventional,2015,Denver
27,2015-06-21,1.16,730826.79,184206.21,405469.62,12854.03,128296.93,83581.46,44715.47,0.0,conventional,2015,Denver
33,2015-05-10,1.08,735145.02,148762.57,454026.16,16724.31,115631.98,49343.56,66285.96,2.46,conventional,2015,Denver
29,2015-06-07,0.97,447813.52,153214.87,87106.49,131114.3,76377.86,61921.23,1180.76,13275.87,conventional,2015,Detroit
32,2015-05-17,0.95,495155.82,214237.95,98513.1,116503.88,65900.89,53494.15,591.25,11815.49,conventional,2015,Detroit
1,2015-12-20,1.13,126262.26,2630.11,85259.91,3211.51,35160.73,30547.62,2288.36,2324.75,conventional,2015,GrandRapids
5,2015-11-22,1.11,140981.22,3734.97,94794.75,5725.81,36725.69,33606.78,2327.22,791.69,conventional,2015,GrandRapids
8,2015-11-01,0.91,205592.1,3731.64,147281.28,8605.43,45973.75,43392.69,1757.12,823.94,conventional,2015,GrandRapids
16,2015-09-06,1.09,170309.3,3673.53,111964.57,6016.37,48654.83,45108.48,3486.89,59.46,conventional,2015,GrandRapids
23,2015-07-19,1.05,215736.47,2680.7,122122.69,29478.33,61454.75,52697.22,3806.21,4951.32,conventional,2015,GrandRapids
15,2015-09-13,1.03,3532480.92,492741.15,1958150.0,447108.5,634481.27,448051.74,132685.58,53743.95,conventional,2015,GreatLakes
40,2015-03-22,1.04,3746598.18,543151.72,2146436.5,451798.84,605211.12,453829.96,105804.36,45576.8,conventional,2015,GreatLakes
48,2015-01-25,1.13,2928692.32,390289.67,1649082.75,271642.56,617677.34,503612.64,109501.0,4563.7,conventional,2015,GreatLakes
4,2015-11-29,1.17,146103.34,23707.06,82015.89,110.54,40269.85,39640.65,629.2,0.0,conventional,2015,HarrisburgScranton
20,2015-08-09,1.07,247575.06,40320.2,149595.95,510.58,57148.33,56333.05,815.28,0.0,conventional,2015,HarrisburgScranton
24,2015-07-12,1.17,233638.96,42200.05,119798.85,2740.31,68899.75,67025.83,1705.19,168.73,conventional,2015,HarrisburgScranton
46,2015-02-08,1.02,239756.62,35933.38,126557.74,722.59,76542.91,75408.57,1134.34,0.0,conventional,2015,HarrisburgScranton
18,2015-08-23,1.14,298493.22,4337.08,248478.66,422.19,45255.29,44345.82,909.47,0.0,conventional,2015,HartfordSpringfield
23,2015-07-19,1.32,258239.1,3759.04,189919.51,5496.69,59063.86,56769.39,2294.47,0.0,conventional,2015,HartfordSpringfield
44,2015-02-22,1.38,220210.32,3632.57,142741.2,285.7,73550.85,71330.51,2220.34,0.0,conventional,2015,HartfordSpringfield
24,2015-07-12,0.79,999607.51,559622.59,307628.06,3226.08,129130.78,71467.17,57474.72,188.89,conventional,2015,Houston
27,2015-06-21,0.74,1196121.27,578767.93,449584.59,2227.98,165540.77,84406.17,81134.6,0.0,conventional,2015,Houston
31,2015-05-24,0.83,1089679.39,662438.33,324447.92,5151.72,97641.42,58142.73,39498.69,0.0,conventional,2015,Houston
34,2015-05-03,0.74,1296308.05,651055.45,502617.22,4521.86,138113.52,55875.33,82238.19,0.0,conventional,2015,Houston
35,2015-04-26,0.79,1082231.89,689172.94,295785.8,5527.28,91745.87,58557.13,33188.74,0.0,conventional,2015,Houston
41,2015-03-15,0.77,1043172.77,526390.61,401259.86,5000.2,110522.1,62352.87,48169.23,0.0,conventional,2015,Houston
44,2015-02-22,0.82,978807.74,520034.92,346617.64,6532.39,105622.79,73227.41,32395.38,0.0,conventional,2015,Houston
14,2015-09-20,0.91,185962.59,3942.44,116683.58,24166.47,41170.1,18045.98,18135.33,4988.79,conventional,2015,Indianapolis
32,2015-05-17,1.26,164076.81,18666.08,89510.92,16162.78,39737.03,21260.58,16314.28,2162.17,conventional,2015,Indianapolis
38,2015-04-05,1.17,151260.15,12623.45,95213.63,2843.96,40579.11,33761.92,6720.88,96.31,conventional,2015,Indianapolis
39,2015-03-29,1.09,161288.59,5382.76,97691.27,8095.81,50118.75,37465.78,11727.21,925.76,conventional,2015,Indianapolis
46,2015-02-08,0.98,158792.02,7650.86,109166.71,8455.43,33519.02,18968.55,12562.27,1988.2,conventional,2015,Indianapolis
44,2015-02-22,1.1,121048.7,79840.95,10684.39,1447.09,29076.27,21773.29,7302.98,0.0,conventional,2015,Jacksonville
46,2015-02-08,1.21,91840.75,62181.18,9886.68,375.65,19397.24,11016.44,8380.8,0.0,conventional,2015,Jacksonville
47,2015-02-01,0.92,237910.63,171139.21,22525.96,1299.6,42945.86,20816.49,22129.37,0.0,conventional,2015,Jacksonville
50,2015-01-11,1.2,99757.17,57635.74,17025.48,529.41,24566.54,14862.7,9703.84,0.0,conventional,2015,Jacksonville
5,2015-11-22,0.98,215985.17,87241.86,91574.86,3926.84,33241.61,31653.96,1587.65,0.0,conventional,2015,LasVegas
22,2015-07-26,1.06,272267.5,137702.81,75823.92,8654.82,50085.95,41514.45,8571.5,0.0,conventional,2015,LasVegas
27,2015-06-21,0.9,338638.8,128876.23,126683.91,4219.33,78859.33,58695.06,20164.27,0.0,conventional,2015,LasVegas
0,2015-12-27,0.8,2326942.14,976982.58,455203.42,86202.11,808554.03,722787.61,74359.03,11407.39,conventional,2015,LosAngeles
3,2015-12-06,0.66,3048290.53,1204232.39,682692.02,64728.33,1096637.79,997845.83,92324.72,6467.24,conventional,2015,LosAngeles
14,2015-09-20,0.99,2392448.9,1024117.14,947562.49,118706.07,302063.2,284791.57,12275.43,4996.2,conventional,2015,LosAngeles
18,2015-08-23,1.03,2604991.25,1687625.73,538010.14,92245.94,287109.44,279700.22,3994.61,3414.61,conventional,2015,LosAngeles
19,2015-08-16,0.93,2943218.77,2040657.52,516718.52,79890.52,305952.21,301831.12,760.09,3361.0,conventional,2015,LosAngeles
22,2015-07-26,0.95,2893887.74,2052103.6,440413.6,79478.59,321891.95,316322.88,2936.81,2632.26,conventional,2015,LosAngeles
38,2015-04-05,1.01,2603114.56,1753452.57,490701.38,73965.36,284995.25,245998.59,36929.22,2067.44,conventional,2015,LosAngeles
12,2015-10-04,1.11,63157.22,1596.38,39700.73,4198.9,17661.21,10607.98,6299.47,753.76,conventional,2015,Louisville
13,2015-09-27,1.31,318048.12,200219.37,57857.02,40.63,59931.1,35358.56,24572.54,0.0,conventional,2015,MiamiFtLauderdale
42,2015-03-08,1.3,356311.66,253963.7,32888.65,62.9,69396.41,47346.87,22049.54,0.0,conventional,2015,MiamiFtLauderdale
3,2015-12-06,1.0,2233138.01,507201.58,1154808.22,133316.89,437811.32,377999.41,57793.89,2018.02,conventional,2015,Midsouth
15,2015-09-13,1.09,2814803.06,574792.78,1444401.99,182702.62,612905.67,548306.36,61850.13,2749.18,conventional,2015,Midsouth
21,2015-08-02,1.14,2752081.97,532287.84,1359710.96,208419.92,651663.25,604227.7,46004.95,1430.6,conventional,2015,Midsouth
23,2015-07-19,1.14,2751192.77,569216.65,1234664.0,218257.94,729054.18,685065.97,41646.75,2341.46,conventional,2015,Midsouth
28,2015-06-14,1.09,3173051.42,653441.16,1484200.81,206159.51,829249.94,786795.07,40769.55,1685.32,conventional,2015,Midsouth
46,2015-02-08,1.06,2734006.98,732854.05,1222159.62,159491.59,619501.72,543231.71,75649.4,620.61,conventional,2015,Midsouth
47,2015-02-01,0.99,3668037.65,888523.17,1798504.77,388259.15,592750.56,464442.27,125798.21,2510.08,conventional,2015,Midsouth
50,2015-01-11,1.17,2335986.11,560119.16,1032606.49,191515.19,551745.27,465764.93,85966.27,14.07,conventional,2015,Midsouth
3,2015-12-06,1.0,130989.23,88033.66,9655.78,5447.67,27852.12,22956.94,4797.18,98.0,conventional,2015,Nashville
44,2015-02-22,1.05,148164.2,101095.06,10053.42,13693.83,23321.89,20671.7,2645.2,4.99,conventional,2015,Nashville
45,2015-02-15,1.03,153852.03,109047.7,9817.42,11085.73,23901.18,21186.15,2715.03,0.0,conventional,2015,Nashville
46,2015-02-08,0.94,171749.31,125785.83,8119.73,9717.73,28126.02,25896.73,2229.29,0.0,conventional,2015,Nashville
15,2015-09-13,1.02,219776.27,140509.91,18106.55,1713.51,59446.3,54335.47,5110.83,0.0,conventional,2015,NewOrleansMobile
23,2015-07-19,0.98,258559.32,167068.14,8930.71,11720.44,70840.03,62702.44,8131.55,6.04,conventional,2015,NewOrleansMobile
40,2015-03-22,0.9,282494.07,196325.14,8985.9,179.21,77003.82,68626.59,8377.23,0.0,conventional,2015,NewOrleansMobile
46,2015-02-08,0.93,242065.29,169656.18,8648.32,202.67,63558.12,61345.53,2212.59,0.0,conventional,2015,NewOrleansMobile
49,2015-01-18,1.03,267666.12,179991.12,23263.42,213.64,64197.94,61302.5,2895.44,0.0,conventional,2015,NewOrleansMobile
0,2015-12-27,1.17,1129876.05,13711.19,872603.6,894.58,242666.68,208470.99,34191.25,4.44,conventional,2015,NewYork
37,2015-04-12,1.43,1084407.8,18928.26,764676.24,1846.37,298956.93,239070.0,59886.93,0.0,conventional,2015,NewYork
19,2015-08-16,1.17,4221435.38,97139.95,3382543.31,8138.99,733613.13,677997.05,55602.12,13.96,conventional,2015,Northeast
46,2015-02-08,1.09,4457049.41,128978.49,3354876.63,7219.81,965974.48,869917.39,96055.45,1.64,conventional,2015,Northeast
10,2015-10-18,1.0,402466.4,3274.11,361448.46,192.81,37551.02,36297.69,1253.33,0.0,conventional,2015,NorthernNewEngland
12,2015-10-04,1.12,298222.53,3978.7,253346.07,248.25,40649.51,40431.73,217.78,0.0,conventional,2015,NorthernNewEngland
16,2015-09-06,1.01,508207.79,2506.81,456884.53,377.7,48438.75,48349.86,88.89,0.0,conventional,2015,NorthernNewEngland
20,2015-08-09,1.03,579226.47,2513.38,523492.97,815.98,52404.14,52400.81,3.33,0.0,conventional,2015,NorthernNewEngland
39,2015-03-29,1.07,412639.2,2452.76,372165.06,57.27,37964.11,37036.33,927.78,0.0,conventional,2015,NorthernNewEngland
51,2015-01-04,1.05,321823.77,4966.76,264351.96,14.68,52490.37,52490.37,0.0,0.0,conventional,2015,NorthernNewEngland
12,2015-10-04,1.0,332997.12,224769.27,34085.54,60.86,74081.45,37192.16,36886.48,2.81,conventional,2015,Orlando
20,2015-08-09,0.99,388550.28,249265.95,57952.32,99.51,81232.5,47242.5,33990.0,0.0,conventional,2015,Orlando
33,2015-05-10,1.32,535922.59,18571.03,381134.53,2051.34,134165.69,118815.58,15350.11,0.0,conventional,2015,Philadelphia
40,2015-03-22,1.18,449261.63,27380.04,322071.0,1104.04,98706.55,85471.81,13234.74,0.0,conventional,2015,Philadelphia
41,2015-03-15,1.44,331456.96,15055.12,199103.98,1077.74,116220.12,102101.2,14118.92,0.0,conventional,2015,Philadelphia
46,2015-02-08,1.09,477875.71,26219.21,336509.39,1353.94,113793.17,100107.79,13683.87,1.51,conventional,2015,Philadelphia
48,2015-01-25,1.36,355645.73,16112.5,211453.65,1409.19,126670.39,110991.22,15679.17,0.0,conventional,2015,Philadelphia
14,2015-09-20,0.71,892151.19,410147.31,403760.93,6031.4,72211.55,64530.22,7681.33,0.0,conventional,2015,PhoenixTucson
31,2015-05-24,0.58,1261540.03,968755.93,180676.87,6013.78,106093.45,84441.02,21652.43,0.0,conventional,2015,PhoenixTucson
0,2015-12-27,1.25,73109.9,1241.48,45856.11,951.32,25060.99,17512.17,7392.15,156.67,conventional,2015,Pittsburgh
16,2015-09-06,1.12,1714650.22,857114.48,547236.44,15397.86,294901.44,276258.81,17590.29,1052.34,conventional,2015,Plains
18,2015-08-23,1.06,1731574.98,930286.05,498120.52,16041.72,287126.69,275002.9,10772.67,1351.12,conventional,2015,Plains
42,2015-03-08,1.11,1531085.64,838161.13,412581.04,9283.84,271059.63,269498.52,734.29,826.82,conventional,2015,Plains
50,2015-01-11,1.09,1402841.83,737363.86,448207.79,10009.45,207260.73,205299.64,954.59,1006.5,conventional,2015,Plains
29,2015-06-07,1.16,543944.19,194122.57,239758.46,19235.07,90828.09,90346.52,473.22,8.35,conventional,2015,Portland
39,2015-03-29,1.2,401824.91,162580.71,163122.62,18487.16,57634.42,57229.61,402.85,1.96,conventional,2015,Portland
28,2015-06-14,1.11,286814.82,60157.22,95409.49,41274.25,89973.86,89685.43,288.43,0.0,conventional,2015,RaleighGreensboro
7,2015-11-08,0.95,202831.97,83635.77,76222.46,12315.03,30658.71,29783.15,875.56,0.0,conventional,2015,RichmondNorfolk
13,2015-09-27,0.97,203675.17,61853.71,101484.98,16430.71,23905.77,23139.55,766.22,0.0,conventional,2015,RichmondNorfolk
26,2015-06-28,1.0,236210.73,78419.44,90965.34,11394.34,55431.61,55427.17,4.44,0.0,conventional,2015,RichmondNorfolk
32,2015-05-17,1.04,262509.58,91276.43,103883.14,11273.72,56076.29,52612.5,3458.56,5.23,conventional,2015,RichmondNorfolk
33,2015-05-10,1.06,263027.68,72224.74,115679.54,11036.66,64086.74,57579.67,6507.07,0.0,conventional,2015,RichmondNorfolk
44,2015-02-22,1.1,225830.42,75550.59,89874.92,17018.36,43386.55,43046.27,340.28,0.0,conventional,2015,RichmondNorfolk
45,2015-02-15,1.13,207249.74,70877.95,77855.03,10942.01,47574.75,41738.23,5836.52,0.0,conventional,2015,RichmondNorfolk
50,2015-01-11,1.15,194460.59,71743.11,66849.97,10952.11,44915.4,36160.54,8754.86,0.0,conventional,2015,RichmondNorfolk
11,2015-10-11,1.01,118009.81,53713.89,37828.75,151.21,26315.96,26312.88,3.08,0.0,conventional,2015,Roanoke
15,2015-09-13,0.99,147617.68,69411.99,49831.29,180.33,28194.07,28181.85,12.22,0.0,conventional,2015,Roanoke
23,2015-07-19,1.04,124246.77,48761.54,41554.57,110.24,33820.42,33820.42,0.0,0.0,conventional,2015,Roanoke
5,2015-11-22,1.06,354986.48,83984.24,218912.41,12684.6,39405.23,39405.23,0.0,0.0,conventional,2015,Sacramento
6,2015-11-15,0.94,414161.47,100343.08,262929.38,11181.91,39707.1,39707.1,0.0,0.0,conventional,2015,Sacramento
32,2015-05-17,1.18,397215.12,141111.13,200745.02,12034.36,43324.61,43324.61,0.0,0.0,conventional,2015,Sacramento
39,2015-03-29,1.2,391178.81,110809.75,203705.17,13740.39,62923.5,62884.77,38.73,0.0,conventional,2015,Sacramento
47,2015-02-01,1.04,771974.9,287292.15,429601.75,15342.47,39738.53,39738.53,0.0,0.0,conventional,2015,Sacramento
49,2015-01-18,1.22,367047.36,83097.77,238956.51,5672.46,39320.62,39320.62,0.0,0.0,conventional,2015,Sacramento
8,2015-11-01,1.01,468472.81,211287.89,179995.77,17716.68,59472.47,53567.27,5897.02,8.18,conventional,2015,SanDiego
9,2015-10-25,1.08,408336.19,172518.85,165522.86,18702.56,51591.92,48469.97,3117.85,4.1,conventional,2015,SanDiego
13,2015-09-27,0.93,491990.83,194526.22,245815.73,14807.56,36841.32,34448.65,2392.67,0.0,conventional,2015,SanDiego
14,2015-09-20,1.07,448488.04,204096.06,173105.77,28629.58,42656.63,39560.7,3095.93,0.0,conventional,2015,SanDiego
20,2015-08-09,1.03,630941.71,285569.68,288086.68,14248.31,43037.04,41132.08,1904.96,0.0,conventional,2015,SanDiego
25,2015-07-05,1.05,587740.55,328818.07,187820.87,18794.71,52306.9,46816.59,5490.31,0.0,conventional,2015,SanDiego
35,2015-04-26,1.11,435990.48,235664.26,141949.05,14634.32,43742.85,37689.45,6053.4,0.0,conventional,2015,SanDiego
42,2015-03-08,0.95,504284.16,314550.25,127157.9,14754.16,47821.85,42719.72,5102.13,0.0,conventional,2015,SanDiego
45,2015-02-15,0.94,486113.55,303637.72,127874.99,15333.5,39267.34,33642.66,5425.61,199.07,conventional,2015,SanDiego
0,2015-12-27,1.05,692206.4,181704.67,422617.8,28184.73,59699.2,59094.49,582.9,21.81,conventional,2015,SanFrancisco
5,2015-11-22,1.04,709444.22,121232.94,502068.19,29410.26,56732.83,55908.92,773.33,50.58,conventional,2015,SanFrancisco
18,2015-08-23,1.59,610212.92,129106.61,380934.57,27089.79,73081.95,72131.45,950.5,0.0,conventional,2015,SanFrancisco
48,2015-01-25,1.21,713523.24,127276.45,481792.41,21293.67,83160.71,82293.47,796.67,70.57,conventional,2015,SanFrancisco
2,2015-12-13,1.05,454428.03,114813.13,156347.74,9650.5,173616.66,173537.66,35.61,43.39,conventional,2015,Seattle
11,2015-10-11,0.9,640331.58,87081.69,301656.56,15431.19,236162.14,234219.02,0.0,1943.12,conventional,2015,Seattle
14,2015-09-20,1.02,590721.74,158198.44,242849.81,11283.42,178390.07,178374.58,8.85,6.64,conventional,2015,Seattle
16,2015-09-06,1.17,459793.66,167782.09,155468.95,12346.64,124195.98,124129.03,61.97,4.98,conventional,2015,Seattle
31,2015-05-24,1.14,577946.53,213212.05,240665.64,14400.18,109668.66,109172.41,459.78,36.47,conventional,2015,Seattle
34,2015-05-03,1.02,687972.03,226074.37,355250.18,11154.42,95493.06,94995.86,477.54,19.66,conventional,2015,Seattle
45,2015-02-15,1.33,352335.1,114014.9,171966.91,8106.15,58247.14,57771.22,431.17,44.75,conventional,2015,Seattle
10,2015-10-18,1.12,226246.39,105221.4,55038.8,16616.9,49369.29,40996.42,8372.87,0.0,conventional,2015,SouthCarolina
12,2015-10-04,1.04,267919.95,123692.52,70671.2,14906.36,58649.87,38750.39,19899.48,0.0,conventional,2015,SouthCarolina
24,2015-07-12,1.14,320934.33,143217.29,81353.84,17190.82,79172.38,73161.82,5916.12,94.44,conventional,2015,SouthCarolina
31,2015-05-24,1.05,407499.97,247039.02,58352.93,20373.51,81734.51,69674.41,12060.1,0.0,conventional,2015,SouthCarolina
35,2015-04-26,1.1,319659.25,191953.94,43170.27,16204.46,68330.58,63208.06,5122.52,0.0,conventional,2015,SouthCarolina
37,2015-04-12,1.05,356627.38,220208.81,49060.02,16838.53,70520.02,57990.96,12529.06,0.0,conventional,2015,SouthCarolina
46,2015-02-08,1.06,282822.72,169169.05,41468.74,12641.17,59543.76,44770.78,14772.98,0.0,conventional,2015,SouthCarolina
20,2015-08-09,0.89,5353393.56,3096265.87,1600371.62,40173.44,616582.63,529408.18,87160.21,14.24,conventional,2015,SouthCentral
48,2015-01-25,0.81,5142259.93,3205533.39,1298842.9,68870.69,569012.95,476249.64,92763.31,0.0,conventional,2015,SouthCentral
16,2015-09-06,0.97,3750714.49,2175323.4,650270.11,43507.27,881613.71,472040.07,409430.79,142.85,conventional,2015,Southeast
28,2015-06-14,1.15,3021825.81,1910736.86,315079.1,46585.63,749424.22,611440.68,137878.92,104.62,conventional,2015,Southeast
33,2015-05-10,1.17,2963777.8,2167781.63,212422.04,24440.63,559133.5,437055.69,122077.81,0.0,conventional,2015,Southeast
43,2015-03-01,1.01,3633174.13,2682065.6,281502.89,19429.67,650175.97,396512.64,253660.35,2.98,conventional,2015,Southeast
47,2015-02-01,0.93,4924049.79,3656338.95,451194.73,40258.76,776257.35,359145.48,417111.87,0.0,conventional,2015,Southeast
0,2015-12-27,1.05,67099.38,20577.16,21592.44,2889.97,22039.81,21900.09,0.0,139.72,conventional,2015,Spokane
4,2015-11-29,1.17,51432.09,16876.93,16826.84,2523.85,15204.47,15204.47,0.0,0.0,conventional,2015,Spokane
6,2015-11-15,1.0,84398.93,17121.98,38867.94,2013.77,26395.24,26395.24,0.0,0.0,conventional,2015,Spokane
14,2015-09-20,1.05,79503.08,20718.72,42342.6,4327.13,12114.63,12114.63,0.0,0.0,conventional,2015,Spokane
39,2015-03-29,1.12,74999.31,36451.47,26800.47,2051.36,9696.01,9376.01,320.0,0.0,conventional,2015,Spokane
51,2015-01-04,1.0,84612.39,26607.29,44341.92,3660.64,10002.54,9556.06,446.48,0.0,conventional,2015,Spokane
2,2015-12-13,0.99,166083.52,64673.08,24481.09,71.71,76857.64,55878.32,20979.32,0.0,conventional,2015,StLouis
5,2015-11-22,1.15,134989.16,40115.68,27003.98,23.45,67846.05,60331.15,7514.9,0.0,conventional,2015,StLouis
20,2015-08-09,1.15,200794.99,92511.57,47874.46,230.92,60178.04,60173.56,0.0,4.48,conventional,2015,StLouis
23,2015-07-19,1.2,204464.92,99044.52,41712.52,56.2,63651.68,63651.68,0.0,0.0,conventional,2015,StLouis
26,2015-06-28,1.17,217234.17,107631.08,40137.34,54.82,69410.93,69371.63,39.3,0.0,conventional,2015,StLouis
38,2015-04-05,1.36,159461.64,77970.98,34544.71,67.97,46877.98,46762.42,115.56,0.0,conventional,2015,StLouis
47,2015-02-01,1.1,308371.9,209893.28,48651.4,59.1,49768.12,49768.12,0.0,0.0,conventional,2015,StLouis
30,2015-05-31,1.36,64839.58,744.02,34985.62,44.53,29065.41,29065.41,0.0,0.0,conventional,2015,Syracuse
31,2015-05-24,1.35,61584.26,559.81,34572.48,36.29,26415.68,26415.68,0.0,0.0,conventional,2015,Syracuse
35,2015-04-26,1.4,48811.05,768.09,23424.19,19.39,24599.38,24363.82,235.56,0.0,conventional,2015,Syracuse
5,2015-11-22,0.97,311784.91,194667.16,39338.15,57.68,77721.92,46934.42,30787.5,0.0,conventional,2015,Tampa
8,2015-11-01,0.97,391514.43,228324.13,72749.38,100.62,90340.3,44449.47,45890.83,0.0,conventional,2015,Tampa
22,2015-07-26,1.16,265367.52,133615.12,48153.33,115.96,83483.11,67480.1,16003.01,0.0,conventional,2015,Tampa
29,2015-06-07,0.97,433152.31,295793.0,35164.49,467.96,101726.86,65864.81,35862.05,0.0,conventional,2015,Tampa
41,2015-03-15,1.25,257172.84,173099.66,19983.36,62.96,64026.86,46495.52,17531.34,0.0,conventional,2015,Tampa
47,2015-02-01,0.92,562242.53,392037.18,53180.28,79.96,116945.11,50530.52,66414.59,0.0,conventional,2015,Tampa
24,2015-07-12,1.07,31660031.68,12384449.4,12403360.2,980361.75,5891860.33,5067198.34,796786.14,27875.85,conventional,2015,TotalUS
28,2015-06-14,0.98,37026085.75,16383685.07,12821015.03,1085081.61,6736304.04,5893641.72,822399.78,20262.54,conventional,2015,TotalUS
32,2015-05-17,1.06,32027686.15,14615941.59,11003341.22,963549.53,5444853.81,4747544.74,660983.55,36325.52,conventional,2015,TotalUS
47,2015-02-01,0.89,44655461.51,18933038.04,18956479.74,1381516.11,5384427.62,4216452.03,1121076.47,46899.12,conventional,2015,TotalUS
49,2015-01-18,1.03,29043458.85,11858139.34,11701947.8,831301.9,4652069.81,3873041.26,771093.2,7935.35,conventional,2015,TotalUS
8,2015-11-01,0.9,5024858.14,1815066.15,1937479.91,132883.59,1139428.49,717110.41,421675.08,643.0,conventional,2015,West
47,2015-02-01,0.84,8362504.08,3531350.44,3872672.0,80893.53,877588.11,705333.64,172154.91,99.56,conventional,2015,West
25,2015-07-05,0.78,913360.72,606650.91,123465.83,18233.51,165010.47,146199.35,18811.12,0.0,conventional,2015,WestTexNewMexico
51,2015-01-04,0.75,758118.95,426878.87,147958.43,15267.89,168013.76,165202.22,2811.54,0.0,conventional,2015,WestTexNewMexico
6,2016-11-13,1.62,63608.01,3523.63,49837.68,34.0,10212.7,9790.67,422.03,0.0,conventional,2016,Albany
51,2016-01-03,1.03,149038.15,939.71,139735.9,132.35,8230.19,8056.43,173.76,0.0,conventional,2016,Albany
2,2016-12-11,1.06,422026.71,186343.72,56200.04,171.64,179311.31,112574.78,66736.53,0.0,conventional,2016,Atlanta
14,2016-09-18,1.01,527700.95,233800.98,70931.17,132.15,222836.65,139748.72,82907.37,180.56,conventional,2016,Atlanta
18,2016-08-21,0.94,549139.07,293240.47,48349.86,82.91,207465.83,160464.82,47001.01,0.0,conventional,2016,Atlanta
17,2016-08-28,1.57,732545.7,72406.64,443668.36,15648.56,200822.14,194472.57,3978.68,2370.89,conventional,2016,BaltimoreWashington
20,2016-08-07,1.52,746493.74,71154.97,432956.75,28505.15,213876.87,210316.02,2285.85,1275.0,conventional,2016,BaltimoreWashington
25,2016-07-03,1.38,844337.61,63050.59,501970.38,50114.65,229201.99,214851.77,2969.08,11381.14,conventional,2016,BaltimoreWashington
36,2016-04-17,1.13,841839.93,59232.87,576827.09,15881.19,189898.78,185709.01,3034.21,1155.56,conventional,2016,BaltimoreWashington
42,2016-03-06,1.21,819706.7,62539.58,541218.77,21461.02,194487.33,191744.58,2742.75,0.0,conventional,2016,BaltimoreWashington
46,2016-02-07,1.1,966321.0,73754.24,621956.14,48009.43,222601.19,217666.76,4934.43,0.0,conventional,2016,BaltimoreWashington
4,2016-11-27,1.22,51941.45,23774.54,2187.17,5526.29,20453.45,20442.18,0.0,11.27,conventional,2016,Boise
10,2016-10-16,1.09,77804.54,35485.6,2006.71,6689.31,33622.92,32413.74,1197.89,11.29,conventional,2016,Boise
17,2016-08-28,0.99,78599.85,36837.75,1982.25,5918.5,33861.35,32151.54,1693.93,15.88,conventional,2016,Boise
31,2016-05-22,0.65,75996.51,32112.63,3221.12,2.65,40660.11,40606.62,35.29,18.2,conventional,2016,Boise
38,2016-04-03,0.82,97650.29,45952.69,5362.4,6316.0,40019.2,39916.37,94.75,8.08,conventional,2016,Boise
47,2016-01-31,0.94,83755.38,36196.35,4791.21,8440.95,34326.87,33947.26,46.78,332.83,conventional,2016,Boise
50,2016-01-10,0.93,89880.9,31802.36,8347.01,9065.03,40666.5,40584.43,16.94,65.13,conventional,2016,Boise
8,2016-10-30,1.67,376500.91,5542.76,304461.49,3787.66,62709.0,62705.31,3.69,0.0,conventional,2016,Boston
27,2016-06-19,1.32,649660.14,10851.29,456521.61,38655.07,143632.17,141650.87,141.3,1840.0,conventional,2016,Boston
31,2016-05-22,1.05,665086.17,4319.45,430580.52,81859.54,148326.66,146904.74,136.92,1285.0,conventional,2016,Boston
32,2016-05-15,1.06,709563.16,5790.13,517840.35,63055.48,122877.2,122533.87,198.89,144.44,conventional,2016,Boston
42,2016-03-06,1.1,600639.74,6153.04,434300.22,36352.99,123833.49,123551.47,282.02,0.0,conventional,2016,Boston
1,2016-12-18,1.36,85340.08,1276.16,52115.34,60.37,31888.21,29696.94,2191.27,0.0,conventional,2016,BuffaloRochester
9,2016-10-23,1.6,110744.71,1171.55,50973.9,78.19,58521.07,58521.07,0.0,0.0,conventional,2016,BuffaloRochester
11,2016-10-09,1.37,135059.42,1117.12,68716.59,112.39,65113.32,65113.32,0.0,0.0,conventional,2016,BuffaloRochester
37,2016-04-10,1.1,152123.92,1278.33,55802.4,53.93,94989.26,94766.21,113.33,109.72,conventional,2016,BuffaloRochester
38,2016-04-03,1.04,154802.0,1164.29,72025.38,18.55,81593.78,81542.67,51.11,0.0,conventional,2016,BuffaloRochester
43,2016-02-28,1.22,154057.74,1658.99,78720.64,36.18,73641.93,72861.93,780.0,0.0,conventional,2016,BuffaloRochester
0,2016-12-25,0.94,5414937.46,1579234.89,2192460.84,99997.75,1543243.98,1405419.8,99069.58,38754.6,conventional,2016,California
5,2016-11-20,1.32,4253815.59,1513797.4,1394929.07,93901.07,1251188.05,1161049.94,61429.08,28709.03,conventional,2016,California
8,2016-10-30,1.68,3139833.5,1126017.42,1186843.99,92064.47,734907.62,686375.28,25241.6,23290.74,conventional,2016,California
23,2016-07-17,1.14,6200613.68,2196723.33,2037093.61,278664.44,1688132.3,1563978.55,97434.91,26718.84,conventional,2016,California
49,2016-01-17,0.9,6000013.23,1653347.69,2336705.19,250106.17,1759854.18,1579233.6,162289.68,18330.9,conventional,2016,California
12,2016-10-02,1.48,178410.82,46364.75,52893.38,16736.92,62415.77,53332.61,8258.16,825.0,conventional,2016,Charlotte
22,2016-07-24,1.46,193909.36,34250.27,68516.18,26839.41,64303.5,57524.85,3346.43,3432.22,conventional,2016,Charlotte
32,2016-05-15,1.12,215807.01,31853.93,103793.02,17607.68,62552.38,51589.2,10963.18,0.0,conventional,2016,Charlotte
35,2016-04-24,1.12,217385.39,31821.2,106492.0,18456.31,60615.88,48775.07,10957.48,883.33,conventional,2016,Charlotte
36,2016-04-17,1.14,212440.76,37150.7,100814.92,17305.85,57169.29,50673.98,5886.98,608.33,conventional,2016,Charlotte
41,2016-03-13,1.05,236131.07,39325.69,111943.87,22961.75,61899.76,50889.7,11010.06,0.0,conventional,2016,Charlotte
50,2016-01-10,0.95,196216.36,21275.55,94804.67,29602.84,50533.3,42015.27,8518.03,0.0,conventional,2016,Charlotte
6,2016-11-13,1.82,436710.91,34384.62,265006.85,73021.81,64297.63,63465.65,593.89,238.09,conventional,2016,Chicago
21,2016-07-31,1.68,614939.39,38275.52,373205.75,97843.18,105614.94,104111.58,317.97,1185.39,conventional,2016,Chicago
24,2016-07-10,1.53,712080.66,52540.83,381030.54,150963.07,127546.22,118624.54,1894.09,7027.59,conventional,2016,Chicago
32,2016-05-15,1.04,930403.37,49039.58,609294.15,157984.71,114084.93,108571.35,4797.75,715.83,conventional,2016,Chicago
39,2016-03-27,0.9,865585.06,33748.25,600796.46,131467.33,99573.02,95288.6,4221.71,62.71,conventional,2016,Chicago
19,2016-08-14,1.03,274249.98,4691.0,125988.41,2661.69,140908.88,35321.59,105549.16,38.13,conventional,2016,CincinnatiDayton
26,2016-06-26,0.92,280229.89,4553.86,161667.16,9805.14,104203.73,24577.2,75549.11,4077.42,conventional,2016,CincinnatiDayton
38,2016-04-03,0.89,191169.34,3481.07,109917.36,10846.9,66924.01,13780.66,50468.58,2674.77,conventional,2016,CincinnatiDayton
6,2016-11-13,1.38,116814.65,52996.11,26129.41,1460.24,36228.89,34146.46,2082.43,0.0,conventional,2016,Columbus
7,2016-11-06,1.41,114207.94,55230.85,23397.14,1603.54,33976.41,32556.59,1419.82,0.0,conventional,2016,Columbus
25,2016-07-03,0.94,234975.32,118888.22,38361.79,6699.07,71026.24,62163.78,4656.27,4206.19,conventional,2016,Columbus
48,2016-01-24,0.89,213215.4,95511.64,43916.93,35349.8,38437.03,28562.22,4435.73,5439.08,conventional,2016,Columbus
51,2016-01-03,0.91,192774.07,86025.77,40616.88,32940.14,33191.28,18463.39,6208.46,8519.43,conventional,2016,Columbus
14,2016-09-18,0.8,1382358.0,649265.56,269041.4,2164.71,461886.33,454623.95,5993.16,1269.22,conventional,2016,DallasFtWorth
41,2016-03-13,0.78,1177309.05,647713.47,217853.54,118454.22,193287.82,178757.16,14527.08,3.58,conventional,2016,DallasFtWorth
45,2016-02-14,0.65,1358553.29,749745.24,306905.42,135347.78,166554.85,150047.23,14228.97,2278.65,conventional,2016,DallasFtWorth
2,2016-12-11,0.95,764135.24,110202.78,219903.74,11427.65,422601.07,303762.84,118838.23,0.0,conventional,2016,Denver
40,2016-03-20,0.73,1005859.79,138938.88,360370.27,10950.53,495600.11,46784.27,448815.84,0.0,conventional,2016,Denver
42,2016-03-06,0.98,671667.78,145893.9,242906.02,18706.34,264161.52,47418.17,216743.35,0.0,conventional,2016,Denver
47,2016-01-31,0.8,892702.46,167669.42,270481.63,27489.66,427061.75,45613.25,381448.5,0.0,conventional,2016,Denver
49,2016-01-17,0.66,1245174.24,118599.67,403009.94,31009.77,692554.86,43026.58,649528.28,0.0,conventional,2016,Denver
1,2016-12-18,1.05,298755.3,82536.6,85859.26,10805.16,119554.28,117398.2,2071.85,84.23,conventional,2016,Detroit
14,2016-09-18,1.1,320748.32,105595.83,53981.52,8602.38,152568.59,147793.11,4601.38,174.1,conventional,2016,Detroit
17,2016-08-28,1.01,353420.52,123353.98,54190.11,10761.35,165115.08,164229.27,533.04,352.77,conventional,2016,Detroit
18,2016-08-21,1.15,316859.74,121469.45,53707.3,13151.78,128531.21,127061.88,108.89,1360.44,conventional,2016,Detroit
25,2016-07-03,1.17,336701.66,127175.1,42029.92,37960.27,129536.37,113573.12,2084.25,13879.0,conventional,2016,Detroit
27,2016-06-19,1.0,442961.17,149055.97,60807.9,75225.17,157872.13,130698.09,1731.45,25442.59,conventional,2016,Detroit
38,2016-04-03,1.02,335108.11,121653.22,33903.57,72329.16,107222.16,65916.23,27480.29,13825.64,conventional,2016,Detroit
9,2016-10-23,1.72,100904.77,1234.72,64735.86,3120.36,31813.83,26017.7,5758.25,37.88,conventional,2016,GrandRapids
11,2016-10-09,1.62,116477.56,1531.38,67528.39,3408.67,44009.12,39395.64,4580.81,32.67,conventional,2016,GrandRapids
23,2016-07-17,1.58,146730.62,2136.76,69205.5,24890.18,50498.18,38583.22,3582.14,8332.82,conventional,2016,GrandRapids
35,2016-04-24,1.07,181857.18,2001.47,113325.77,3088.37,63441.57,55324.04,8087.07,30.46,conventional,2016,GrandRapids
21,2016-07-31,1.34,3013426.04,448128.25,1374844.51,207792.14,982661.14,742994.62,212638.07,27028.45,conventional,2016,GreatLakes
28,2016-06-12,1.15,3443333.94,593779.04,1519607.27,285261.84,1044685.79,858070.55,135926.11,50689.13,conventional,2016,GreatLakes
47,2016-01-31,1.04,3330752.29,496596.01,1762047.32,422063.61,650045.35,443401.36,158608.4,48035.59,conventional,2016,GreatLakes
3,2016-12-04,1.4,172416.11,27161.44,93528.53,71.39,51654.75,50780.22,800.92,73.61,conventional,2016,HarrisburgScranton
9,2016-10-23,1.6,195809.34,35724.11,99575.79,113.66,60395.78,60146.33,186.95,62.5,conventional,2016,HarrisburgScranton
11,2016-10-09,1.42,219089.52,43010.81,111487.02,218.09,64373.6,63388.04,985.56,0.0,conventional,2016,HarrisburgScranton
28,2016-06-12,1.24,250231.06,43253.79,114426.76,124.76,92425.75,85233.81,1541.94,5650.0,conventional,2016,HarrisburgScranton
42,2016-03-06,1.17,240849.91,40527.53,130174.89,211.56,69935.93,68304.7,1631.23,0.0,conventional,2016,HarrisburgScranton
44,2016-02-21,1.15,235440.15,33667.84,136616.59,158.14,64997.58,62779.7,2217.88,0.0,conventional,2016,HarrisburgScranton
14,2016-09-18,1.51,233869.17,37691.02,130354.21,132.81,65691.13,64310.17,1375.96,5.0,conventional,2016,HartfordSpringfield
15,2016-09-11,1.22,364052.46,84826.25,225724.26,197.17,53304.78,52152.39,1137.39,15.0,conventional,2016,HartfordSpringfield
33,2016-05-08,0.86,522565.33,6157.76,449501.24,436.34,66469.99,64704.02,1765.97,0.0,conventional,2016,HartfordSpringfield
41,2016-03-13,1.3,315394.32,4317.14,253676.96,179.09,57221.13,56230.93,990.2,0.0,conventional,2016,HartfordSpringfield
47,2016-01-31,1.12,390134.81,5276.3,322397.86,255.75,62204.9,59996.16,2208.74,0.0,conventional,2016,HartfordSpringfield
9,2016-10-23,1.0,777847.84,371566.37,145059.25,2488.59,258733.63,197398.04,61335.59,0.0,conventional,2016,Houston
37,2016-04-10,0.7,1271741.46,757578.32,188936.32,151966.39,173260.43,117792.84,50449.53,5018.06,conventional,2016,Houston
44,2016-02-21,0.8,966990.9,566062.35,200934.84,90645.64,109348.07,64626.95,38634.45,6086.67,conventional,2016,Houston
4,2016-11-27,1.34,103728.7,8422.19,43655.05,1231.47,50419.99,26198.63,24221.36,0.0,conventional,2016,Indianapolis
48,2016-01-24,0.93,168035.39,1803.73,93613.73,23023.47,49594.46,23374.52,21450.63,4769.31,conventional,2016,Indianapolis
50,2016-01-10,1.0,173238.2,4590.25,101117.07,18454.86,49076.02,25431.42,20246.87,3397.73,conventional,2016,Indianapolis
0,2016-12-25,0.81,187804.02,70779.81,31213.64,208.24,85602.33,30893.35,54708.98,0.0,conventional,2016,Jacksonville
4,2016-11-27,1.36,111672.0,32944.9,18661.82,94.55,59970.73,19808.01,40162.72,0.0,conventional,2016,Jacksonville
9,2016-10-23,1.35,119840.12,42784.97,22755.49,212.19,54087.47,11698.99,42388.48,0.0,conventional,2016,Jacksonville
12,2016-10-02,1.31,159576.97,54429.42,29513.01,93.83,75540.71,23304.77,52235.94,0.0,conventional,2016,Jacksonville
39,2016-03-27,1.06,158322.64,70255.18,27911.77,402.32,59753.37,19304.31,40449.06,0.0,conventional,2016,Jacksonville
46,2016-02-07,0.54,369757.62,191441.47,57532.08,594.02,120190.05,53302.46,66879.47,8.12,conventional,2016,Jacksonville
38,2016-04-03,0.84,298710.72,158984.19,62625.8,6877.48,70223.25,47115.04,23108.21,0.0,conventional,2016,LasVegas
41,2016-03-13,0.79,344613.01,130879.58,109512.41,6824.1,97396.92,41534.49,55862.43,0.0,conventional,2016,LasVegas
42,2016-03-06,0.91,311402.83,139919.03,86200.19,6809.69,78473.92,51367.6,27106.32,0.0,conventional,2016,LasVegas
48,2016-01-24,1.08,158978.46,9727.38,81835.15,6141.39,61274.54,44326.23,16948.31,0.0,conventional,2016,LasVegas
39,2016-03-27,0.73,3467762.25,982736.16,836002.09,94366.38,1554657.62,1349458.59,185190.21,20008.82,conventional,2016,LosAngeles
41,2016-03-13,0.79,2987393.94,767298.16,657175.2,96884.94,1466035.64,1318493.96,129444.42,18097.26,conventional,2016,LosAngeles
47,2016-01-31,0.74,3197788.06,1004134.51,721988.78,75111.71,1396553.06,1288253.52,94240.24,14059.3,conventional,2016,LosAngeles
6,2016-11-13,1.34,64958.65,1469.38,30443.81,215.13,32830.33,11501.96,21328.37,0.0,conventional,2016,Louisville
9,2016-10-23,1.23,75593.36,1616.09,37427.37,314.87,36235.03,10839.29,25395.74,0.0,conventional,2016,Louisville
20,2016-08-07,1.3,80997.55,3573.85,53453.99,1058.22,22911.49,13895.19,8739.63,276.67,conventional,2016,Louisville
27,2016-06-19,1.09,98289.94,2648.74,54424.22,5024.82,36192.16,13083.05,19034.42,4074.69,conventional,2016,Louisville
28,2016-06-12,1.16,84926.73,5365.6,50561.08,2495.61,26504.44,14528.1,9635.97,2340.37,conventional,2016,Louisville
36,2016-04-17,0.92,95475.44,2120.86,55695.58,9698.99,27960.01,12091.67,13959.35,1908.99,conventional,2016,Louisville
39,2016-03-27,0.89,120080.36,1969.51,74446.68,6188.82,37475.35,12424.3,23482.95,1568.1,conventional,2016,Louisville
42,2016-03-06,1.02,88102.95,2028.6,49580.73,8998.16,27495.46,12369.98,12597.32,2528.16,conventional,2016,Louisville
44,2016-02-21,0.86,114817.03,2368.19,75573.8,2285.79,34589.25,10663.72,23456.23,469.3,conventional,2016,Louisville
2,2016-12-11,1.39,446139.65,177620.99,97259.69,159.53,171099.44,67684.21,103274.95,140.28,conventional,2016,MiamiFtLauderdale
5,2016-11-20,1.52,461236.74,179988.4,102113.0,44.24,179091.1,70029.31,109061.79,0.0,conventional,2016,MiamiFtLauderdale
17,2016-08-28,1.22,558828.81,290432.64,131832.78,259.19,136304.2,86796.76,48344.38,1163.06,conventional,2016,MiamiFtLauderdale
18,2016-08-21,1.23,565825.46,296954.65,128877.47,95.35,139897.99,82057.39,51085.6,6755.0,conventional,2016,MiamiFtLauderdale
25,2016-07-03,0.96,868986.46,479975.64,184172.52,129.62,204708.68,95020.96,92318.0,17369.72,conventional,2016,MiamiFtLauderdale
41,2016-03-13,0.88,799992.86,399729.47,176357.78,181.05,223724.56,49544.91,174179.65,0.0,conventional,2016,MiamiFtLauderdale
49,2016-01-17,1.2,430079.07,276253.48,62106.53,292.47,91426.59,61025.39,30401.2,0.0,conventional,2016,MiamiFtLauderdale
2,2016-12-11,1.15,2339977.39,574106.6,862587.29,39178.61,864104.89,700661.19,158716.0,4727.7,conventional,2016,Midsouth
24,2016-07-10,1.19,3221650.74,607742.57,1498358.41,198307.05,917242.71,753805.95,84303.2,79133.56,conventional,2016,Midsouth
6,2016-11-13,1.39,141387.19,59293.41,13161.11,181.78,68750.89,56865.21,10715.68,1170.0,conventional,2016,Nashville
33,2016-05-08,0.88,212720.44,114895.39,26341.65,745.9,70737.5,51755.7,18956.39,25.41,conventional,2016,Nashville
41,2016-03-13,0.87,188478.21,91631.74,32085.32,5965.84,58795.31,27726.02,31069.29,0.0,conventional,2016,Nashville
7,2016-11-06,1.49,183542.31,98949.98,22891.61,95.0,61605.72,43571.99,17499.01,534.72,conventional,2016,NewOrleansMobile
8,2016-10-30,1.48,163510.83,71230.82,22081.11,373.58,69825.32,43587.37,16789.62,9448.33,conventional,2016,NewOrleansMobile
17,2016-08-28,1.02,309238.91,171213.5,49486.31,363.52,88175.58,64573.67,16041.91,7560.0,conventional,2016,NewOrleansMobile
34,2016-05-01,0.58,564738.86,341116.17,60230.81,1500.12,161891.76,118421.93,43469.83,0.0,conventional,2016,NewOrleansMobile
42,2016-03-06,0.97,267953.78,150786.3,27025.48,565.65,89576.35,74664.71,14911.64,0.0,conventional,2016,NewOrleansMobile
5,2016-11-20,1.59,1093097.04,16970.61,732069.33,2999.16,341057.94,303438.25,35803.02,1816.67,conventional,2016,NewYork
22,2016-07-24,1.68,1180373.67,14628.74,650141.77,22932.6,492670.56,466170.19,21057.43,5442.94,conventional,2016,NewYork
30,2016-05-29,1.08,1827100.26,19729.58,1354634.86,24551.86,428183.96,357118.51,70667.12,398.33,conventional,2016,NewYork
51,2016-01-03,1.07,1454164.32,16972.91,1192875.91,1462.15,242853.35,205535.79,37308.73,8.83,conventional,2016,NewYork
20,2016-08-07,1.47,4024822.13,304604.68,2245559.82,59915.16,1414742.47,1335096.5,58406.29,21239.68,conventional,2016,Northeast
31,2016-05-22,1.14,4609250.24,104014.01,3018204.18,219221.82,1267810.23,1193559.27,60109.83,14141.13,conventional,2016,Northeast
35,2016-04-24,1.13,4815249.22,125736.57,3366389.1,142677.6,1180445.95,1087631.09,90193.01,2621.85,conventional,2016,Northeast
36,2016-04-17,1.12,3849051.4,105339.58,2415296.29,102786.85,1225628.68,1115346.23,108151.38,2131.07,conventional,2016,Northeast
37,2016-04-10,1.09,3756625.12,113797.04,2340135.2,164663.65,1138029.23,1070178.97,64699.95,3150.31,conventional,2016,Northeast
51,2016-01-03,1.07,4524219.73,96146.84,3588931.66,53765.74,785375.49,731458.46,52073.39,1843.64,conventional,2016,Northeast
7,2016-11-06,1.47,242666.87,10727.78,179547.81,2261.03,50130.25,50130.25,0.0,0.0,conventional,2016,NorthernNewEngland
25,2016-07-03,1.29,525917.26,78903.78,321186.45,14095.91,111731.12,102068.55,7.57,9655.0,conventional,2016,NorthernNewEngland
32,2016-05-15,1.07,443517.22,3333.83,314998.46,47340.47,77844.46,77840.76,3.7,0.0,conventional,2016,NorthernNewEngland
33,2016-05-08,0.97,546838.34,3368.77,370026.96,55130.63,118311.98,118297.2,14.78,0.0,conventional,2016,NorthernNewEngland
42,2016-03-06,1.08,405931.49,4140.63,303581.5,26686.24,71523.12,71471.61,51.51,0.0,conventional,2016,NorthernNewEngland
43,2016-02-28,1.1,387149.69,4257.34,288178.36,26834.63,67879.36,67323.1,556.26,0.0,conventional,2016,NorthernNewEngland
21,2016-07-31,1.24,320002.63,137791.44,80412.78,90.9,101707.51,59130.82,33276.69,9300.0,conventional,2016,Orlando
27,2016-06-19,0.97,454278.32,238794.08,98795.35,250.15,116438.74,52416.59,52961.59,11060.56,conventional,2016,Orlando
29,2016-06-05,0.97,448117.51,262311.0,71419.85,231.9,114154.76,45382.8,58692.8,10079.16,conventional,2016,Orlando
39,2016-03-27,1.06,311571.85,152991.07,56406.32,62.9,102111.56,45393.81,56717.75,0.0,conventional,2016,Orlando
17,2016-08-28,1.49,418742.8,21609.9,200120.82,13529.45,183482.63,171925.6,10097.85,1459.18,conventional,2016,Philadelphia
38,2016-04-03,1.28,370753.84,17215.14,231664.58,409.68,121464.44,112323.24,9141.2,0.0,conventional,2016,Philadelphia
3,2016-12-04,0.63,1164027.22,731182.01,187418.51,11915.51,233511.19,117120.79,115108.46,1281.94,conventional,2016,PhoenixTucson
24,2016-07-10,0.89,995347.5,485473.19,213070.45,11651.42,285152.44,149012.51,135677.43,462.5,conventional,2016,PhoenixTucson
48,2016-01-24,0.61,1016720.53,537695.71,293418.02,15408.83,170197.97,88066.62,82131.35,0.0,conventional,2016,PhoenixTucson
33,2016-05-08,0.89,144813.19,1847.76,97359.37,2818.47,42787.59,24483.43,18304.16,0.0,conventional,2016,Pittsburgh
34,2016-05-01,0.92,169483.29,1981.15,114448.24,2935.24,50118.66,35865.31,14253.35,0.0,conventional,2016,Pittsburgh
44,2016-02-21,1.03,1672884.28,784111.14,499720.63,24200.11,364852.4,325916.64,37205.76,1730.0,conventional,2016,Plains
51,2016-01-03,0.94,2171818.57,999388.89,840637.85,19331.34,312460.49,291734.88,19418.04,1307.57,conventional,2016,Plains
8,2016-10-30,1.4,407047.88,70232.8,109965.98,15009.27,211839.83,207419.82,4075.8,344.21,conventional,2016,Portland
11,2016-10-09,1.08,598035.57,107796.99,124430.54,15502.77,350305.27,284345.95,65755.98,203.34,conventional,2016,Portland
25,2016-07-03,0.98,728681.01,162120.67,189257.93,20839.47,356462.94,355095.8,1172.96,194.18,conventional,2016,Portland
40,2016-03-20,0.94,556500.49,89989.82,177624.19,17767.12,271119.36,269468.42,1435.24,215.7,conventional,2016,Portland
41,2016-03-13,0.79,750735.4,89366.15,223410.75,19425.0,418533.5,415276.73,2895.31,361.46,conventional,2016,Portland
50,2016-01-10,0.88,731602.32,100449.51,241994.09,20422.92,368735.8,363944.46,4247.82,543.52,conventional,2016,Portland
11,2016-10-09,1.39,254093.87,85813.34,67026.7,20238.33,81015.5,77169.19,3278.25,568.06,conventional,2016,RaleighGreensboro
13,2016-09-25,1.35,255043.21,88405.04,70494.6,15699.74,80443.83,77829.34,2614.49,0.0,conventional,2016,RaleighGreensboro
23,2016-07-17,1.28,279442.6,47084.06,109983.48,29372.59,93002.47,82748.32,685.82,9568.33,conventional,2016,RaleighGreensboro
30,2016-05-29,1.18,295356.64,56828.31,118782.19,41393.05,78353.09,77273.37,834.72,245.0,conventional,2016,RaleighGreensboro
3,2016-12-04,1.18,183871.72,82393.63,49249.33,2714.51,49514.25,49474.25,40.0,0.0,conventional,2016,RichmondNorfolk
10,2016-10-16,1.28,203089.29,75896.57,67555.19,4957.43,54680.1,53622.78,1057.32,0.0,conventional,2016,RichmondNorfolk
28,2016-06-12,0.96,280191.2,83555.77,108482.44,15693.42,72459.57,69331.2,158.37,2970.0,conventional,2016,RichmondNorfolk
44,2016-02-21,0.98,214625.59,57431.41,101387.49,5839.55,49967.14,46939.94,3027.2,0.0,conventional,2016,RichmondNorfolk
0,2016-12-25,1.16,103804.48,27393.26,28263.18,95.33,48052.71,47522.99,529.72,0.0,conventional,2016,Roanoke
13,2016-09-25,1.07,142130.59,50868.03,39269.6,116.89,51876.07,51504.04,372.03,0.0,conventional,2016,Roanoke
45,2016-02-14,0.9,159758.46,47759.39,55674.85,185.96,56138.26,52052.28,4085.98,0.0,conventional,2016,Roanoke
13,2016-09-25,1.34,420076.53,135264.64,230423.89,3263.5,51124.5,46655.82,704.79,3763.89,conventional,2016,Sacramento
14,2016-09-18,1.39,407813.86,124962.88,234689.88,3771.58,44389.52,40849.27,1176.91,2363.34,conventional,2016,Sacramento
21,2016-07-31,1.4,466095.04,140605.4,255278.9,16262.28,53948.46,53547.82,10.36,390.28,conventional,2016,Sacramento
26,2016-06-26,1.25,464446.2,147821.55,228939.76,20249.04,67435.85,66812.24,0.0,623.61,conventional,2016,Sacramento
27,2016-06-19,1.2,508036.18,157354.92,276855.96,18508.95,55316.35,54341.35,0.0,975.0,conventional,2016,Sacramento
38,2016-04-03,0.9,527115.47,165482.1,148671.87,25760.64,187200.86,136889.73,50311.13,0.0,conventional,2016,SanDiego
42,2016-03-06,0.81,627397.71,160581.05,156090.46,22297.72,288428.48,218488.21,69940.27,0.0,conventional,2016,SanDiego
31,2016-05-22,1.31,817923.28,247488.87,416811.55,70753.98,82868.88,80974.56,945.43,948.89,conventional,2016,SanFrancisco
33,2016-05-08,1.06,961334.65,259594.33,569011.84,49424.67,83303.81,80879.28,885.92,1538.61,conventional,2016,SanFrancisco
38,2016-04-03,1.12,849739.84,166177.24,546227.92,54166.57,83168.11,82300.09,842.81,25.21,conventional,2016,SanFrancisco
42,2016-03-06,1.29,817240.38,217965.57,441193.39,62391.95,95689.47,94788.57,797.45,103.45,conventional,2016,SanFrancisco
3,2016-12-04,1.09,304040.1,122448.61,64899.79,3039.45,113652.25,56900.14,56728.78,23.33,conventional,2016,SouthCarolina
10,2016-10-16,1.3,281240.11,117958.34,64027.95,6111.89,93141.93,49717.85,43424.08,0.0,conventional,2016,SouthCarolina
19,2016-08-14,1.11,389639.12,198569.92,67082.24,10231.05,113755.91,86861.67,26894.24,0.0,conventional,2016,SouthCarolina
22,2016-07-24,1.18,336673.77,143275.08,81763.6,15147.97,96487.12,71699.09,22356.92,2431.11,conventional,2016,SouthCarolina
33,2016-05-08,0.82,504149.45,216508.21,132765.13,6506.62,148369.49,95500.81,52832.8,35.88,conventional,2016,SouthCarolina
46,2016-02-07,0.69,593759.78,307135.68,151185.73,13083.51,122354.86,61003.56,61340.53,10.77,conventional,2016,SouthCarolina
0,2016-12-25,0.79,5630041.84,2676152.87,1320133.68,20052.89,1613702.4,1288631.84,301809.49,23261.07,conventional,2016,SouthCentral
3,2016-12-04,0.76,5584114.56,3146435.87,1023317.43,18795.24,1395566.02,1039669.75,344663.64,11232.63,conventional,2016,SouthCentral
9,2016-10-23,1.09,4477594.56,2043310.73,1016610.9,20588.09,1397084.84,1228547.91,140925.06,27611.87,conventional,2016,SouthCentral
26,2016-06-26,0.89,6046264.46,3148031.62,995499.7,425639.83,1477093.31,1226901.91,190503.41,59687.99,conventional,2016,SouthCentral
34,2016-05-01,0.71,6953488.71,3400699.04,1559296.24,398632.2,1594861.23,1215673.04,368204.58,10983.61,conventional,2016,SouthCentral
3,2016-12-04,0.99,3941512.2,1481392.35,851643.42,5133.86,1603342.57,644607.27,957516.13,1219.17,conventional,2016,Southeast
24,2016-07-10,1.1,3646868.94,1599856.44,848789.03,29960.26,1168263.21,785436.82,322739.72,60086.67,conventional,2016,Southeast
36,2016-04-17,1.01,3673260.93,1705009.13,779184.92,8860.76,1180206.12,556254.94,622049.37,1901.81,conventional,2016,Southeast
0,2016-12-25,1.15,69054.97,13134.96,22888.68,43.42,32987.91,32946.57,13.33,28.01,conventional,2016,Spokane
7,2016-11-06,1.48,61365.68,11311.99,21354.23,20.15,28679.31,28639.4,4.5,35.41,conventional,2016,Spokane
16,2016-09-04,1.12,83575.85,27414.8,15403.74,1519.26,39238.05,39194.32,17.17,26.56,conventional,2016,Spokane
18,2016-08-21,1.09,87249.43,27169.12,14030.13,2000.73,44049.45,44033.76,8.51,7.18,conventional,2016,Spokane
42,2016-03-06,0.91,101869.42,23603.78,22577.01,3132.45,52556.18,52480.19,59.31,16.68,conventional,2016,Spokane
5,2016-11-20,1.29,99930.79,40938.28,8785.62,86.33,50120.56,35284.71,14835.85,0.0,conventional,2016,StLouis
45,2016-02-14,0.98,165070.79,55935.83,21668.85,16.24,87449.87,69046.57,18403.3,0.0,conventional,2016,StLouis
1,2016-12-18,1.42,42029.51,770.8,28068.62,5.0,13185.09,12270.19,908.23,6.67,conventional,2016,Syracuse
3,2016-12-04,1.64,50831.37,796.48,42942.66,4.0,7088.23,6841.52,149.49,97.22,conventional,2016,Syracuse
21,2016-07-31,1.6,68311.05,1970.63,47609.54,10.23,18720.65,18175.65,0.0,545.0,conventional,2016,Syracuse
25,2016-07-03,1.37,85205.46,1970.63,47537.91,1.25,35695.67,32830.67,0.0,2865.0,conventional,2016,Syracuse
30,2016-05-29,1.36,82173.8,1259.66,52293.06,435.86,28185.22,27875.22,0.0,310.0,conventional,2016,Syracuse
6,2016-11-13,1.38,323761.18,124544.12,69065.25,148.09,130003.72,63858.93,66144.79,0.0,conventional,2016,Tampa
12,2016-10-02,1.45,323324.31,123390.79,72977.08,250.23,126706.21,63736.85,62969.36,0.0,conventional,2016,Tampa
18,2016-08-21,1.14,390053.1,175344.71,100775.54,48.58,113884.27,80157.7,27826.57,5900.0,conventional,2016,Tampa
30,2016-05-29,0.96,532427.02,287990.69,117845.05,172.19,126419.09,63311.97,57550.46,5556.66,conventional,2016,Tampa
33,2016-05-08,0.92,493628.61,238892.93,96504.07,163.0,158068.61,81108.34,76960.27,0.0,conventional,2016,Tampa
45,2016-02-14,1.0,329879.07,160675.05,76135.86,78.63,92989.53,56730.92,36258.61,0.0,conventional,2016,Tampa
50,2016-01-10,0.85,519360.29,250745.95,88162.17,131.61,180320.56,70164.37,110156.19,0.0,conventional,2016,Tampa
51,2016-01-03,1.07,375548.86,226406.25,46447.87,133.9,102560.84,69223.85,33336.99,0.0,conventional,2016,Tampa
23,2016-07-17,1.15,32656123.63,10320463.27,10628872.6,953631.47,10753156.29,8737861.29,1624816.27,390478.73,conventional,2016,TotalUS
42,2016-03-06,0.95,35064506.04,11824154.63,12196587.24,1686475.33,9357288.84,7502570.03,1747903.69,106815.12,conventional,2016,TotalUS
43,2016-02-28,0.91,36801817.68,11907394.72,13210854.56,1560167.75,10123400.65,7251666.99,2802238.74,69494.92,conventional,2016,TotalUS
44,2016-02-21,0.94,32804733.22,10015825.13,12003751.56,1375260.47,9409896.06,7213492.61,2150749.43,45654.02,conventional,2016,TotalUS
0,2016-12-25,0.92,5720079.58,1951252.95,1240717.89,114035.0,2414073.74,1681100.98,731388.25,1584.51,conventional,2016,West
4,2016-11-27,1.09,4187550.98,1525325.69,938768.71,86789.7,1636666.88,1068035.07,565542.44,3089.37,conventional,2016,West
12,2016-10-02,1.03,6079587.47,1560246.5,1206950.63,110878.4,3201511.94,1755945.22,1442472.3,3094.42,conventional,2016,West
16,2016-09-04,0.92,6676702.06,2858767.17,1348831.14,111324.84,2357778.91,1344665.71,1012172.25,940.95,conventional,2016,West
41,2016-03-13,0.81,6725483.24,2302275.93,1773673.19,179006.49,2470527.63,1608842.43,860619.11,1066.09,conventional,2016,West
49,2016-01-17,0.81,7221572.36,2091961.92,2079267.92,181519.92,2868822.6,1515056.35,1352291.24,1475.01,conventional,2016,West
3,2016-12-04,0.85,699171.51,353339.84,66386.39,10869.1,268576.18,105842.68,162657.94,75.56,conventional,2016,WestTexNewMexico
20,2016-08-07,0.95,816529.48,500097.71,81237.11,15436.45,219758.21,152300.82,67457.39,0.0,conventional,2016,WestTexNewMexico
37,2016-04-10,0.77,897755.55,567763.55,128899.01,32940.56,168152.43,97395.82,70756.61,0.0,conventional,2016,WestTexNewMexico
48,2016-01-24,1.12,296402.96,45720.39,99167.08,16034.41,135481.08,94434.3,24812.34,16234.44,conventional,2016,WestTexNewMexico
1,2017-12-24,1.45,77039.09,2811.71,58592.23,19.06,15616.09,6863.18,8752.91,0.0,conventional,2017,Albany
9,2017-10-29,1.67,69432.23,2959.76,57585.49,57.94,8829.04,5050.91,3778.13,0.0,conventional,2017,Albany
42,2017-03-12,1.54,95713.29,2046.8,67162.63,89.32,26414.54,10990.08,15424.46,0.0,conventional,2017,Albany
51,2017-01-08,1.55,91728.18,3355.47,75641.23,56.91,12674.57,12606.67,67.9,0.0,conventional,2017,Albany
14,2017-09-24,1.5,403780.43,222498.3,45024.88,34.48,136222.77,88241.47,47954.41,26.89,conventional,2017,Atlanta
20,2017-08-13,1.37,534058.7,251178.4,62180.62,64.99,220634.69,148972.21,66092.48,5570.0,conventional,2017,Atlanta
45,2017-02-19,0.86,563018.6,279494.45,52644.02,133.35,230746.78,171819.03,55459.69,3468.06,conventional,2017,Atlanta
14,2017-09-24,1.59,676498.82,58682.06,451995.87,4487.7,161333.19,158072.68,3260.51,0.0,conventional,2017,BaltimoreWashington
20,2017-08-13,1.48,697320.96,61461.48,431018.65,5629.49,199211.34,186157.57,8884.88,4168.89,conventional,2017,BaltimoreWashington
24,2017-07-16,1.48,670476.49,64407.19,415327.9,5640.71,185100.69,177112.27,886.2,7102.22,conventional,2017,BaltimoreWashington
38,2017-04-09,1.64,738255.19,71187.86,438985.9,6568.37,221513.06,218334.47,2510.53,668.06,conventional,2017,BaltimoreWashington
27,2017-06-25,1.2,95071.28,41340.98,3573.62,7667.69,42488.99,42360.01,52.46,76.52,conventional,2017,Boise
30,2017-06-04,1.19,98460.27,42302.58,3757.52,7950.05,44450.12,44427.36,11.47,11.29,conventional,2017,Boise
34,2017-05-07,1.09,121483.27,60550.46,3285.18,9701.89,47945.74,45880.43,2055.34,9.97,conventional,2017,Boise
42,2017-03-12,0.98,112776.1,33062.31,9415.52,9975.45,60322.82,58419.56,1777.12,126.14,conventional,2017,Boise
46,2017-02-12,0.98,97785.46,41600.65,4101.11,9261.32,42822.38,41656.91,1141.72,23.75,conventional,2017,Boise
13,2017-10-01,1.62,482271.83,14889.71,366122.85,1797.71,99461.56,71620.46,27841.1,0.0,conventional,2017,Boston
18,2017-08-27,1.79,455915.26,7262.03,319717.74,1534.57,127400.92,89674.49,36986.43,740.0,conventional,2017,Boston
25,2017-07-09,1.69,560021.69,8735.91,464670.36,3962.9,82652.52,75760.19,4052.33,2840.0,conventional,2017,Boston
30,2017-06-04,1.73,590580.03,5139.73,460653.96,3075.67,121710.67,115907.4,5366.6,436.67,conventional,2017,Boston
33,2017-05-14,1.62,610348.46,5152.68,448442.71,3462.02,153291.05,146852.13,6280.59,158.33,conventional,2017,Boston
36,2017-04-23,1.63,520793.48,9577.17,382449.77,3293.6,125472.94,104839.16,20633.78,0.0,conventional,2017,Boston
37,2017-04-16,1.61,592049.78,7319.25,437483.37,3589.29,143657.87,124789.29,17115.8,1752.78,conventional,2017,Boston
43,2017-03-05,1.3,620307.93,9208.87,529716.12,5832.2,75550.74,75014.84,535.9,0.0,conventional,2017,Boston
7,2017-11-12,1.37,118434.0,10402.0,55305.0,48.0,52678.0,45324.0,7354.0,0.0,conventional,2017,BuffaloRochester
12,2017-10-08,1.49,102625.05,25376.77,31576.96,38.61,45632.71,25278.83,20353.88,0.0,conventional,2017,BuffaloRochester
22,2017-07-30,1.32,146069.4,1769.04,65452.36,40.32,78807.68,76952.12,592.23,1263.33,conventional,2017,BuffaloRochester
27,2017-06-25,1.46,115902.44,1954.58,77254.88,59.58,36633.4,32337.84,945.56,3350.0,conventional,2017,BuffaloRochester
40,2017-03-26,1.53,156787.69,2184.26,67000.84,53.28,87549.31,86727.99,821.32,0.0,conventional,2017,BuffaloRochester
42,2017-03-12,1.48,165974.96,1457.31,85677.37,28.0,78812.28,56757.21,22055.07,0.0,conventional,2017,BuffaloRochester
43,2017-03-05,1.68,140468.86,1420.89,75283.75,46.33,63717.89,63652.74,65.15,0.0,conventional,2017,BuffaloRochester
46,2017-02-12,1.56,135286.7,1773.3,71050.71,110.87,62351.82,58032.13,4319.69,0.0,conventional,2017,BuffaloRochester
11,2017-10-15,1.68,4066640.98,1348029.41,1699672.65,137027.4,881911.52,822315.27,22733.62,36862.63,conventional,2017,California
16,2017-09-10,1.71,4380657.13,1677368.14,1599511.35,141899.49,961878.15,904618.47,19579.65,37680.03,conventional,2017,California
20,2017-08-13,1.26,5862368.39,2346710.99,2079376.28,190313.03,1245968.09,1160556.19,32819.18,52592.72,conventional,2017,California
26,2017-07-02,1.28,6607292.61,2527123.67,1942683.02,224121.48,1913364.44,1844798.2,4337.49,64228.75,conventional,2017,California
31,2017-05-28,1.32,6160751.92,2307940.04,1793496.44,153502.24,1905813.2,1829396.11,3223.85,73193.24,conventional,2017,California
36,2017-04-23,1.26,5637299.78,2027854.71,1521895.03,162006.91,1925543.13,1849562.53,6322.77,69657.83,conventional,2017,California
47,2017-02-05,0.67,11213596.29,3986429.59,3550403.07,214137.93,3462625.7,3403581.49,7838.83,51205.38,conventional,2017,California
3,2017-12-10,1.02,277528.93,58726.14,60515.61,4428.39,153858.79,146050.48,7808.31,0.0,conventional,2017,Charlotte
49,2017-01-22,1.18,247754.7,42582.24,116159.86,20382.32,68630.28,54562.88,14067.4,0.0,conventional,2017,Charlotte
11,2017-10-15,2.11,546055.57,89191.92,288024.23,93956.96,74882.46,69716.43,5164.92,1.11,conventional,2017,Chicago
26,2017-07-02,1.45,943746.5,128743.48,534893.06,149582.02,130527.94,128738.67,327.15,1462.12,conventional,2017,Chicago
35,2017-04-30,1.62,787324.19,81817.28,498579.75,125905.46,81021.7,72854.76,2421.11,5745.83,conventional,2017,Chicago
44,2017-02-26,1.61,674827.05,52553.89,442525.98,110938.64,68808.54,62915.36,1403.34,4489.84,conventional,2017,Chicago
8,2017-11-05,1.01,320427.23,4581.41,121602.23,862.16,193381.43,19496.38,173702.6,182.45,conventional,2017,CincinnatiDayton
20,2017-08-13,1.34,261153.8,4609.64,92313.29,1103.12,163127.75,21883.1,140667.78,576.87,conventional,2017,CincinnatiDayton
26,2017-07-02,0.79,336087.28,3711.44,101205.94,1278.0,229891.9,35260.34,193552.3,1079.26,conventional,2017,CincinnatiDayton
35,2017-04-30,1.1,242716.93,11133.59,89607.64,1158.27,140817.43,30877.63,109897.14,42.66,conventional,2017,CincinnatiDayton
40,2017-03-26,1.16,221214.93,2737.56,75138.64,1185.8,142152.93,30291.14,111860.25,1.54,conventional,2017,CincinnatiDayton
52,2017-01-01,0.64,329279.29,2646.83,130250.6,2530.91,193850.95,30669.35,163180.08,1.52,conventional,2017,CincinnatiDayton
1,2017-12-24,1.06,140322.03,47451.51,20793.8,5024.24,67052.48,61296.18,5712.32,43.98,conventional,2017,Columbus
10,2017-10-22,1.55,111491.11,46747.3,15690.62,750.6,48302.59,42964.29,5308.37,29.93,conventional,2017,Columbus
31,2017-05-28,1.24,182566.46,81187.49,20819.14,1809.22,78750.61,56749.77,21930.47,70.37,conventional,2017,Columbus
32,2017-05-21,1.16,180283.53,84951.87,22123.26,1875.51,71332.89,62962.93,8171.47,198.49,conventional,2017,Columbus
33,2017-05-14,0.99,210349.0,91332.73,15547.02,1391.69,102077.56,94035.1,7984.55,57.91,conventional,2017,Columbus
42,2017-03-12,1.29,140126.45,62328.69,32440.45,1275.08,44082.23,40701.91,3271.61,108.71,conventional,2017,Columbus
2,2017-12-17,0.83,1084068.05,540252.14,217661.59,3860.93,322293.39,262364.04,59824.28,105.07,conventional,2017,DallasFtWorth
26,2017-07-02,0.9,1378563.61,637767.81,287481.13,4000.61,449314.06,445093.33,2978.22,1242.51,conventional,2017,DallasFtWorth
38,2017-04-09,0.9,1337046.52,710379.21,275048.24,8443.24,343175.83,338910.14,4079.0,186.69,conventional,2017,DallasFtWorth
23,2017-07-23,1.15,971350.62,149313.58,353625.53,13389.27,455022.24,86886.46,368135.78,0.0,conventional,2017,Denver
34,2017-05-07,1.13,904098.6,147250.97,357127.75,17250.83,382469.05,272024.11,110311.61,133.33,conventional,2017,Denver
49,2017-01-22,1.03,906838.4,149313.21,268029.66,13355.19,476140.34,326361.97,149643.69,134.68,conventional,2017,Denver
2,2017-12-17,1.08,369196.72,60128.92,98625.18,32609.74,177832.88,149638.4,20548.33,7646.15,conventional,2017,Detroit
16,2017-09-10,1.8,251097.79,60774.27,32685.75,23392.18,134245.59,113843.97,9150.17,11251.45,conventional,2017,Detroit
18,2017-08-27,1.32,304000.24,99924.49,29648.99,23558.08,150868.68,133119.35,5877.48,11871.85,conventional,2017,Detroit
27,2017-06-25,1.01,402914.93,96114.24,58116.71,14203.42,234480.56,200994.73,31937.51,1548.32,conventional,2017,Detroit
52,2017-01-01,0.75,480612.79,100364.1,165059.57,18804.24,196384.88,194306.37,2054.18,24.33,conventional,2017,Detroit
9,2017-10-29,1.55,138190.33,2263.72,65813.83,21510.67,48602.11,40970.87,2846.34,4784.9,conventional,2017,GrandRapids
15,2017-09-17,1.99,100498.79,1713.76,40378.99,23054.23,35351.81,25043.6,2910.5,7397.71,conventional,2017,GrandRapids
27,2017-06-25,1.74,142258.18,2010.17,54017.53,29866.67,56363.81,42161.64,4631.35,9570.82,conventional,2017,GrandRapids
34,2017-05-07,1.46,254982.52,2037.53,134403.02,68209.7,50332.27,30912.8,6939.54,12479.93,conventional,2017,GrandRapids
4,2017-12-03,1.15,3837027.0,603156.0,1732528.0,317891.0,1183450.0,577048.0,579235.0,27167.0,conventional,2017,GreatLakes
6,2017-11-19,1.23,2983690.0,581511.0,991256.0,155562.0,1255362.0,810002.0,438664.0,6697.0,conventional,2017,GreatLakes
10,2017-10-22,1.75,2247856.71,444286.92,806545.92,170360.42,826663.45,555284.7,257991.63,13387.12,conventional,2017,GreatLakes
12,2017-10-08,1.98,2063573.51,419515.35,658131.8,166808.35,819118.01,531466.43,263131.15,24520.43,conventional,2017,GreatLakes
13,2017-10-01,1.89,2289168.77,444534.18,780137.97,169347.13,895149.49,599057.03,269972.31,26120.15,conventional,2017,GreatLakes
16,2017-09-10,1.81,2589499.71,441483.65,913391.31,215802.18,1018822.57,687077.09,288380.16,43365.32,conventional,2017,GreatLakes
33,2017-05-14,1.19,3901825.7,649626.44,1290414.96,302082.61,1659701.69,944331.4,681254.13,34116.16,conventional,2017,GreatLakes
40,2017-03-26,1.42,3002195.77,474956.6,1228379.13,223458.77,1075401.27,694807.1,327861.78,52732.39,conventional,2017,GreatLakes
52,2017-01-01,0.88,4225245.4,636277.7,2157249.6,189356.95,1242361.15,885769.21,349032.8,7559.14,conventional,2017,GreatLakes
25,2017-07-09,1.47,237446.62,41065.78,129466.37,176.98,66737.49,49614.54,8987.95,8135.0,conventional,2017,HarrisburgScranton
28,2017-06-18,1.5,238389.11,45186.48,131057.91,86.44,62058.28,55129.91,2569.76,4358.61,conventional,2017,HarrisburgScranton
34,2017-05-07,1.51,301180.77,53636.12,140316.58,208.35,107019.72,101118.65,5671.9,229.17,conventional,2017,HarrisburgScranton
39,2017-04-02,1.46,239412.64,53424.06,110824.96,74.27,75089.35,73919.09,1170.26,0.0,conventional,2017,HarrisburgScranton
0,2017-12-31,1.42,245203.25,4805.09,183945.55,178.97,56273.64,48824.63,7447.45,1.56,conventional,2017,HartfordSpringfield
1,2017-12-24,1.5,225990.67,5610.69,161963.18,198.18,58218.62,53040.5,5162.55,15.57,conventional,2017,HartfordSpringfield
15,2017-09-17,1.54,222593.17,7488.87,162728.73,73.1,52302.47,50193.57,2102.23,6.67,conventional,2017,HartfordSpringfield
19,2017-08-20,1.74,223619.15,3659.65,155326.78,79.42,64553.3,59503.97,3259.33,1790.0,conventional,2017,HartfordSpringfield
28,2017-06-18,1.79,256900.68,5734.57,195637.72,124.6,55403.79,52477.5,86.29,2840.0,conventional,2017,HartfordSpringfield
52,2017-01-01,1.64,232663.88,2772.36,188107.91,2695.77,39087.84,38034.62,919.42,133.8,conventional,2017,HartfordSpringfield
10,2017-10-22,1.16,1008358.03,492168.22,128029.43,1834.84,386325.54,298349.69,87975.85,0.0,conventional,2017,Houston
30,2017-06-04,0.83,1377530.34,603106.83,192105.68,4926.04,577391.79,357447.61,219944.18,0.0,conventional,2017,Houston
32,2017-05-21,0.83,1262476.33,579270.57,219956.52,3706.26,459542.98,190861.62,268681.36,0.0,conventional,2017,Houston
9,2017-10-29,1.63,152558.08,8565.38,65715.28,870.81,77406.61,36905.14,40362.33,139.14,conventional,2017,Indianapolis
33,2017-05-14,0.85,268519.12,17926.54,93535.99,1422.94,155633.65,44372.98,111176.5,84.17,conventional,2017,Indianapolis
44,2017-02-26,1.02,188900.46,12096.22,83033.68,1923.56,91847.0,38588.66,53252.02,6.32,conventional,2017,Indianapolis
47,2017-02-05,0.84,276051.64,19443.88,146037.65,5353.25,105216.86,53663.15,51550.76,2.95,conventional,2017,Indianapolis
0,2017-12-31,1.12,206562.78,115793.69,14230.19,277.37,76261.53,29166.63,46858.23,236.67,conventional,2017,Jacksonville
1,2017-12-24,1.38,127181.54,67108.8,8048.69,314.0,51710.05,25721.96,25598.09,390.0,conventional,2017,Jacksonville
3,2017-12-10,1.01,181425.66,95942.65,11557.82,257.6,73667.59,33265.86,40251.73,150.0,conventional,2017,Jacksonville
22,2017-07-30,1.43,157712.19,89089.69,13102.88,73.61,55446.01,32147.33,21985.35,1313.33,conventional,2017,Jacksonville
26,2017-07-02,1.41,189413.48,113926.84,18894.24,122.11,56470.29,31305.74,20128.72,5035.83,conventional,2017,Jacksonville
29,2017-06-11,1.43,193088.4,119698.07,15932.56,121.45,57336.32,29031.67,25729.09,2575.56,conventional,2017,Jacksonville
36,2017-04-23,1.47,156137.58,85993.83,16104.95,78.16,53960.64,25194.97,28670.67,95.0,conventional,2017,Jacksonville
0,2017-12-31,1.04,291922.57,57663.71,111439.26,6018.29,116801.31,49190.85,67480.46,130.0,conventional,2017,LasVegas
28,2017-06-18,1.01,357696.04,133507.85,55577.57,6723.34,161887.28,55967.51,105919.77,0.0,conventional,2017,LasVegas
16,2017-09-10,1.74,1969051.97,898753.94,359807.34,94971.16,615519.53,568315.4,14394.75,32809.38,conventional,2017,LosAngeles
26,2017-07-02,1.07,3507155.74,1521073.33,497356.53,104452.24,1384273.64,1337890.74,411.72,45971.18,conventional,2017,LosAngeles
38,2017-04-09,1.01,2993246.61,957440.04,408516.09,106825.66,1520464.82,1460394.98,10162.56,49907.28,conventional,2017,LosAngeles
45,2017-02-19,0.79,3033918.41,1029674.7,493496.38,68553.91,1442193.42,1277346.26,130416.16,34431.0,conventional,2017,LosAngeles
47,2017-02-05,0.53,5470227.08,1741607.02,937331.61,89678.63,2701609.82,2656630.42,3465.7,41513.7,conventional,2017,LosAngeles
7,2017-11-12,1.14,100811.0,3181.0,43510.0,86.0,54034.0,11788.0,42246.0,0.0,conventional,2017,Louisville
13,2017-10-01,1.89,62180.5,3158.2,25612.0,73.49,33336.81,14044.19,19292.62,0.0,conventional,2017,Louisville
15,2017-09-17,1.73,68830.07,2265.55,31173.61,79.54,35311.37,14322.14,20969.23,20.0,conventional,2017,Louisville
31,2017-05-28,1.08,111487.07,2098.77,48808.39,305.78,60274.13,16202.19,44055.13,16.81,conventional,2017,Louisville
37,2017-04-16,1.22,100089.52,2109.81,47637.85,213.91,50127.95,18406.86,31705.47,15.62,conventional,2017,Louisville
44,2017-02-26,0.95,106098.37,2181.83,59928.42,578.39,43409.73,15168.82,28234.42,6.49,conventional,2017,Louisville
45,2017-02-19,0.94,94778.79,1979.99,41851.86,159.04,50787.9,13809.65,36841.43,136.82,conventional,2017,Louisville
3,2017-12-10,1.03,713866.0,484033.33,71985.61,6988.61,150858.45,75190.47,75667.98,0.0,conventional,2017,MiamiFtLauderdale
33,2017-05-14,1.5,594781.35,373017.97,71834.66,92.98,149835.74,87201.95,62633.79,0.0,conventional,2017,MiamiFtLauderdale
46,2017-02-12,0.97,804977.39,462514.53,171782.76,399.31,170280.79,67653.42,102267.65,359.72,conventional,2017,MiamiFtLauderdale
10,2017-10-22,1.56,2380544.44,537789.18,1026119.76,20115.07,796520.43,698822.91,97558.95,138.57,conventional,2017,Midsouth
34,2017-05-07,1.19,4372728.72,926758.39,1699122.93,47936.74,1698910.66,1456000.83,237524.29,5385.54,conventional,2017,Midsouth
36,2017-04-23,1.4,3060395.83,617149.84,1225887.12,31534.53,1185824.34,1044588.96,136072.44,5162.94,conventional,2017,Midsouth
42,2017-03-12,1.33,3059010.05,718846.39,1306320.17,38103.37,995740.12,868710.37,123511.69,3518.06,conventional,2017,Midsouth
50,2017-01-15,1.23,3034320.24,693675.19,1293221.45,43787.1,1003636.5,876946.57,125271.44,1418.49,conventional,2017,Midsouth
0,2017-12-31,0.81,258729.83,159028.54,10137.8,177.54,89385.95,70278.2,18477.36,630.39,conventional,2017,Nashville
10,2017-10-22,1.41,167135.85,97915.36,9503.17,252.39,59464.93,49860.59,9599.22,5.12,conventional,2017,Nashville
13,2017-10-01,1.7,154956.62,73759.23,21324.74,90.32,59782.33,52292.12,7431.64,58.57,conventional,2017,Nashville
27,2017-06-25,0.9,287217.67,114569.65,47014.32,60.26,125573.44,105149.34,18681.51,1742.59,conventional,2017,Nashville
36,2017-04-23,1.1,226088.3,109053.98,8877.76,75.09,108081.47,97879.1,8397.37,1805.0,conventional,2017,Nashville
44,2017-02-26,0.88,216226.59,121849.81,13162.21,71.22,81143.35,72019.67,8088.68,1035.0,conventional,2017,Nashville
11,2017-10-15,1.46,227947.46,135384.25,18515.33,173.04,73874.84,65362.87,8511.97,0.0,conventional,2017,NewOrleansMobile
16,2017-09-10,1.62,217336.35,123071.39,24260.85,164.0,69840.11,59451.56,5951.88,4436.67,conventional,2017,NewOrleansMobile
28,2017-06-18,1.29,287734.91,177973.04,25893.61,157.0,83711.26,76256.4,4569.86,2885.0,conventional,2017,NewOrleansMobile
38,2017-04-09,1.34,235686.8,134722.14,26489.36,249.11,74226.19,55994.69,8934.0,9297.5,conventional,2017,NewOrleansMobile
45,2017-02-19,1.11,220338.25,123639.4,24706.23,289.36,71703.26,54549.08,7834.18,9320.0,conventional,2017,NewOrleansMobile
46,2017-02-12,0.9,276002.68,160040.82,30195.68,443.13,85323.05,59560.4,13862.65,11900.0,conventional,2017,NewOrleansMobile
51,2017-01-08,1.1,230884.67,124108.53,31296.37,316.0,75163.77,52403.61,13645.16,9115.0,conventional,2017,NewOrleansMobile
2,2017-12-17,1.41,1181560.33,35511.18,661369.74,601.53,484077.88,465885.99,18174.07,17.82,conventional,2017,NewYork
42,2017-03-12,1.76,1163703.37,16828.77,755172.29,12532.1,379170.21,326854.39,49775.54,2540.28,conventional,2017,NewYork
24,2017-07-16,1.5,4180237.98,266663.37,2858828.89,30721.99,1024023.73,850086.41,138210.65,35726.67,conventional,2017,Northeast
29,2017-06-11,1.68,4060850.93,246826.64,2632016.93,13643.55,1168363.81,778716.02,350202.79,39445.0,conventional,2017,Northeast
38,2017-04-09,1.6,4313430.98,221283.06,2750988.26,12498.1,1328661.56,1082688.19,242674.12,3299.25,conventional,2017,Northeast
14,2017-09-24,1.63,296892.52,10778.57,233287.45,1510.55,51315.95,13437.56,37878.39,0.0,conventional,2017,NorthernNewEngland
32,2017-05-21,1.54,393289.53,10135.32,314676.72,2188.89,66288.6,34182.37,32016.23,90.0,conventional,2017,NorthernNewEngland
2,2017-12-17,1.01,381303.71,248830.89,30567.37,865.3,101040.15,56490.38,44549.77,0.0,conventional,2017,Orlando
9,2017-10-29,1.22,399421.97,257257.1,33771.93,570.11,107822.83,77035.93,30786.9,0.0,conventional,2017,Orlando
14,2017-09-24,1.83,263801.67,172557.9,22851.75,114.09,68277.93,39067.53,29207.07,3.33,conventional,2017,Orlando
16,2017-09-10,1.7,253627.92,159141.75,19370.0,698.55,74417.62,49005.6,22215.35,3196.67,conventional,2017,Orlando
17,2017-09-03,1.8,295896.59,189267.58,26200.67,653.97,79774.37,58009.37,19778.33,1986.67,conventional,2017,Orlando
41,2017-03-19,1.53,287195.89,160686.42,38524.03,47.0,87938.44,56308.21,31630.23,0.0,conventional,2017,Orlando
48,2017-01-29,1.24,364048.79,153528.1,72365.95,196.49,137958.25,70535.42,67422.83,0.0,conventional,2017,Orlando
29,2017-06-11,1.73,379927.26,38042.56,205769.8,620.68,135494.22,101707.26,31846.4,1940.56,conventional,2017,Philadelphia
39,2017-04-02,1.68,385731.38,30716.75,208155.43,757.88,146101.32,138280.26,7821.06,0.0,conventional,2017,Philadelphia
48,2017-01-29,1.48,421316.65,27673.88,248553.08,20098.48,124991.21,114418.84,10028.59,543.78,conventional,2017,Philadelphia
18,2017-08-27,1.18,715349.6,378232.81,125819.78,10404.56,200892.45,144419.94,50196.95,6275.56,conventional,2017,PhoenixTucson
40,2017-03-26,0.57,1607936.05,990504.55,203409.21,20130.79,393891.5,219158.02,174184.87,548.61,conventional,2017,PhoenixTucson
21,2017-08-06,1.29,105595.21,41518.8,28322.16,1457.18,34297.07,26823.78,6373.29,1100.0,conventional,2017,Pittsburgh
39,2017-04-02,1.37,122944.98,50365.37,27047.63,1687.36,43844.62,35344.15,8500.47,0.0,conventional,2017,Pittsburgh
45,2017-02-19,1.33,91579.18,32493.94,24711.08,1212.1,33162.06,27745.1,5416.96,0.0,conventional,2017,Pittsburgh
0,2017-12-31,1.02,2173591.74,1159470.84,493193.16,5719.66,515208.08,417190.3,97986.16,31.62,conventional,2017,Plains
2,2017-12-17,1.05,1829991.74,931127.59,418034.24,4249.88,476580.03,364590.57,111973.42,16.04,conventional,2017,Plains
4,2017-12-03,1.19,1630974.0,738854.0,411741.0,5403.0,474976.0,345924.0,128385.0,668.0,conventional,2017,Plains
5,2017-11-26,1.28,1280491.0,628374.0,311442.0,4253.0,336422.0,225355.0,110958.0,108.0,conventional,2017,Plains
25,2017-07-09,1.32,2106705.01,785869.03,554318.38,45371.29,721146.31,710273.4,5457.82,5415.09,conventional,2017,Plains
30,2017-06-04,1.31,2136102.71,958508.87,499135.71,11013.14,667444.99,620312.74,35312.21,11820.04,conventional,2017,Plains
36,2017-04-23,1.18,2143445.39,1115172.82,403864.38,6655.98,617752.21,606147.7,8038.24,3566.27,conventional,2017,Plains
39,2017-04-02,1.29,1818148.12,851477.91,524130.79,13117.72,429421.7,409630.98,6543.51,13247.21,conventional,2017,Plains
41,2017-03-19,1.3,1679882.22,721848.28,489324.58,8220.55,460488.81,437779.63,20075.74,2633.44,conventional,2017,Plains
43,2017-03-05,1.25,1601599.81,734909.69,421271.9,9572.98,435845.24,393722.61,36578.51,5544.12,conventional,2017,Plains
45,2017-02-19,0.96,2087617.13,1035888.35,444278.43,20779.51,586670.84,537145.2,44324.73,5200.91,conventional,2017,Plains
10,2017-10-22,1.36,511400.66,138574.37,127745.69,14424.63,230655.97,189637.21,40584.24,434.52,conventional,2017,Portland
22,2017-07-30,1.34,575652.16,145857.23,211102.06,14356.83,204336.04,116878.48,87177.01,280.55,conventional,2017,Portland
26,2017-07-02,0.99,767074.64,138050.07,193657.22,15389.61,419977.74,417909.15,1832.24,236.35,conventional,2017,Portland
30,2017-06-04,1.12,698957.23,120671.14,128831.45,23470.48,425984.16,423593.25,2161.68,229.23,conventional,2017,Portland
35,2017-04-30,0.84,940104.32,220613.6,175669.06,20230.57,523591.09,521942.84,1439.44,208.81,conventional,2017,Portland
26,2017-07-02,1.22,314536.29,95259.45,93112.35,6531.77,119632.72,112838.17,2159.55,4635.0,conventional,2017,RaleighGreensboro
31,2017-05-28,1.41,318497.15,85122.51,112526.54,7817.12,113030.98,109210.63,3820.35,0.0,conventional,2017,RaleighGreensboro
47,2017-02-05,0.97,455798.5,123228.06,230068.42,23080.58,79421.44,76260.19,2607.08,554.17,conventional,2017,RaleighGreensboro
49,2017-01-22,1.14,326997.65,88147.39,135723.73,18581.37,84545.16,80560.91,3984.25,0.0,conventional,2017,RaleighGreensboro
50,2017-01-15,1.27,277248.48,73384.69,111891.62,8946.58,83025.59,80590.42,2435.17,0.0,conventional,2017,RaleighGreensboro
8,2017-11-05,1.15,250600.37,82955.94,75403.92,1474.13,90766.38,87156.99,3547.7,61.69,conventional,2017,RichmondNorfolk
10,2017-10-22,1.39,206044.77,44086.63,86692.04,1441.14,73824.96,70959.97,2854.93,10.06,conventional,2017,RichmondNorfolk
26,2017-07-02,1.21,257162.16,71544.84,83589.78,2458.8,99568.74,90410.02,2797.05,6361.67,conventional,2017,RichmondNorfolk
38,2017-04-09,1.22,260512.01,81759.61,90074.43,2229.61,86448.36,85939.37,508.99,0.0,conventional,2017,RichmondNorfolk
52,2017-01-01,1.11,240752.75,82444.88,85577.58,5485.61,67244.68,65961.19,1104.32,179.17,conventional,2017,RichmondNorfolk
8,2017-11-05,1.08,176421.06,65571.8,34149.97,209.3,76489.99,69792.75,6641.68,55.56,conventional,2017,Roanoke
17,2017-09-03,1.45,115506.15,27598.89,37446.95,91.48,50368.83,43969.06,5061.79,1337.98,conventional,2017,Roanoke
21,2017-08-06,1.29,124119.9,28072.43,42704.66,168.32,53174.49,48158.96,3335.53,1680.0,conventional,2017,Roanoke
38,2017-04-09,1.26,145899.12,32290.75,47113.7,54.65,66440.02,65146.93,1180.59,112.5,conventional,2017,Roanoke
41,2017-03-19,1.23,141618.19,28859.6,52182.42,79.96,60496.21,59561.05,935.16,0.0,conventional,2017,Roanoke
45,2017-02-19,1.12,141558.76,32841.4,43497.06,69.27,65151.03,64383.7,767.33,0.0,conventional,2017,Roanoke
11,2017-10-15,1.68,342218.56,89884.18,208158.38,800.92,43375.08,42344.65,833.74,196.69,conventional,2017,Sacramento
13,2017-10-01,1.74,318071.39,81753.69,191731.0,927.15,43659.55,41898.82,1572.23,188.5,conventional,2017,Sacramento
14,2017-09-24,1.7,314818.19,89050.27,187831.17,962.78,36973.97,34708.41,2069.24,196.32,conventional,2017,Sacramento
31,2017-05-28,1.55,481635.83,161377.98,265045.66,1129.2,54082.99,51629.16,373.83,2080.0,conventional,2017,Sacramento
45,2017-02-19,1.2,431830.4,126780.19,247569.1,8981.28,48499.83,45747.06,8.93,2743.84,conventional,2017,Sacramento
46,2017-02-12,1.08,423595.21,173371.46,188127.57,9247.17,52849.01,51822.69,186.04,840.28,conventional,2017,Sacramento
2,2017-12-17,0.73,719091.14,147099.59,439224.74,17641.76,115125.05,108179.86,4196.3,2748.89,conventional,2017,SanDiego
3,2017-12-10,1.13,442147.66,156011.73,148747.09,11293.42,126095.42,114750.28,8734.03,2611.11,conventional,2017,SanDiego
4,2017-12-03,1.08,479566.0,186079.0,147995.0,13899.0,131592.0,124045.0,4828.0,2719.0,conventional,2017,SanDiego
11,2017-10-15,1.67,322915.64,101926.07,136483.97,20792.45,63713.15,59356.15,4357.0,0.0,conventional,2017,SanDiego
12,2017-10-08,1.83,314828.77,114286.86,122377.33,21165.55,56999.03,52846.67,4152.36,0.0,conventional,2017,SanDiego
38,2017-04-09,1.22,461063.08,145442.79,128010.28,23321.76,164288.25,160950.36,2652.89,685.0,conventional,2017,SanDiego
12,2017-10-08,1.65,780710.38,118596.49,587792.61,2921.61,71399.67,70491.41,419.54,488.72,conventional,2017,SanFrancisco
19,2017-08-20,2.07,561541.93,147449.96,304989.35,10147.53,98955.09,94445.66,932.19,3577.24,conventional,2017,SanFrancisco
22,2017-07-30,1.3,897443.52,162330.88,657673.84,5039.65,72399.15,67138.82,930.33,4330.0,conventional,2017,SanFrancisco
28,2017-06-18,1.77,660386.27,202024.11,336284.13,16709.19,105368.84,100785.35,1133.49,3450.0,conventional,2017,SanFrancisco
40,2017-03-26,1.79,617981.91,173628.92,349036.6,7123.04,88193.35,81760.29,213.18,6219.88,conventional,2017,SanFrancisco
44,2017-02-26,1.18,891688.67,286807.87,509449.62,14078.74,81352.44,76653.99,988.58,3709.87,conventional,2017,SanFrancisco
3,2017-12-10,1.39,389912.46,85240.97,116349.02,706.43,187616.04,134944.06,51994.82,677.16,conventional,2017,Seattle
4,2017-12-03,1.26,500180.0,113961.0,107904.0,680.0,277636.0,231869.0,45507.0,260.0,conventional,2017,Seattle
21,2017-08-06,1.73,493703.62,124307.99,178899.75,965.93,189529.95,115658.86,73095.04,776.05,conventional,2017,Seattle
23,2017-07-23,1.54,509159.42,110161.26,215252.32,5868.34,177877.5,105736.33,72025.25,115.92,conventional,2017,Seattle
29,2017-06-11,1.21,664560.99,105557.41,169870.98,835.35,388297.25,387996.76,91.45,209.04,conventional,2017,Seattle
1,2017-12-24,1.22,294202.67,133334.86,48531.59,2380.74,109955.48,84037.13,23046.13,2872.22,conventional,2017,SouthCarolina
12,2017-10-08,1.56,316112.15,161942.76,57386.29,1635.25,95147.85,61514.47,33613.17,20.21,conventional,2017,SouthCarolina
21,2017-08-06,1.37,336237.92,128394.5,85339.68,1997.32,120506.42,89592.68,25937.07,4976.67,conventional,2017,SouthCarolina
35,2017-04-30,1.34,429088.02,208521.12,87676.66,2203.03,130687.21,88444.19,38293.89,3949.13,conventional,2017,SouthCarolina
40,2017-03-26,1.41,343469.43,146122.86,75527.35,2188.58,119630.64,91327.88,26397.76,1905.0,conventional,2017,SouthCarolina
50,2017-01-15,1.14,369916.29,167680.27,86901.86,2850.92,112483.24,70024.71,42458.53,0.0,conventional,2017,SouthCarolina
52,2017-01-01,1.0,402162.87,166822.96,105262.07,5223.2,124854.64,57344.89,67509.75,0.0,conventional,2017,SouthCarolina
8,2017-11-05,0.99,5798077.88,2770715.69,1154114.11,24089.18,1849158.9,1127480.34,716953.08,4725.48,conventional,2017,SouthCentral
36,2017-04-23,0.83,7523061.26,3396320.97,1500545.51,27770.0,2598424.78,1675300.95,895408.78,27715.05,conventional,2017,SouthCentral
39,2017-04-02,0.84,6777539.0,3916659.1,1012267.12,24556.67,1824056.11,1494823.82,309395.83,19836.46,conventional,2017,SouthCentral
44,2017-02-26,0.7,6808805.4,4318255.15,822773.31,142658.92,1525118.02,1359306.0,146644.88,19167.14,conventional,2017,SouthCentral
45,2017-02-19,1.14,3178563.0,1648815.38,483659.79,4681.1,1041406.73,695382.17,330922.06,15102.5,conventional,2017,Southeast
50,2017-01-15,1.17,3843139.76,1686737.9,724373.09,5637.4,1426391.37,784077.42,641123.95,1190.0,conventional,2017,Southeast
14,2017-09-24,1.84,54348.48,13393.92,20303.31,124.02,20527.23,13723.75,6762.47,41.01,conventional,2017,Spokane
17,2017-09-03,1.58,75840.73,20808.02,22824.26,102.75,32105.7,24386.21,7714.95,4.54,conventional,2017,Spokane
22,2017-07-30,1.56,75067.88,18393.36,29605.74,88.93,26979.85,16550.54,10298.79,130.52,conventional,2017,Spokane
46,2017-02-12,0.77,110492.2,21706.17,27884.97,42.58,60858.48,44301.52,16496.0,60.96,conventional,2017,Spokane
49,2017-01-22,0.88,113430.5,19006.07,38753.45,153.69,55517.29,49749.97,5680.78,86.54,conventional,2017,Spokane
51,2017-01-08,0.78,144931.3,16655.27,59371.33,68.06,68836.64,61628.87,7043.88,163.89,conventional,2017,Spokane
16,2017-09-10,1.47,197546.49,109797.39,15410.99,55.81,72282.3,61599.32,10532.93,150.05,conventional,2017,StLouis
20,2017-08-13,1.49,169526.52,81583.85,16239.33,251.27,71452.07,60139.12,7179.81,4133.14,conventional,2017,StLouis
28,2017-06-18,1.3,201993.63,76343.74,14887.64,140.98,110621.27,87817.63,20679.07,2124.57,conventional,2017,StLouis
36,2017-04-23,1.51,174613.45,82661.42,23248.85,252.37,68450.81,67084.51,57.89,1308.41,conventional,2017,StLouis
38,2017-04-09,1.27,145196.59,77305.55,12263.89,83.21,55543.94,55522.64,21.3,0.0,conventional,2017,StLouis
51,2017-01-08,1.11,152614.52,65552.6,10274.73,133.06,76654.13,58010.46,18595.06,48.61,conventional,2017,StLouis
1,2017-12-24,1.31,57784.05,2688.4,34404.86,45.22,20645.57,17602.68,3042.89,0.0,conventional,2017,Syracuse
10,2017-10-22,1.51,44004.03,9115.03,23293.35,47.27,11548.38,9164.3,2384.08,0.0,conventional,2017,Syracuse
18,2017-08-27,1.41,63048.42,1316.69,37148.13,13.23,24570.37,23840.35,433.35,296.67,conventional,2017,Syracuse
24,2017-07-16,1.38,69590.82,1077.61,42756.31,906.91,24849.99,22863.54,766.45,1220.0,conventional,2017,Syracuse
25,2017-07-09,1.38,77529.57,1001.92,45176.42,381.6,30969.63,26802.91,1161.72,3005.0,conventional,2017,Syracuse
29,2017-06-11,1.66,58542.16,1072.14,42974.8,113.4,14381.82,9561.81,2500.01,2320.0,conventional,2017,Syracuse
38,2017-04-09,1.61,79779.92,1222.66,46634.37,10.34,31912.55,14344.41,17568.14,0.0,conventional,2017,Syracuse
47,2017-02-05,1.49,104027.11,1216.04,78340.67,44.0,24426.4,24392.2,34.2,0.0,conventional,2017,Syracuse
49,2017-01-22,1.52,79859.72,1341.0,52570.04,16.27,25932.41,24856.47,1075.94,0.0,conventional,2017,Syracuse
2,2017-12-17,1.0,449048.75,288732.84,41565.28,706.31,118044.32,65991.99,52052.33,0.0,conventional,2017,Tampa
4,2017-12-03,1.27,381605.0,249846.0,34029.0,805.0,96925.0,67280.0,29645.0,0.0,conventional,2017,Tampa
5,2017-11-26,1.24,24686675.0,9175316.0,7312239.0,379637.0,7819483.0,5571801.0,2156887.0,90795.0,conventional,2017,TotalUS
25,2017-07-09,1.17,39367336.18,13009944.14,11031218.25,821964.42,14504209.37,11112405.61,3018280.29,373523.47,conventional,2017,TotalUS
10,2017-10-22,1.31,4769138.17,1651832.17,1462327.27,65438.43,1589540.3,1024799.25,563721.25,1019.8,conventional,2017,West
30,2017-06-04,1.07,6927745.15,2425106.14,1176272.52,157620.26,3168746.23,2078712.99,1085987.41,4045.83,conventional,2017,West
35,2017-04-30,0.98,6998582.19,2322426.47,1296721.88,136596.23,3242837.61,2198776.68,1040924.08,3136.85,conventional,2017,West
44,2017-02-26,0.86,6928736.97,2178473.36,1444476.86,130710.99,3175075.76,1944844.66,1227429.31,2801.79,conventional,2017,West
49,2017-01-22,0.82,7876147.38,2831351.41,1718065.83,113570.61,3213159.53,1984947.54,1227056.13,1155.86,conventional,2017,West
18,2017-08-27,1.08,645080.71,432526.95,65673.79,6963.17,139916.8,100976.02,38460.78,480.0,conventional,2017,WestTexNewMexico
3,2018-03-04,1.08,139520.6,12002.12,105069.57,95.62,22353.29,16128.51,5941.45,283.33,conventional,2018,Albany
8,2018-01-28,1.57,93625.03,3101.17,74627.23,55.59,15841.04,11614.79,4159.58,66.67,conventional,2018,Albany
5,2018-02-18,1.04,538448.01,229255.93,30082.73,1325.82,277783.53,198897.13,76224.45,2661.95,conventional,2018,Atlanta
5,2018-02-18,1.42,796515.52,92816.97,487724.44,4694.08,211280.03,206322.72,4030.64,926.67,conventional,2018,BaltimoreWashington
11,2018-01-07,1.5,771313.78,89883.07,466602.79,4167.07,210660.85,189304.53,21356.32,0.0,conventional,2018,BaltimoreWashington
4,2018-02-25,1.23,151330.38,12862.56,69046.27,64.77,69356.78,43442.45,25218.77,695.56,conventional,2018,BuffaloRochester
6,2018-02-11,1.27,151057.53,12749.59,74595.11,84.21,63628.62,41236.05,21391.46,1001.11,conventional,2018,BuffaloRochester
11,2018-01-07,1.5,842141.42,132853.21,475772.58,139314.8,94200.83,85019.84,9161.86,19.13,conventional,2018,Chicago
6,2018-02-11,0.82,218329.7,79239.58,26356.05,2998.74,109735.33,73393.34,34338.97,2003.02,conventional,2018,Columbus
0,2018-03-25,0.73,1803351.21,788734.28,219585.81,6423.31,788607.81,673212.32,94356.41,21039.08,conventional,2018,DallasFtWorth
2,2018-03-11,0.87,1356159.96,688566.31,213463.41,5709.3,448420.94,329344.14,100310.59,18766.21,conventional,2018,DallasFtWorth
11,2018-01-07,0.92,1140210.38,587439.51,258369.66,5543.59,288857.62,183640.29,104915.08,302.25,conventional,2018,DallasFtWorth
6,2018-02-11,0.91,1056054.41,234995.54,251174.58,13754.34,556129.95,86599.13,469530.82,0.0,conventional,2018,Denver
9,2018-01-21,1.16,872673.39,147297.68,233968.98,14834.26,476572.47,101867.53,374703.83,1.11,conventional,2018,Denver
3,2018-03-04,1.18,400047.47,89601.76,41375.29,26105.84,242964.58,216775.85,13655.21,12533.52,conventional,2018,Detroit
8,2018-01-28,1.14,367456.05,80917.0,70055.35,14554.29,201929.41,177720.43,23023.66,1185.32,conventional,2018,Detroit
4,2018-02-25,1.24,281655.48,63582.79,127685.46,166.92,90220.31,78774.1,9426.21,2020.0,conventional,2018,HarrisburgScranton
8,2018-01-28,1.15,299069.36,101247.63,112796.55,129.6,84895.58,84111.58,447.33,336.67,conventional,2018,HarrisburgScranton
7,2018-02-04,1.38,427950.71,11605.62,345582.17,1100.67,69662.25,67967.4,1438.65,256.2,conventional,2018,HartfordSpringfield
9,2018-01-21,1.03,233732.16,62385.12,66055.88,11433.91,93857.25,84064.64,9782.65,9.96,conventional,2018,Indianapolis
1,2018-03-18,1.17,311526.49,76056.35,92588.91,7007.47,135873.76,80016.52,55393.91,463.33,conventional,2018,LasVegas
2,2018-03-11,1.08,117108.97,26859.44,26636.99,263.3,63349.24,46121.81,16452.99,774.44,conventional,2018,Louisville
2,2018-03-11,1.19,888615.09,603091.72,74717.78,2009.9,208795.69,97893.87,110561.82,340.0,conventional,2018,MiamiFtLauderdale
7,2018-02-04,0.8,391780.25,186689.66,15471.74,466.2,189152.65,141976.99,45308.77,1866.89,conventional,2018,Nashville
8,2018-01-28,1.08,314915.09,198062.3,21726.15,2409.57,92717.07,81430.82,10352.92,933.33,conventional,2018,NewOrleansMobile
1,2018-03-18,1.43,1564859.63,73760.49,911098.28,612.78,579388.08,552433.16,24302.69,2652.23,conventional,2018,NewYork
7,2018-02-04,1.28,2959541.38,96084.63,2250967.25,3253.28,609236.22,569361.35,38734.78,1140.09,conventional,2018,NewYork
10,2018-01-14,1.49,4073408.38,282970.7,2558511.27,8555.47,1223370.94,955649.36,267714.63,6.95,conventional,2018,Northeast
8,2018-01-28,1.23,537883.88,90381.5,256525.12,390.07,190587.19,183977.34,6289.85,320.0,conventional,2018,Philadelphia
9,2018-01-21,0.78,1315329.83,613600.56,246703.53,13332.26,441693.48,210780.39,226079.75,4833.34,conventional,2018,PhoenixTucson
0,2018-03-25,1.08,2298609.62,870297.25,765738.57,8214.57,654359.23,603569.13,50091.31,698.79,conventional,2018,Plains
10,2018-01-14,1.25,2033823.81,891358.6,572445.19,6526.08,563493.94,436555.79,126910.37,27.78,conventional,2018,Plains
11,2018-01-07,1.17,2103531.72,1026303.18,570087.19,6096.19,501045.16,384809.96,116197.07,38.13,conventional,2018,Plains
0,2018-03-25,1.06,658169.39,75837.48,304991.92,14300.89,263039.1,166273.14,96427.92,338.04,conventional,2018,Portland
6,2018-02-11,1.25,507333.47,87666.45,146006.56,17712.54,255947.92,156038.59,99378.83,530.5,conventional,2018,Portland
8,2018-01-28,1.34,486679.98,80881.12,152913.11,16678.38,236207.37,142712.01,92874.02,621.34,conventional,2018,Portland
0,2018-03-25,1.24,362959.17,91484.37,120803.28,5307.11,145364.41,139121.67,6242.74,0.0,conventional,2018,RaleighGreensboro
6,2018-02-11,1.1,367903.88,106372.21,91013.42,5010.88,165507.37,156789.32,8718.05,0.0,conventional,2018,RaleighGreensboro
3,2018-03-04,1.14,289118.6,69170.11,83513.89,1792.21,134642.39,115639.95,18714.11,288.33,conventional,2018,RichmondNorfolk
11,2018-01-07,1.35,465108.34,159862.75,247999.0,1045.98,56200.61,49386.35,522.37,6291.89,conventional,2018,Sacramento
8,2018-01-28,1.07,566134.81,168171.75,256042.84,16669.82,125250.4,118366.92,4446.82,2436.66,conventional,2018,SanDiego
11,2018-01-07,1.46,818086.25,209267.23,466935.74,2525.01,139358.27,136440.18,104.56,2813.53,conventional,2018,SanFrancisco
8,2018-01-28,1.27,4199974.24,2420770.45,355406.02,16642.51,1407155.26,901796.49,485922.1,19436.67,conventional,2018,Southeast
8,2018-01-28,1.16,88197.75,25211.46,28636.94,406.68,33942.67,23389.62,10519.31,33.74,conventional,2018,Spokane
1,2018-03-18,1.07,191261.08,90217.1,6557.08,418.97,94067.93,85441.83,8175.36,450.74,conventional,2018,StLouis
2,2018-03-11,1.02,249444.49,119801.0,6013.84,404.77,123224.88,99130.17,19950.02,4144.69,conventional,2018,StLouis
1,2018-03-18,1.05,41386314.12,13707389.51,11061051.69,645380.85,15972492.07,11712807.19,3988101.74,271583.14,conventional,2018,TotalUS
3,2018-03-04,1.07,40741214.05,14439547.46,11289307.37,571747.72,14440611.5,10832907.44,3339214.96,268489.1,conventional,2018,TotalUS
7,2018-02-04,0.87,62505646.52,21620180.9,20445501.03,1066830.22,19373134.37,13384586.8,5719096.61,269450.96,conventional,2018,TotalUS
11,2018-01-07,1.08,6358768.95,2061960.91,1706532.52,108441.55,2481833.97,1175889.89,1291212.75,14731.33,conventional,2018,West
12,2015-10-04,1.98,1145.88,5.74,165.26,0.0,974.88,964.68,10.2,0.0,organic,2015,Albany
24,2015-07-12,2.01,1175.34,34.27,92.17,0.0,1048.9,1048.9,0.0,0.0,organic,2015,Albany
31,2015-05-24,1.93,1628.65,24.09,183.55,0.0,1421.01,1421.01,0.0,0.0,organic,2015,Albany
33,2015-05-10,1.98,2117.48,46.8,523.9,0.0,1546.78,1546.78,0.0,0.0,organic,2015,Albany
0,2015-12-27,1.84,3195.0,1366.31,1652.5,0.0,176.19,103.33,72.86,0.0,organic,2015,Atlanta
7,2015-11-08,1.74,5317.73,1904.89,2047.54,0.0,1365.3,843.33,521.97,0.0,organic,2015,Atlanta
11,2015-10-11,1.75,7279.83,2387.77,3377.79,0.0,1514.27,0.0,1514.27,0.0,organic,2015,Atlanta
13,2015-09-27,2.01,5392.63,2232.51,3021.0,0.0,139.12,0.0,139.12,0.0,organic,2015,Atlanta
44,2015-02-22,1.38,10969.92,1780.63,7973.37,0.0,1215.92,83.33,1132.59,0.0,organic,2015,Atlanta
3,2015-12-06,1.46,9717.55,432.82,4364.69,444.69,4475.35,715.2,3760.15,0.0,organic,2015,BaltimoreWashington
10,2015-10-18,1.54,10215.96,772.28,6014.66,685.19,2743.83,913.31,1830.52,0.0,organic,2015,BaltimoreWashington
22,2015-07-26,1.72,8502.95,3682.42,3166.87,599.98,1053.68,1050.98,2.7,0.0,organic,2015,BaltimoreWashington
40,2015-03-22,1.25,16507.0,10883.75,4512.52,758.37,352.36,352.36,0.0,0.0,organic,2015,BaltimoreWashington
44,2015-02-22,1.19,23920.36,12844.54,5815.13,667.62,4593.07,4593.07,0.0,0.0,organic,2015,BaltimoreWashington
17,2015-08-30,1.47,3103.71,8.98,2789.26,0.0,305.47,76.67,228.8,0.0,organic,2015,Boise
31,2015-05-24,1.97,1274.53,45.07,1108.3,0.0,121.16,100.0,21.16,0.0,organic,2015,Boise
35,2015-04-26,1.36,2154.49,9.05,1579.24,0.0,566.2,203.33,362.87,0.0,organic,2015,Boise
49,2015-01-18,1.44,2973.94,8.83,2513.36,0.0,451.75,143.33,308.42,0.0,organic,2015,Boise
0,2015-12-27,1.48,7986.08,9.65,775.99,39.82,7160.62,7149.89,10.73,0.0,organic,2015,Boston
7,2015-11-08,1.22,7507.69,13.29,486.67,0.0,7007.73,6990.96,16.77,0.0,organic,2015,Boston
13,2015-09-27,2.0,2023.36,15.19,758.31,0.0,1249.86,1249.86,0.0,0.0,organic,2015,Boston
23,2015-07-19,2.05,3388.25,18.63,2152.1,0.0,1217.52,1217.52,0.0,0.0,organic,2015,Boston
24,2015-07-12,2.19,2763.5,19.61,1646.24,0.0,1097.65,1097.65,0.0,0.0,organic,2015,Boston
26,2015-06-28,2.03,3045.1,13.15,1625.69,0.0,1406.26,1406.26,0.0,0.0,organic,2015,Boston
29,2015-06-07,2.0,3641.0,67.78,1199.74,0.0,2373.48,2373.48,0.0,0.0,organic,2015,Boston
37,2015-04-12,1.86,3619.27,44.38,915.97,0.0,2658.92,2658.92,0.0,0.0,organic,2015,Boston
42,2015-03-08,1.91,2566.9,29.07,945.32,0.0,1592.51,1592.51,0.0,0.0,organic,2015,Boston
8,2015-11-01,1.55,2738.24,14.25,92.6,0.0,2631.39,2631.39,0.0,0.0,organic,2015,BuffaloRochester
28,2015-06-14,1.83,3436.93,71.91,137.92,0.0,3227.1,3227.1,0.0,0.0,organic,2015,BuffaloRochester
32,2015-05-17,1.79,5111.52,30.55,196.22,0.0,4884.75,4884.75,0.0,0.0,organic,2015,BuffaloRochester
51,2015-01-04,1.73,379.82,0.0,59.82,0.0,320.0,320.0,0.0,0.0,organic,2015,BuffaloRochester
15,2015-09-13,1.97,95230.68,34760.74,54821.89,0.0,5648.05,5608.05,40.0,0.0,organic,2015,California
21,2015-08-02,1.99,89435.6,26067.67,54133.2,0.0,9234.73,9234.73,0.0,0.0,organic,2015,California
25,2015-07-05,1.67,135522.65,50367.92,74571.56,18.66,10564.51,10564.51,0.0,0.0,organic,2015,California
28,2015-06-14,1.68,116322.44,51607.99,54937.64,43.18,9733.63,9733.63,0.0,0.0,organic,2015,California
31,2015-05-24,1.5,135543.89,60597.97,63560.02,0.0,11385.9,11385.9,0.0,0.0,organic,2015,California
39,2015-03-29,1.53,111423.89,56829.47,44390.86,0.0,10203.56,10203.56,0.0,0.0,organic,2015,California
45,2015-02-15,1.52,116499.36,85444.97,21689.75,0.0,9364.64,9364.64,0.0,0.0,organic,2015,California
2,2015-12-13,1.9,2720.17,321.35,1353.35,527.18,518.29,473.33,44.96,0.0,organic,2015,Charlotte
12,2015-10-04,2.06,3480.18,337.52,1218.57,808.84,1115.25,1115.25,0.0,0.0,organic,2015,Charlotte
21,2015-08-02,2.11,3977.77,358.91,1441.63,1083.55,1093.68,1093.68,0.0,0.0,organic,2015,Charlotte
40,2015-03-22,1.9,4289.1,329.84,1603.42,1221.87,1133.97,1133.97,0.0,0.0,organic,2015,Charlotte
47,2015-02-01,1.93,3557.34,210.49,1244.18,1457.98,644.69,644.69,0.0,0.0,organic,2015,Charlotte
24,2015-07-12,1.66,18945.72,253.02,18087.09,0.0,605.61,566.67,38.94,0.0,organic,2015,Chicago
25,2015-07-05,1.67,19704.96,186.43,18998.53,0.0,520.0,520.0,0.0,0.0,organic,2015,Chicago
35,2015-04-26,1.51,31932.1,920.16,30398.61,0.0,613.33,613.33,0.0,0.0,organic,2015,Chicago
3,2015-12-06,1.48,8656.18,234.08,7004.43,0.0,1417.67,663.33,754.34,0.0,organic,2015,CincinnatiDayton
35,2015-04-26,1.36,16289.6,256.76,13336.25,0.0,2696.59,563.33,2133.26,0.0,organic,2015,CincinnatiDayton
39,2015-03-29,1.27,13809.65,344.26,12693.87,0.0,771.52,690.0,81.52,0.0,organic,2015,CincinnatiDayton
46,2015-02-08,1.24,10351.99,225.93,8949.13,0.0,1176.93,963.33,213.6,0.0,organic,2015,CincinnatiDayton
5,2015-11-22,1.48,3636.86,522.57,2789.25,0.0,325.04,129.01,196.03,0.0,organic,2015,Columbus
11,2015-10-11,1.27,4403.09,463.25,2759.23,0.0,1180.61,349.52,831.09,0.0,organic,2015,Columbus
29,2015-06-07,1.21,6028.43,322.05,2720.68,0.0,2985.7,687.09,2298.61,0.0,organic,2015,Columbus
30,2015-05-31,1.49,5950.91,410.92,3627.94,0.0,1912.05,1138.94,773.11,0.0,organic,2015,Columbus
38,2015-04-05,1.38,5289.64,403.53,2859.4,0.0,2026.71,645.46,1381.25,0.0,organic,2015,Columbus
47,2015-02-01,1.63,4215.96,432.24,2985.02,0.0,798.7,223.33,575.37,0.0,organic,2015,Columbus
3,2015-12-06,1.48,10458.62,5582.56,401.5,0.0,4474.56,4474.56,0.0,0.0,organic,2015,DallasFtWorth
5,2015-11-22,1.46,10812.09,6189.69,271.59,0.0,4350.81,4350.81,0.0,0.0,organic,2015,DallasFtWorth
19,2015-08-16,1.45,13268.55,8229.01,694.8,0.0,4344.74,4334.74,10.0,0.0,organic,2015,DallasFtWorth
25,2015-07-05,1.3,13234.04,10979.75,459.19,0.0,1795.1,1795.1,0.0,0.0,organic,2015,DallasFtWorth
0,2015-12-27,1.43,23728.62,9299.54,2853.98,12.14,11562.96,330.31,11232.65,0.0,organic,2015,Denver
5,2015-11-22,1.39,23094.34,6643.41,5729.32,30.25,10691.36,523.98,10167.38,0.0,organic,2015,Denver
10,2015-10-18,1.3,25827.35,2156.55,5707.23,26.07,17937.5,434.23,17503.27,0.0,organic,2015,Denver
37,2015-04-12,1.42,23701.5,6189.81,4728.75,20.72,12762.22,450.0,12312.22,0.0,organic,2015,Denver
6,2015-11-15,1.84,6564.71,1658.29,4577.75,0.0,328.67,140.0,188.67,0.0,organic,2015,Detroit
24,2015-07-12,1.01,14131.07,481.72,5955.13,0.0,7694.22,436.67,7257.55,0.0,organic,2015,Detroit
29,2015-06-07,1.28,12366.2,750.88,8290.39,0.0,3324.93,1359.77,1965.16,0.0,organic,2015,Detroit
37,2015-04-12,1.72,7736.69,460.89,6496.85,0.0,778.95,357.92,421.03,0.0,organic,2015,Detroit
43,2015-03-01,1.92,7174.35,386.65,5898.07,0.0,889.63,516.67,372.96,0.0,organic,2015,Detroit
51,2015-01-04,1.7,7446.43,361.76,5025.58,0.0,2059.09,746.43,1312.66,0.0,organic,2015,Detroit
4,2015-11-29,1.66,1497.39,808.92,568.47,0.0,120.0,120.0,0.0,0.0,organic,2015,GrandRapids
16,2015-09-06,1.68,2320.11,1050.73,866.05,0.0,403.33,403.33,0.0,0.0,organic,2015,GrandRapids
22,2015-07-26,1.86,1070.6,9.96,793.97,0.0,266.67,266.67,0.0,0.0,organic,2015,GrandRapids
37,2015-04-12,1.86,823.5,0.0,606.83,0.0,216.67,216.67,0.0,0.0,organic,2015,GrandRapids
40,2015-03-22,2.01,683.76,20.54,659.89,0.0,3.33,3.33,0.0,0.0,organic,2015,GrandRapids
48,2015-01-25,2.01,711.52,59.16,572.36,0.0,80.0,80.0,0.0,0.0,organic,2015,GrandRapids
14,2015-09-20,1.68,75306.07,8591.69,60724.74,0.0,5989.64,4811.55,1178.09,0.0,organic,2015,GreatLakes
20,2015-08-09,1.7,84089.07,6759.99,64669.41,7.88,12651.79,9238.64,3413.15,0.0,organic,2015,GreatLakes
25,2015-07-05,1.54,86288.07,3459.78,64726.47,0.0,18101.82,6963.33,11138.49,0.0,organic,2015,GreatLakes
27,2015-06-21,1.62,72563.98,4039.33,57352.16,1.58,11170.91,5417.71,5753.2,0.0,organic,2015,GreatLakes
49,2015-01-18,1.73,57646.9,3941.59,43653.15,0.0,10052.16,6511.7,3540.46,0.0,organic,2015,GreatLakes
51,2015-01-04,1.54,61615.1,3633.93,42963.06,0.0,15018.11,9763.55,5254.56,0.0,organic,2015,GreatLakes
19,2015-08-16,1.88,1721.57,101.04,156.68,7.65,1456.2,1456.2,0.0,0.0,organic,2015,HarrisburgScranton
20,2015-08-09,1.69,3079.23,99.0,160.14,33.3,2786.79,2786.79,0.0,0.0,organic,2015,HarrisburgScranton
34,2015-05-03,1.84,3547.22,38.69,132.65,0.0,3375.88,3375.88,0.0,0.0,organic,2015,HarrisburgScranton
41,2015-03-15,1.72,2403.77,52.73,270.59,0.0,2080.45,2080.45,0.0,0.0,organic,2015,HarrisburgScranton
0,2015-12-27,2.32,5526.5,88.59,3733.01,6.81,1698.09,1619.34,78.75,0.0,organic,2015,HartfordSpringfield
8,2015-11-01,1.96,4177.83,88.45,2399.47,9.72,1680.19,1390.22,289.97,0.0,organic,2015,HartfordSpringfield
15,2015-09-13,2.36,2868.18,49.48,2509.01,2.75,306.94,306.94,0.0,0.0,organic,2015,HartfordSpringfield
38,2015-04-05,2.18,2789.49,99.8,1927.65,2.59,759.45,759.45,0.0,0.0,organic,2015,HartfordSpringfield
12,2015-10-04,1.48,10800.6,6511.05,101.39,0.0,4188.16,4188.16,0.0,0.0,organic,2015,Houston
24,2015-07-12,1.17,11741.87,11397.65,277.55,0.0,66.67,66.67,0.0,0.0,organic,2015,Houston
25,2015-07-05,1.17,12717.2,11733.69,353.51,0.0,630.0,630.0,0.0,0.0,organic,2015,Houston
35,2015-04-26,1.26,12066.11,10739.01,480.43,0.0,846.67,846.67,0.0,0.0,organic,2015,Houston
38,2015-04-05,1.25,11676.65,10220.11,469.87,0.0,986.67,986.67,0.0,0.0,organic,2015,Houston
42,2015-03-08,1.31,9212.46,7483.56,622.23,0.0,1106.67,1106.67,0.0,0.0,organic,2015,Houston
0,2015-12-27,1.49,1726.25,207.04,1052.49,0.0,466.72,394.95,71.77,0.0,organic,2015,Indianapolis
27,2015-06-21,1.8,1591.6,74.67,1040.59,0.0,476.34,326.87,149.47,0.0,organic,2015,Indianapolis
32,2015-05-17,1.19,2363.41,111.73,870.72,0.0,1380.96,258.1,1122.86,0.0,organic,2015,Indianapolis
42,2015-03-08,1.69,2205.12,70.33,949.01,0.0,1185.78,1026.67,159.11,0.0,organic,2015,Indianapolis
0,2015-12-27,1.82,1754.98,1154.87,45.01,28.43,526.67,526.67,0.0,0.0,organic,2015,Jacksonville
23,2015-07-19,1.63,3597.52,1209.37,23.85,34.07,2330.23,2330.23,0.0,0.0,organic,2015,Jacksonville
32,2015-05-17,1.75,2470.94,1550.76,186.61,248.41,485.16,485.16,0.0,0.0,organic,2015,Jacksonville
39,2015-03-29,1.76,2214.84,1346.48,65.78,17.06,785.52,777.4,8.12,0.0,organic,2015,Jacksonville
32,2015-05-17,1.35,12470.02,6463.13,4621.31,0.0,1385.58,330.0,1055.58,0.0,organic,2015,LasVegas
50,2015-01-11,1.54,6144.55,4027.3,2083.92,0.0,33.33,33.33,0.0,0.0,organic,2015,LasVegas
14,2015-09-20,1.57,43450.79,20900.82,18316.88,0.0,4233.09,4216.42,16.67,0.0,organic,2015,LosAngeles
19,2015-08-16,1.55,39542.9,15077.03,13358.18,0.0,11107.69,11107.69,0.0,0.0,organic,2015,LosAngeles
49,2015-01-18,1.29,43649.12,33738.87,1368.91,0.0,8541.34,8541.34,0.0,0.0,organic,2015,LosAngeles
9,2015-10-25,1.64,1779.45,69.06,1631.97,0.0,78.42,0.0,78.42,0.0,organic,2015,Louisville
11,2015-10-11,1.65,1243.4,11.54,988.31,0.0,243.55,0.0,243.55,0.0,organic,2015,Louisville
14,2015-09-20,1.65,1974.52,40.99,1268.23,0.0,665.3,423.33,241.97,0.0,organic,2015,Louisville
31,2015-05-24,1.51,2285.46,3.69,1340.14,0.0,941.63,438.45,503.18,0.0,organic,2015,Louisville
32,2015-05-17,1.44,2132.11,2.46,1335.83,0.0,793.82,458.25,335.57,0.0,organic,2015,Louisville
43,2015-03-01,1.65,1510.75,0.0,1077.97,0.0,432.78,213.33,219.45,0.0,organic,2015,Louisville
15,2015-09-13,1.43,1005.8,10.92,5.28,0.0,989.6,989.6,0.0,0.0,organic,2015,MiamiFtLauderdale
17,2015-08-30,1.47,1358.02,6.31,11.79,0.0,1339.92,1339.92,0.0,0.0,organic,2015,MiamiFtLauderdale
28,2015-06-14,1.81,2017.29,1278.78,13.6,0.0,724.91,724.91,0.0,0.0,organic,2015,MiamiFtLauderdale
33,2015-05-10,1.77,2184.05,1393.71,8.68,0.0,781.66,759.62,22.04,0.0,organic,2015,MiamiFtLauderdale
37,2015-04-12,1.81,1877.52,1456.1,35.22,0.0,386.2,386.2,0.0,0.0,organic,2015,MiamiFtLauderdale
44,2015-02-22,1.92,1386.85,1140.99,19.2,0.0,226.66,223.33,3.33,0.0,organic,2015,MiamiFtLauderdale
46,2015-02-08,1.72,2118.66,945.33,0.0,0.0,1173.33,1173.33,0.0,0.0,organic,2015,MiamiFtLauderdale
49,2015-01-18,1.87,1459.37,1054.78,17.92,0.0,386.67,386.67,0.0,0.0,organic,2015,MiamiFtLauderdale
26,2015-06-28,1.62,67201.29,7894.13,35220.02,4380.25,19706.89,12921.08,6785.81,0.0,organic,2015,Midsouth
37,2015-04-12,1.53,76027.78,10623.07,38006.99,5014.1,22383.62,14962.2,7421.42,0.0,organic,2015,Midsouth
15,2015-09-13,1.53,6742.51,409.09,4994.22,0.0,1339.2,638.66,700.54,0.0,organic,2015,Nashville
16,2015-09-06,1.31,8225.49,355.57,5187.04,0.0,2682.88,986.04,1696.84,0.0,organic,2015,Nashville
41,2015-03-15,1.78,3199.37,230.06,2525.05,54.99,389.27,263.33,125.94,0.0,organic,2015,Nashville
42,2015-03-08,1.8,4231.32,213.26,2967.69,110.0,940.37,916.67,23.7,0.0,organic,2015,Nashville
10,2015-10-18,1.52,3148.46,366.69,93.2,0.0,2688.57,2688.57,0.0,0.0,organic,2015,NewOrleansMobile
27,2015-06-21,1.64,2778.44,569.5,218.94,0.0,1990.0,1990.0,0.0,0.0,organic,2015,NewOrleansMobile
50,2015-01-11,1.44,1492.44,233.3,15.81,0.0,1243.33,1243.33,0.0,0.0,organic,2015,NewOrleansMobile
17,2015-08-30,2.24,16541.9,2258.34,10984.36,844.54,2454.66,2063.66,391.0,0.0,organic,2015,NewYork
5,2015-11-22,1.63,55389.85,4842.73,14368.7,217.07,35961.35,28099.9,7861.45,0.0,organic,2015,Northeast
31,2015-05-24,1.97,63674.1,5569.19,18983.33,513.94,38607.64,38338.21,269.43,0.0,organic,2015,Northeast
42,2015-03-08,1.79,60655.7,3991.62,17082.17,38.58,39543.33,39361.95,181.38,0.0,organic,2015,Northeast
23,2015-07-19,1.96,8067.82,20.58,1104.69,0.0,6942.55,6942.55,0.0,0.0,organic,2015,NorthernNewEngland
41,2015-03-15,1.9,5599.89,7.89,687.58,0.0,4904.42,4904.42,0.0,0.0,organic,2015,NorthernNewEngland
8,2015-11-01,1.8,3127.26,1849.9,18.78,0.0,1258.58,1258.58,0.0,0.0,organic,2015,Orlando
14,2015-09-20,2.08,3252.5,1870.05,47.91,0.0,1334.54,1334.54,0.0,0.0,organic,2015,Orlando
26,2015-06-28,1.87,2804.46,2068.27,79.52,0.0,656.67,656.67,0.0,0.0,organic,2015,Orlando
27,2015-06-21,1.89,2442.88,1841.47,79.35,0.0,522.06,490.0,32.06,0.0,organic,2015,Orlando
28,2015-06-14,1.86,3012.55,2115.25,67.3,0.0,830.0,830.0,0.0,0.0,organic,2015,Orlando
40,2015-03-22,1.77,3577.55,1876.49,81.06,0.0,1620.0,1620.0,0.0,0.0,organic,2015,Orlando
44,2015-02-22,1.76,2584.79,1346.61,31.51,0.0,1206.67,1206.67,0.0,0.0,organic,2015,Orlando
1,2015-12-20,1.83,6900.94,719.56,2853.84,522.0,2805.54,1195.09,1610.45,0.0,organic,2015,Philadelphia
20,2015-08-09,1.82,10066.22,7476.75,1473.42,0.0,1116.05,880.0,236.05,0.0,organic,2015,PhoenixTucson
38,2015-04-05,1.5,14328.05,10944.3,1290.72,0.0,2093.03,1812.94,280.09,0.0,organic,2015,PhoenixTucson
1,2015-12-20,1.55,679.51,234.43,31.59,0.0,413.49,287.87,125.62,0.0,organic,2015,Pittsburgh
8,2015-11-01,1.46,1383.12,399.03,57.98,0.0,926.11,694.95,231.16,0.0,organic,2015,Pittsburgh
9,2015-10-25,1.47,1973.01,594.36,27.33,0.0,1351.32,1328.55,22.77,0.0,organic,2015,Pittsburgh
15,2015-09-13,1.47,1390.96,529.81,46.29,0.0,814.86,631.97,182.89,0.0,organic,2015,Pittsburgh
30,2015-05-31,1.51,2154.53,839.69,30.05,0.0,1284.79,1106.72,178.07,0.0,organic,2015,Pittsburgh
33,2015-05-10,1.49,2295.39,844.96,42.74,0.0,1407.69,1220.47,187.22,0.0,organic,2015,Pittsburgh
34,2015-05-03,1.49,1889.99,624.2,39.22,0.0,1226.57,995.08,231.49,0.0,organic,2015,Pittsburgh
48,2015-01-25,1.7,1441.14,598.03,91.36,0.0,751.75,559.41,192.34,0.0,organic,2015,Pittsburgh
4,2015-11-29,1.82,23344.7,3959.16,12315.78,28.42,7041.34,4404.5,2636.84,0.0,organic,2015,Plains
6,2015-11-15,1.68,30958.65,4190.97,14235.26,26.27,12506.15,7356.62,5149.53,0.0,organic,2015,Plains
13,2015-09-27,1.85,28183.63,2948.96,14238.72,19.35,10976.6,8593.72,2382.88,0.0,organic,2015,Plains
32,2015-05-17,1.93,30302.51,4649.22,17148.75,48.82,8455.72,6285.96,2169.76,0.0,organic,2015,Plains
49,2015-01-18,1.8,29669.53,6340.18,13476.2,34.56,9818.59,8577.16,1241.43,0.0,organic,2015,Plains
14,2015-09-20,1.76,18014.56,2052.48,9055.35,0.0,6906.73,0.0,6906.73,0.0,organic,2015,Portland
17,2015-08-30,1.37,50198.43,3242.25,35409.64,0.0,11546.54,0.0,11546.54,0.0,organic,2015,Portland
27,2015-06-21,1.53,32394.98,8095.22,23586.71,13.35,699.7,0.0,699.7,0.0,organic,2015,Portland
28,2015-06-14,1.91,24034.25,8491.5,14130.91,15.03,1396.81,0.0,1396.81,0.0,organic,2015,Portland
33,2015-05-10,1.64,26757.91,9687.42,13297.52,0.0,3772.97,0.0,3772.97,0.0,organic,2015,Portland
39,2015-03-29,1.45,59406.24,9134.72,45312.41,3.14,4955.97,3.06,4952.91,0.0,organic,2015,Portland
42,2015-03-08,1.45,60658.97,15501.22,44127.27,10.85,1019.63,0.0,1019.63,0.0,organic,2015,Portland
43,2015-03-01,1.32,30280.67,17519.03,12225.23,35.68,500.73,0.0,500.73,0.0,organic,2015,Portland
49,2015-01-18,1.24,51904.44,11894.56,30078.32,4.7,9926.86,303.33,9623.53,0.0,organic,2015,Portland
0,2015-12-27,1.74,3905.44,256.26,1936.8,437.05,1275.33,1116.34,158.99,0.0,organic,2015,RaleighGreensboro
8,2015-11-01,1.65,5676.99,77.02,2249.16,707.61,2643.2,2156.74,486.46,0.0,organic,2015,RaleighGreensboro
11,2015-10-11,1.59,6683.43,42.36,2450.97,861.5,3328.6,2405.52,923.08,0.0,organic,2015,RaleighGreensboro
18,2015-08-23,1.92,6846.72,88.77,3262.67,891.22,2604.06,2335.43,268.63,0.0,organic,2015,RaleighGreensboro
21,2015-08-02,1.86,6466.04,88.22,3021.26,690.11,2666.45,2588.48,77.97,0.0,organic,2015,RaleighGreensboro
28,2015-06-14,1.75,6913.18,203.17,2924.84,1010.38,2774.79,2179.92,594.87,0.0,organic,2015,RaleighGreensboro
46,2015-02-08,1.73,5749.75,56.66,2117.25,855.4,2720.44,2635.69,84.75,0.0,organic,2015,RaleighGreensboro
0,2015-12-27,1.53,4116.38,59.01,1910.71,233.68,1912.98,1292.73,620.25,0.0,organic,2015,RichmondNorfolk
4,2015-11-29,1.68,2729.66,45.91,1463.34,180.4,1040.01,773.34,266.67,0.0,organic,2015,RichmondNorfolk
21,2015-08-02,1.7,5359.81,93.71,4051.34,383.27,831.49,703.33,128.16,0.0,organic,2015,RichmondNorfolk
42,2015-03-08,1.57,5746.55,131.38,2471.16,488.5,2655.51,2553.33,102.18,0.0,organic,2015,RichmondNorfolk
1,2015-12-20,1.59,3569.54,47.01,3008.82,0.0,513.71,495.93,17.78,0.0,organic,2015,Roanoke
22,2015-07-26,1.34,7695.34,115.02,4828.27,0.0,2752.05,53.33,2698.72,0.0,organic,2015,Roanoke
38,2015-04-05,1.42,6849.71,92.13,5159.16,0.0,1598.42,953.33,645.09,0.0,organic,2015,Roanoke
39,2015-03-29,1.51,6479.15,125.9,5301.46,0.0,1051.79,956.67,95.12,0.0,organic,2015,Roanoke
4,2015-11-29,2.04,4643.81,872.55,3592.5,0.0,178.76,112.09,66.67,0.0,organic,2015,Sacramento
7,2015-11-08,1.8,5951.51,1335.02,4090.76,0.0,525.73,247.95,277.78,0.0,organic,2015,Sacramento
26,2015-06-28,1.84,9219.97,4916.07,4050.11,0.0,253.79,253.79,0.0,0.0,organic,2015,Sacramento
29,2015-06-07,1.85,9557.56,4934.71,4500.75,0.0,122.1,122.1,0.0,0.0,organic,2015,Sacramento
5,2015-11-22,1.85,7438.22,1689.0,5341.01,0.0,408.21,397.37,10.84,0.0,organic,2015,SanDiego
19,2015-08-16,1.82,9064.11,2762.8,5555.73,0.0,745.58,745.58,0.0,0.0,organic,2015,SanDiego
25,2015-07-05,1.55,16352.08,3011.64,12801.71,0.0,538.73,538.73,0.0,0.0,organic,2015,SanDiego
39,2015-03-29,1.53,8962.77,3207.2,5150.91,0.0,604.66,604.66,0.0,0.0,organic,2015,SanDiego
6,2015-11-15,2.02,17078.8,1082.9,15979.71,0.0,16.19,16.19,0.0,0.0,organic,2015,SanFrancisco
35,2015-04-26,1.52,31950.47,22964.23,8946.0,0.0,40.24,40.24,0.0,0.0,organic,2015,SanFrancisco
51,2015-01-04,1.18,22630.58,13175.57,9028.34,0.0,426.67,426.67,0.0,0.0,organic,2015,SanFrancisco
6,2015-11-15,1.5,27437.74,2049.35,11965.96,17.31,13405.12,290.22,13114.9,0.0,organic,2015,Seattle
36,2015-04-19,1.76,36734.87,9788.52,24647.6,72.91,2225.84,0.0,2225.84,0.0,organic,2015,Seattle
41,2015-03-15,1.8,26717.98,8978.82,17520.57,15.16,203.43,0.0,203.43,0.0,organic,2015,Seattle
1,2015-12-20,1.77,3240.71,572.06,1280.97,344.25,1043.43,1033.02,10.41,0.0,organic,2015,SouthCarolina
8,2015-11-01,1.75,4052.15,506.15,1292.31,526.49,1727.2,1626.03,101.17,0.0,organic,2015,SouthCarolina
20,2015-08-09,2.0,3813.54,610.36,1768.29,661.17,773.72,707.3,66.42,0.0,organic,2015,SouthCarolina
35,2015-04-26,2.02,3545.7,684.84,1269.42,485.55,1105.89,1022.68,83.21,0.0,organic,2015,SouthCarolina
41,2015-03-15,1.5,5224.18,516.14,2676.3,568.85,1462.89,823.33,639.56,0.0,organic,2015,SouthCarolina
51,2015-01-04,1.86,3351.76,355.79,754.78,439.19,1802.0,1768.67,33.33,0.0,organic,2015,SouthCarolina
2,2015-12-13,1.43,59392.62,22665.44,4692.95,0.0,32034.23,31725.74,308.49,0.0,organic,2015,SouthCentral
8,2015-11-01,1.51,57066.49,24717.23,4952.41,0.0,27396.85,26999.58,397.27,0.0,organic,2015,SouthCentral
22,2015-07-26,1.26,62027.52,47466.03,5752.63,0.0,8808.86,7114.14,1694.72,0.0,organic,2015,SouthCentral
23,2015-07-19,1.31,56107.03,41370.58,6317.71,0.0,8418.74,6211.9,2206.84,0.0,organic,2015,SouthCentral
37,2015-04-12,1.4,71697.82,42155.69,5686.47,36.67,23818.99,23576.67,242.32,0.0,organic,2015,SouthCentral
45,2015-02-15,1.39,77922.66,32655.36,7467.65,0.0,37799.65,37376.67,422.98,0.0,organic,2015,SouthCentral
46,2015-02-08,1.39,65372.85,28170.54,6886.82,0.0,30315.49,29646.67,668.82,0.0,organic,2015,SouthCentral
47,2015-02-01,1.28,64156.46,33408.72,10410.41,0.0,20337.33,19943.33,394.0,0.0,organic,2015,SouthCentral
6,2015-11-15,1.75,30790.79,11283.31,5218.44,591.33,13697.71,13393.92,303.79,0.0,organic,2015,Southeast
24,2015-07-12,1.72,37288.73,7724.96,6548.52,809.8,22205.45,18521.62,3683.83,0.0,organic,2015,Southeast
35,2015-04-26,1.7,33155.61,18578.82,7341.19,710.75,6524.85,6214.8,310.05,0.0,organic,2015,Southeast
0,2015-12-27,1.59,1723.36,41.54,1206.17,0.0,475.65,12.85,462.8,0.0,organic,2015,Spokane
1,2015-12-20,1.56,1711.63,42.41,1048.06,0.0,621.16,0.0,621.16,0.0,organic,2015,Spokane
13,2015-09-27,1.91,1992.05,333.19,1381.73,0.0,277.13,0.0,277.13,0.0,organic,2015,Spokane
14,2015-09-20,2.13,1534.35,370.04,1127.78,0.0,36.53,0.0,36.53,0.0,organic,2015,Spokane
4,2015-11-29,1.58,3886.94,1748.75,1098.88,0.0,1039.31,33.33,1005.98,0.0,organic,2015,StLouis
7,2015-11-08,1.48,4963.92,1709.66,1279.12,194.73,1780.41,388.94,1391.47,0.0,organic,2015,StLouis
11,2015-10-11,1.57,4180.11,1197.54,1561.3,0.0,1421.27,76.67,1344.6,0.0,organic,2015,StLouis
22,2015-07-26,1.91,3005.89,2170.18,19.66,0.0,816.05,816.05,0.0,0.0,organic,2015,StLouis
19,2015-08-16,1.86,588.87,0.0,67.66,0.0,521.21,521.21,0.0,0.0,organic,2015,Syracuse
29,2015-06-07,1.77,2145.03,0.0,49.66,0.0,2095.37,2095.37,0.0,0.0,organic,2015,Syracuse
50,2015-01-11,1.66,762.15,1.24,195.51,0.0,565.4,565.4,0.0,0.0,organic,2015,Syracuse
0,2015-12-27,1.63,2161.84,874.75,17.54,0.0,1269.55,1216.67,52.88,0.0,organic,2015,Tampa
5,2015-11-22,1.78,1983.73,1113.29,63.41,0.0,807.03,797.03,10.0,0.0,organic,2015,Tampa
20,2015-08-09,1.5,1250.53,4.72,2.48,0.0,1243.33,1243.33,0.0,0.0,organic,2015,Tampa
24,2015-07-12,1.63,2377.5,306.52,3.61,0.0,2067.37,2067.37,0.0,0.0,organic,2015,Tampa
38,2015-04-05,1.72,1998.39,922.43,5.96,0.0,1070.0,1070.0,0.0,0.0,organic,2015,Tampa
8,2015-11-01,1.47,647789.17,113380.29,262559.59,6583.03,265266.26,139244.36,126021.9,0.0,organic,2015,TotalUS
11,2015-10-11,1.69,519892.67,93015.27,230653.61,4792.06,191431.73,101953.72,89478.01,0.0,organic,2015,TotalUS
26,2015-06-28,1.64,659947.03,192182.13,332739.27,5956.87,129068.76,80006.4,49062.36,0.0,organic,2015,TotalUS
1,2015-12-20,1.45,144120.63,30114.67,45111.21,38.63,68856.12,12937.47,55918.65,0.0,organic,2015,West
2,2015-12-13,1.16,228520.16,29083.18,68810.09,67.91,130558.98,28892.2,101666.78,0.0,organic,2015,West
45,2015-02-15,1.58,166334.97,60976.33,72229.53,104.93,33024.18,7284.44,25739.74,0.0,organic,2015,West
46,2015-02-08,1.4,246616.27,64858.54,116792.77,65.38,64899.58,17633.33,47266.25,0.0,organic,2015,West
5,2015-11-15,1.92,8175.94,1925.21,3271.43,16.72,2962.58,2946.66,15.92,0.0,organic,2015,WestTexNewMexico
13,2015-09-20,2.19,5023.44,896.41,2911.75,0.0,1215.28,1190.0,25.28,0.0,organic,2015,WestTexNewMexico
37,2015-04-05,1.8,9073.21,2827.97,3353.79,0.0,2891.45,2619.58,271.87,0.0,organic,2015,WestTexNewMexico
46,2015-02-01,1.77,7210.19,1634.42,3012.44,0.0,2563.33,2563.33,0.0,0.0,organic,2015,WestTexNewMexico
0,2016-12-25,1.93,1714.92,77.5,250.13,0.0,1387.29,1387.29,0.0,0.0,organic,2016,Albany
3,2016-12-04,1.97,1364.73,100.01,99.17,0.0,1165.55,1165.55,0.0,0.0,organic,2016,Albany
35,2016-04-24,1.77,2328.82,19.94,430.39,0.0,1878.49,1878.49,0.0,0.0,organic,2016,Albany
39,2016-03-27,1.65,1705.39,14.07,98.52,0.0,1592.8,1592.8,0.0,0.0,organic,2016,Albany
40,2016-03-20,1.76,1733.01,14.09,258.37,0.0,1460.55,1460.55,0.0,0.0,organic,2016,Albany
8,2016-10-30,2.25,7568.41,1126.99,5373.69,0.0,1067.73,0.0,1067.73,0.0,organic,2016,Atlanta
22,2016-07-24,1.91,11619.75,2682.63,6193.26,0.0,2743.86,1668.45,1075.41,0.0,organic,2016,Atlanta
25,2016-07-03,0.85,20324.1,2065.19,6670.1,0.0,11588.81,1465.71,10123.1,0.0,organic,2016,Atlanta
44,2016-02-21,1.74,5258.5,2034.56,2318.33,0.0,905.61,503.33,402.28,0.0,organic,2016,Atlanta
4,2016-11-27,2.17,12675.57,676.38,6554.56,239.91,5204.72,5195.78,8.94,0.0,organic,2016,BaltimoreWashington
5,2016-11-20,2.03,13147.71,639.47,6753.59,330.46,5424.19,5399.24,24.95,0.0,organic,2016,BaltimoreWashington
19,2016-08-14,1.76,16889.91,2206.71,10855.76,367.06,3460.38,3443.56,16.82,0.0,organic,2016,BaltimoreWashington
41,2016-03-13,1.54,19068.45,851.45,8994.0,281.67,8941.33,5005.66,3935.67,0.0,organic,2016,BaltimoreWashington
15,2016-09-11,1.29,3537.86,0.0,620.16,0.0,2917.7,1238.62,1679.08,0.0,organic,2016,Boise
19,2016-08-14,1.87,2142.35,2.53,1243.41,0.0,896.41,335.76,560.65,0.0,organic,2016,Boise
27,2016-06-19,1.05,8908.04,0.0,4079.79,0.0,4828.25,2003.1,2825.15,0.0,organic,2016,Boise
31,2016-05-22,1.43,2779.2,0.0,2320.42,0.0,458.78,390.0,68.78,0.0,organic,2016,Boise
34,2016-05-01,0.92,2440.13,0.0,496.28,0.0,1943.85,176.67,1767.18,0.0,organic,2016,Boise
37,2016-04-10,1.0,3469.2,2.6,1463.35,0.0,2003.25,240.0,1763.25,0.0,organic,2016,Boise
39,2016-03-27,1.41,2565.18,19.24,1333.95,0.0,1211.99,353.33,858.66,0.0,organic,2016,Boise
47,2016-01-31,1.24,1660.38,23.98,425.27,0.0,1211.13,223.33,987.8,0.0,organic,2016,Boise
2,2016-12-11,1.88,13714.62,22.64,1093.69,0.0,12598.29,12593.46,4.83,0.0,organic,2016,Boston
6,2016-11-13,1.59,9660.96,22.07,1133.09,0.0,8505.8,8505.8,0.0,0.0,organic,2016,Boston
7,2016-11-06,1.72,9755.42,62.71,1259.58,0.0,8433.13,8433.13,0.0,0.0,organic,2016,Boston
38,2016-04-03,1.73,12763.11,7.62,549.76,0.0,12205.73,10844.42,1361.31,0.0,organic,2016,Boston
50,2016-01-10,1.32,7751.94,65.96,766.46,1.2,6918.32,6918.32,0.0,0.0,organic,2016,Boston
29,2016-06-05,1.54,5859.34,53.71,464.99,0.0,5340.64,2677.92,2662.72,0.0,organic,2016,BuffaloRochester
30,2016-05-29,1.64,7055.5,33.37,1055.87,0.0,5966.26,1972.69,3993.57,0.0,organic,2016,BuffaloRochester
35,2016-04-24,1.55,6903.38,17.81,203.35,0.0,6682.22,3428.27,3253.95,0.0,organic,2016,BuffaloRochester
25,2016-07-03,1.58,209495.6,24660.35,110483.19,21.71,74330.35,72414.48,1915.87,0.0,organic,2016,California
37,2016-04-10,1.4,193519.09,16938.01,93768.59,0.0,82812.49,78412.84,4399.65,0.0,organic,2016,California
45,2016-02-14,1.47,158522.76,11345.11,87139.61,97.12,59940.92,48968.58,10972.34,0.0,organic,2016,California
50,2016-01-10,1.33,138580.98,17520.67,60382.97,0.0,60677.34,45417.9,15259.44,0.0,organic,2016,California
4,2016-11-27,2.03,6587.92,163.77,2762.34,514.03,3147.78,2766.84,380.94,0.0,organic,2016,Charlotte
8,2016-10-30,1.66,10446.48,160.0,4973.04,1171.38,4142.06,3748.17,393.89,0.0,organic,2016,Charlotte
16,2016-09-04,1.81,8582.19,205.09,4068.91,881.26,3426.93,3416.93,10.0,0.0,organic,2016,Charlotte
22,2016-07-24,1.62,8306.2,388.08,4288.98,1242.32,2386.82,2383.49,3.33,0.0,organic,2016,Charlotte
21,2016-07-31,2.11,28969.34,80.77,27361.91,0.0,1526.66,1526.66,0.0,0.0,organic,2016,Chicago
41,2016-03-13,1.5,29584.31,110.77,28997.72,0.0,475.82,475.82,0.0,0.0,organic,2016,Chicago
46,2016-02-07,1.6,31000.01,872.31,29897.7,0.0,230.0,230.0,0.0,0.0,organic,2016,Chicago
47,2016-01-31,1.61,28813.36,814.1,27719.26,0.0,280.0,280.0,0.0,0.0,organic,2016,Chicago
0,2016-12-25,1.73,6592.44,235.03,5062.95,0.0,1294.46,504.22,790.24,0.0,organic,2016,CincinnatiDayton
1,2016-12-18,0.82,17920.51,216.36,4930.87,0.0,12773.28,346.06,12427.22,0.0,organic,2016,CincinnatiDayton
2,2016-12-11,0.64,27489.35,268.89,4743.81,0.0,22476.65,698.22,21778.43,0.0,organic,2016,CincinnatiDayton
3,2016-12-04,1.07,15658.75,269.53,5925.9,0.0,9463.32,201.57,9261.75,0.0,organic,2016,CincinnatiDayton
11,2016-10-09,1.51,15218.52,562.56,9696.37,0.0,4959.59,625.18,4334.41,0.0,organic,2016,CincinnatiDayton
20,2016-08-07,1.09,22772.04,470.0,7721.78,0.0,14580.26,666.17,13914.09,0.0,organic,2016,CincinnatiDayton
21,2016-07-31,1.51,12919.17,554.23,8694.68,0.0,3670.26,1047.48,2622.78,0.0,organic,2016,CincinnatiDayton
24,2016-07-10,0.98,24427.23,481.08,11267.87,0.0,12678.28,862.31,11815.97,0.0,organic,2016,CincinnatiDayton
1,2016-12-18,1.64,4249.07,504.97,1858.48,0.0,1885.62,1254.08,631.54,0.0,organic,2016,Columbus
8,2016-10-30,1.8,5890.85,712.43,2810.91,0.0,2367.51,1769.32,598.19,0.0,organic,2016,Columbus
30,2016-05-29,1.39,7507.51,371.44,4348.79,54.16,2733.12,590.47,2142.65,0.0,organic,2016,Columbus
11,2016-10-09,1.25,28837.82,13182.39,267.34,0.0,15388.09,6930.0,8458.09,0.0,organic,2016,DallasFtWorth
14,2016-09-18,1.31,18329.37,7605.58,1010.05,0.0,9713.74,7228.44,2485.3,0.0,organic,2016,DallasFtWorth
29,2016-06-05,1.05,26357.74,9412.3,640.22,0.0,16305.22,13879.09,2426.13,0.0,organic,2016,DallasFtWorth
34,2016-05-01,1.09,21668.3,7176.13,965.49,0.0,13526.68,11158.19,2368.49,0.0,organic,2016,DallasFtWorth
14,2016-09-18,1.37,22036.49,10442.96,2216.61,5.8,9371.12,9071.01,300.11,0.0,organic,2016,Denver
42,2016-03-06,0.66,121329.26,10700.89,10988.09,59.64,99580.64,41656.67,57923.97,0.0,organic,2016,Denver
11,2016-10-09,0.91,27051.5,678.11,8511.22,0.0,17862.17,1015.23,16846.94,0.0,organic,2016,Detroit
28,2016-06-12,1.25,19250.46,822.13,8482.74,0.0,9945.59,1020.0,8925.59,0.0,organic,2016,Detroit
44,2016-02-21,1.31,10640.55,2285.14,5350.58,0.0,3004.83,389.62,2615.21,0.0,organic,2016,Detroit
1,2016-12-18,2.11,1181.37,37.91,873.33,0.0,270.13,223.33,46.8,0.0,organic,2016,GrandRapids
4,2016-11-27,2.08,979.74,58.63,714.71,0.0,206.4,150.56,55.84,0.0,organic,2016,GrandRapids
33,2016-05-08,1.56,1750.18,50.8,1364.24,0.0,335.14,335.14,0.0,0.0,organic,2016,GrandRapids
34,2016-05-01,1.36,2405.79,72.15,1721.41,0.0,612.23,604.21,8.02,0.0,organic,2016,GrandRapids
36,2016-04-17,1.57,1620.45,102.47,788.49,0.0,729.49,720.0,9.49,0.0,organic,2016,GrandRapids
37,2016-04-10,1.34,1690.4,62.14,1118.45,0.0,509.81,480.0,29.81,0.0,organic,2016,GrandRapids
47,2016-01-31,1.54,2267.22,1297.07,733.48,0.0,236.67,236.67,0.0,0.0,organic,2016,GrandRapids
2,2016-12-11,1.1,167640.67,2755.84,77907.93,0.0,86976.9,22634.41,64342.49,0.0,organic,2016,GreatLakes
4,2016-11-27,1.49,96160.23,2651.36,39519.51,0.0,53989.36,23247.88,30741.48,0.0,organic,2016,GreatLakes
18,2016-08-21,1.65,119045.99,6118.03,69626.28,41.27,43260.41,18251.44,25008.97,0.0,organic,2016,GreatLakes
22,2016-07-24,1.67,112800.57,5835.96,65676.84,11.15,41276.62,23564.35,17712.27,0.0,organic,2016,GreatLakes
23,2016-07-17,1.33,139949.09,5230.59,67804.19,1.59,66912.72,16340.21,50572.51,0.0,organic,2016,GreatLakes
27,2016-06-19,1.23,160564.92,4587.03,89031.53,140.23,66806.13,17993.87,48812.26,0.0,organic,2016,GreatLakes
47,2016-01-31,1.45,89574.32,8791.51,58433.15,0.0,22349.66,6581.99,15767.67,0.0,organic,2016,GreatLakes
15,2016-09-11,2.03,9668.53,414.94,340.74,17.53,8895.32,8646.29,249.03,0.0,organic,2016,HarrisburgScranton
33,2016-05-08,1.6,6605.29,169.6,177.87,17.99,6239.83,5685.23,554.6,0.0,organic,2016,HarrisburgScranton
40,2016-03-20,1.51,7351.07,156.14,294.15,9.6,6891.18,6110.48,780.7,0.0,organic,2016,HarrisburgScranton
46,2016-02-07,1.91,7315.19,174.72,253.63,7.42,6879.42,2492.63,4386.79,0.0,organic,2016,HarrisburgScranton
13,2016-09-25,2.34,9905.86,188.52,3116.08,13.79,6587.47,6491.72,95.75,0.0,organic,2016,HartfordSpringfield
23,2016-07-17,2.39,12209.9,19.02,3863.13,8.15,8319.6,8319.6,0.0,0.0,organic,2016,HartfordSpringfield
47,2016-01-31,2.27,4585.28,126.99,2375.58,16.21,2066.5,1886.38,180.12,0.0,organic,2016,HartfordSpringfield
3,2016-12-04,1.0,23759.48,7476.0,37.13,0.0,16246.35,16243.02,3.33,0.0,organic,2016,Houston
13,2016-09-25,0.87,40784.87,13792.1,93.57,0.0,26899.2,26875.87,23.33,0.0,organic,2016,Houston
27,2016-06-19,1.13,17848.83,9746.5,55.2,0.0,8047.13,4002.17,4044.96,0.0,organic,2016,Houston
29,2016-06-05,1.05,20914.8,9052.29,84.02,0.0,11778.49,9907.74,1870.75,0.0,organic,2016,Houston
38,2016-04-03,1.18,12965.74,6048.13,46.83,0.0,6870.78,4963.28,1907.5,0.0,organic,2016,Houston
49,2016-01-17,1.31,11306.09,6398.07,99.57,0.0,4808.45,4808.45,0.0,0.0,organic,2016,Houston
8,2016-10-30,2.1,3125.55,150.44,1634.81,0.0,1340.3,1054.45,285.85,0.0,organic,2016,Indianapolis
33,2016-05-08,1.3,3820.07,120.0,1964.14,26.94,1708.99,772.63,936.36,0.0,organic,2016,Indianapolis
49,2016-01-17,1.51,2169.25,315.5,1240.35,8.83,604.57,283.33,321.24,0.0,organic,2016,Indianapolis
0,2016-12-25,1.27,3439.46,259.84,79.86,11.92,3087.84,1003.33,2084.51,0.0,organic,2016,Jacksonville
7,2016-11-06,1.43,3789.61,312.69,69.36,4.7,3402.86,650.0,2752.86,0.0,organic,2016,Jacksonville
32,2016-05-15,1.76,3079.43,2042.3,140.46,0.0,896.67,896.67,0.0,0.0,organic,2016,Jacksonville
16,2016-09-04,2.02,9266.73,2868.88,3199.25,0.0,3198.6,709.82,2488.78,0.0,organic,2016,LasVegas
19,2016-08-14,2.14,8267.22,2592.15,2647.51,0.0,3027.56,455.36,2572.2,0.0,organic,2016,LasVegas
27,2016-06-19,1.52,13092.1,5180.03,6593.84,0.0,1318.23,563.36,754.87,0.0,organic,2016,LasVegas
1,2016-12-18,1.29,75362.42,8328.2,30745.08,101.67,36187.47,31983.42,4204.05,0.0,organic,2016,LosAngeles
8,2016-10-30,2.1,48849.52,9327.57,19918.58,1.57,19601.8,11425.53,8176.27,0.0,organic,2016,LosAngeles
14,2016-09-18,1.47,74445.93,13098.28,24958.57,0.0,36389.08,31194.03,5195.05,0.0,organic,2016,LosAngeles
25,2016-07-03,1.23,116296.31,16982.26,37943.18,6.32,61364.55,59745.31,1619.24,0.0,organic,2016,LosAngeles
28,2016-06-12,1.15,106514.62,16790.67,34443.11,0.0,55280.84,55248.05,32.79,0.0,organic,2016,LosAngeles
18,2016-08-21,1.53,3132.72,18.62,2366.87,0.0,747.23,443.33,303.9,0.0,organic,2016,Louisville
43,2016-02-28,1.69,1081.74,15.76,1009.82,0.0,56.16,40.0,16.16,0.0,organic,2016,Louisville
4,2016-11-27,1.6,2084.95,15.57,2.71,0.0,2066.67,2036.67,30.0,0.0,organic,2016,MiamiFtLauderdale
5,2016-11-20,1.6,2157.46,6.44,17.68,0.0,2133.34,2113.34,20.0,0.0,organic,2016,MiamiFtLauderdale
10,2016-10-16,1.52,991.33,9.5,40.72,0.0,941.11,941.11,0.0,0.0,organic,2016,MiamiFtLauderdale
25,2016-07-03,1.24,6525.8,1109.37,55.4,0.0,5361.03,5321.03,40.0,0.0,organic,2016,MiamiFtLauderdale
26,2016-06-26,1.39,4836.08,1526.49,62.92,0.0,3246.67,3226.67,20.0,0.0,organic,2016,MiamiFtLauderdale
30,2016-05-29,1.27,5931.42,851.52,16.57,0.0,5063.33,5043.33,20.0,0.0,organic,2016,MiamiFtLauderdale
33,2016-05-08,1.48,4317.01,932.93,14.08,0.0,3370.0,3363.33,6.67,0.0,organic,2016,MiamiFtLauderdale
47,2016-01-31,1.54,1844.79,804.36,0.0,0.0,1040.43,1040.43,0.0,0.0,organic,2016,MiamiFtLauderdale
0,2016-12-25,1.68,72923.61,2716.25,30275.52,1628.46,38303.38,35684.99,2618.39,0.0,organic,2016,Midsouth
22,2016-07-24,1.75,103128.79,3832.04,54656.68,5019.61,39620.46,32405.39,7215.07,0.0,organic,2016,Midsouth
41,2016-03-13,1.4,91287.93,3388.4,46780.43,2001.92,39117.18,21173.39,17943.79,0.0,organic,2016,Midsouth
0,2016-12-25,1.5,3223.64,173.43,2567.94,0.0,482.27,31.11,451.16,0.0,organic,2016,Nashville
18,2016-08-21,1.48,9322.85,643.33,4627.09,0.0,4052.43,2242.22,1810.21,0.0,organic,2016,Nashville
25,2016-07-03,0.89,15605.42,615.59,5239.37,0.0,9750.46,431.4,9319.06,0.0,organic,2016,Nashville
43,2016-02-28,1.53,5288.17,645.58,3099.19,0.0,1543.4,1530.0,13.4,0.0,organic,2016,Nashville
1,2016-12-18,1.43,2560.46,77.12,0.0,0.0,2483.34,1755.41,727.93,0.0,organic,2016,NewOrleansMobile
5,2016-11-20,1.55,3713.49,73.61,0.0,0.0,3639.88,2620.83,1019.05,0.0,organic,2016,NewOrleansMobile
19,2016-08-14,1.55,5197.45,610.77,0.0,0.0,4586.68,4436.68,150.0,0.0,organic,2016,NewOrleansMobile
30,2016-05-29,1.8,1035.0,693.0,0.0,0.0,342.0,338.67,3.33,0.0,organic,2016,NewOrleansMobile
40,2016-03-20,1.26,3553.39,648.58,3.02,0.0,2901.79,2901.79,0.0,0.0,organic,2016,NewOrleansMobile
30,2016-05-29,2.15,34505.47,4303.03,13793.1,2706.92,13702.42,11496.63,2205.79,0.0,organic,2016,NewYork
38,2016-04-03,2.08,47308.85,5327.82,16420.01,2448.53,23112.49,21876.59,1235.9,0.0,organic,2016,NewYork
48,2016-01-24,2.09,28121.46,2289.5,9484.63,2221.2,14126.13,7033.2,7092.93,0.0,organic,2016,NewYork
34,2016-05-01,1.94,151476.61,8435.32,33077.84,2206.77,107756.68,95608.27,12148.41,0.0,organic,2016,Northeast
36,2016-04-17,1.84,119446.75,6852.49,28274.04,2138.19,82182.03,68444.04,13737.99,0.0,organic,2016,Northeast
1,2016-12-18,1.95,7450.03,6.19,215.35,0.0,7228.49,7228.49,0.0,0.0,organic,2016,NorthernNewEngland
12,2016-10-02,1.58,12400.93,0.0,173.16,0.0,12227.77,12227.77,0.0,0.0,organic,2016,NorthernNewEngland
16,2016-09-04,1.58,13039.44,1.0,231.39,0.0,12807.05,12807.05,0.0,0.0,organic,2016,NorthernNewEngland
29,2016-06-05,1.04,5130.06,0.0,184.17,0.0,4945.89,4945.89,0.0,0.0,organic,2016,NorthernNewEngland
31,2016-05-22,1.26,7645.75,3.81,249.99,0.0,7391.95,7391.95,0.0,0.0,organic,2016,NorthernNewEngland
43,2016-02-28,1.64,9920.46,1.26,357.43,0.0,9561.77,9558.44,3.33,0.0,organic,2016,NorthernNewEngland
35,2016-04-24,1.61,6013.98,2375.0,98.26,0.0,3540.72,3540.72,0.0,0.0,organic,2016,Orlando
20,2016-08-07,2.04,9269.42,729.49,3821.28,3.83,4714.82,4646.5,68.32,0.0,organic,2016,Philadelphia
23,2016-07-17,2.16,13247.34,855.59,4251.85,20.67,8119.23,6665.17,1454.06,0.0,organic,2016,Philadelphia
34,2016-05-01,1.87,13101.38,1713.54,3814.81,2.26,7570.77,7400.31,170.46,0.0,organic,2016,Philadelphia
17,2016-08-28,2.18,8525.59,3373.56,3328.41,0.0,1823.62,443.1,1380.52,0.0,organic,2016,PhoenixTucson
27,2016-06-19,1.69,17096.49,5593.38,9679.7,0.0,1823.41,483.99,1339.42,0.0,organic,2016,PhoenixTucson
32,2016-05-15,1.37,23075.45,6930.33,11799.94,0.0,4345.18,418.79,3926.39,0.0,organic,2016,PhoenixTucson
39,2016-03-27,1.54,11321.14,6596.67,2100.78,0.0,2623.69,2259.37,364.32,0.0,organic,2016,PhoenixTucson
51,2016-01-03,1.61,10650.66,6889.43,1037.3,0.0,2723.93,2618.9,105.03,0.0,organic,2016,PhoenixTucson
1,2016-12-18,1.48,6429.27,693.2,13.9,0.0,5722.17,5309.07,413.1,0.0,organic,2016,Pittsburgh
8,2016-10-30,1.54,8707.36,949.37,59.89,0.0,7698.1,7249.13,448.97,0.0,organic,2016,Pittsburgh
9,2016-10-23,1.52,8896.5,1009.65,87.95,0.0,7798.9,7224.88,574.02,0.0,organic,2016,Pittsburgh
25,2016-07-03,1.47,3486.32,252.15,525.74,0.0,2708.43,2617.74,90.69,0.0,organic,2016,Pittsburgh
30,2016-05-29,1.49,7189.09,1007.26,247.63,6.69,5927.51,5927.51,0.0,0.0,organic,2016,Pittsburgh
32,2016-05-15,1.41,2139.33,181.27,240.6,14.83,1702.63,1702.63,0.0,0.0,organic,2016,Pittsburgh
37,2016-04-10,1.35,1159.5,91.5,301.33,0.0,766.67,766.67,0.0,0.0,organic,2016,Pittsburgh
12,2016-10-02,1.76,47384.06,2804.71,18186.33,649.6,25743.42,13418.55,12324.87,0.0,organic,2016,Plains
31,2016-05-22,1.63,53325.35,7055.8,25456.08,10288.36,10525.11,6942.43,3582.68,0.0,organic,2016,Plains
0,2016-12-25,0.68,72161.05,2888.38,7043.82,9.89,62218.96,638.89,61580.07,0.0,organic,2016,Portland
8,2016-10-30,2.55,7136.88,1910.88,4597.68,0.83,627.49,172.25,455.24,0.0,organic,2016,Portland
13,2016-09-25,1.57,15562.86,2981.79,2886.82,0.0,9694.25,4026.13,5668.12,0.0,organic,2016,Portland
16,2016-09-04,1.34,38353.11,4754.59,13713.44,0.0,19885.08,872.7,19012.38,0.0,organic,2016,Portland
20,2016-08-07,1.58,28823.92,5514.1,9962.34,0.0,13347.48,3073.59,10273.89,0.0,organic,2016,Portland
39,2016-03-27,1.33,30826.41,1420.43,16074.89,1.65,13329.44,88.94,13240.5,0.0,organic,2016,Portland
50,2016-01-10,1.25,30581.35,1551.96,12122.49,15.05,16891.85,22.3,16869.55,0.0,organic,2016,Portland
51,2016-01-03,1.44,28250.84,2016.38,10072.33,6.69,16155.44,133.87,16021.57,0.0,organic,2016,Portland
10,2016-10-16,1.69,13121.67,168.46,5344.14,579.87,7029.2,6432.51,596.69,0.0,organic,2016,RaleighGreensboro
16,2016-09-04,1.83,14951.65,202.29,5615.18,591.32,8542.86,7280.01,1262.85,0.0,organic,2016,RaleighGreensboro
21,2016-07-31,1.68,15250.82,326.34,7146.4,1131.55,6646.53,6307.47,339.06,0.0,organic,2016,RaleighGreensboro
25,2016-07-03,1.44,7492.18,199.81,4533.08,419.71,2339.58,1563.39,776.19,0.0,organic,2016,RichmondNorfolk
36,2016-04-17,1.19,9118.19,253.12,3546.14,205.14,5113.79,3257.15,1856.64,0.0,organic,2016,RichmondNorfolk
45,2016-02-14,1.29,5510.43,177.82,2574.21,212.43,2545.97,1288.89,1257.08,0.0,organic,2016,RichmondNorfolk
49,2016-01-17,1.4,4173.42,69.79,2273.91,253.58,1576.14,1033.7,542.44,0.0,organic,2016,RichmondNorfolk
51,2016-01-03,1.45,5094.68,110.92,2315.25,326.87,2341.64,1223.21,1118.43,0.0,organic,2016,RichmondNorfolk
5,2016-11-20,0.98,9215.63,75.81,2398.24,0.0,6741.58,1186.12,5555.46,0.0,organic,2016,Roanoke
6,2016-11-13,1.17,9499.5,65.3,2932.56,0.0,6501.64,1297.2,5204.44,0.0,organic,2016,Roanoke
16,2016-09-04,1.15,11844.17,97.77,3795.93,0.0,7950.47,1605.04,6345.43,0.0,organic,2016,Roanoke
22,2016-07-24,1.51,7005.43,149.8,4086.11,0.0,2769.52,1330.89,1438.63,0.0,organic,2016,Roanoke
43,2016-02-28,1.29,4884.11,102.18,3439.18,0.0,1342.75,759.17,583.58,0.0,organic,2016,Roanoke
13,2016-09-25,2.18,6758.91,1733.09,4758.69,9.29,257.84,251.17,6.67,0.0,organic,2016,Sacramento
17,2016-08-28,2.23,6918.81,1196.98,5359.18,2.66,359.99,359.99,0.0,0.0,organic,2016,Sacramento
25,2016-07-03,2.13,9057.29,1931.88,6761.58,0.0,363.83,363.83,0.0,0.0,organic,2016,Sacramento
37,2016-04-10,2.05,7871.28,1570.39,5977.15,0.0,323.74,323.74,0.0,0.0,organic,2016,Sacramento
5,2016-11-20,2.22,8535.78,747.96,6107.03,0.0,1680.79,720.0,960.79,0.0,organic,2016,SanDiego
28,2016-06-12,1.45,18898.31,2863.86,11757.61,3.23,4273.61,4270.02,3.59,0.0,organic,2016,SanDiego
31,2016-05-22,1.15,21361.58,2091.2,10494.08,4.81,8771.49,8771.49,0.0,0.0,organic,2016,SanDiego
32,2016-05-15,1.53,16392.02,2107.1,9617.74,0.0,4667.18,4667.18,0.0,0.0,organic,2016,SanDiego
39,2016-03-27,1.35,16902.98,1329.74,9842.92,4.76,5725.56,1289.57,4435.99,0.0,organic,2016,SanDiego
40,2016-03-20,1.4,14926.04,1809.37,8607.36,3.21,4506.1,2285.38,2220.72,0.0,organic,2016,SanDiego
41,2016-03-13,1.38,20836.85,1821.51,12902.73,0.0,6112.61,1609.13,4503.48,0.0,organic,2016,SanDiego
10,2016-10-16,2.34,9048.18,696.18,5316.66,0.0,3035.34,3035.34,0.0,0.0,organic,2016,SanFrancisco
13,2016-09-25,2.35,21280.92,1004.39,17080.28,0.0,3196.25,3172.92,23.33,0.0,organic,2016,SanFrancisco
41,2016-03-13,2.27,25229.74,1352.64,22132.15,0.0,1744.95,1744.95,0.0,0.0,organic,2016,SanFrancisco
43,2016-02-28,2.29,24175.21,1143.86,23000.07,0.0,31.28,31.28,0.0,0.0,organic,2016,SanFrancisco
4,2016-11-27,1.53,36545.5,321.68,9807.21,26.11,26390.5,322.68,26067.82,0.0,organic,2016,Seattle
5,2016-11-20,1.59,40278.71,385.45,10855.78,3.92,29033.56,735.87,28297.69,0.0,organic,2016,Seattle
6,2016-11-13,2.28,28907.25,541.62,18490.5,41.96,9833.17,801.11,9032.06,0.0,organic,2016,Seattle
17,2016-08-28,2.24,18871.59,5595.5,12638.28,31.08,606.73,532.98,73.75,0.0,organic,2016,Seattle
23,2016-07-17,2.11,30480.39,1924.24,25560.94,35.13,2960.08,363.33,2596.75,0.0,organic,2016,Seattle
35,2016-04-24,1.31,63398.87,667.33,41604.03,11.87,21115.64,435.55,20680.09,0.0,organic,2016,Seattle
9,2016-10-23,1.4,11386.72,428.52,3328.29,276.86,7353.05,3788.85,3564.2,0.0,organic,2016,SouthCarolina
30,2016-05-29,1.41,9383.7,1076.48,2749.91,274.37,5282.94,4732.74,550.2,0.0,organic,2016,SouthCarolina
35,2016-04-24,1.49,9294.82,711.94,2575.64,247.25,5759.99,5536.75,223.24,0.0,organic,2016,SouthCarolina
11,2016-10-09,1.09,150647.8,54851.54,4379.24,0.0,91417.02,66104.4,25312.62,0.0,organic,2016,SouthCentral
48,2016-01-24,1.35,70767.77,23737.39,5747.06,0.0,41283.32,39836.86,1446.46,0.0,organic,2016,SouthCentral
18,2016-08-21,1.65,64499.62,11946.01,13428.48,712.1,38413.03,32410.75,6002.28,0.0,organic,2016,Southeast
27,2016-06-19,1.22,68218.09,15584.56,13257.71,654.68,38721.14,23160.93,15560.21,0.0,organic,2016,Southeast
40,2016-03-20,1.46,49153.27,15483.39,8830.51,452.71,24386.66,21785.79,2600.87,0.0,organic,2016,Southeast
4,2016-11-27,1.33,3169.8,38.57,645.56,0.0,2485.67,23.68,2461.99,0.0,organic,2016,Spokane
7,2016-11-06,2.02,1894.26,14.17,965.27,0.0,914.82,26.67,888.15,0.0,organic,2016,Spokane
9,2016-10-23,2.23,1253.5,48.21,938.03,5.02,262.24,0.0,262.24,0.0,organic,2016,Spokane
13,2016-09-25,2.27,1737.7,299.91,912.38,0.0,525.41,54.5,470.91,0.0,organic,2016,Spokane
25,2016-07-03,1.69,3136.55,403.35,1599.9,0.0,1133.3,7.51,1125.79,0.0,organic,2016,Spokane
40,2016-03-20,1.08,4726.65,88.02,1757.48,0.0,2881.15,441.53,2439.62,0.0,organic,2016,Spokane
50,2016-01-10,1.2,3528.15,44.29,1435.6,3.85,2044.41,0.0,2044.41,0.0,organic,2016,Spokane
14,2016-09-18,1.54,6740.24,2418.28,838.57,0.0,3483.39,711.99,2771.4,0.0,organic,2016,StLouis
21,2016-07-31,1.57,9269.91,2001.3,1662.32,52.23,5554.06,5547.39,6.67,0.0,organic,2016,StLouis
33,2016-05-08,1.47,5666.7,1939.42,608.58,0.0,3118.7,155.45,2963.25,0.0,organic,2016,StLouis
37,2016-04-10,0.58,14137.4,668.77,489.85,0.0,12978.78,61.76,12917.02,0.0,organic,2016,StLouis
18,2016-08-21,1.53,2472.9,7.34,157.78,0.0,2307.78,2307.78,0.0,0.0,organic,2016,Syracuse
42,2016-03-06,2.09,2090.95,0.0,225.45,0.0,1865.5,520.25,1345.25,0.0,organic,2016,Syracuse
2,2016-12-11,1.37,5795.54,317.18,16.63,0.0,5461.73,3273.33,2188.4,0.0,organic,2016,Tampa
17,2016-08-28,1.39,3938.37,114.1,60.94,0.0,3763.33,3723.33,40.0,0.0,organic,2016,Tampa
23,2016-07-17,1.44,4063.4,733.1,56.96,0.0,3273.34,3236.67,36.67,0.0,organic,2016,Tampa
35,2016-04-24,1.47,4904.86,1134.14,66.8,0.0,3703.92,3703.92,0.0,0.0,organic,2016,Tampa
42,2016-03-06,1.5,2873.92,1202.81,44.19,0.0,1626.92,1610.25,16.67,0.0,organic,2016,Tampa
46,2016-02-07,1.49,3031.31,1128.33,16.05,0.0,1886.93,1886.93,0.0,0.0,organic,2016,Tampa
48,2016-01-24,1.44,3907.4,1147.09,39.51,0.0,2720.8,2717.47,3.33,0.0,organic,2016,Tampa
50,2016-01-10,1.6,3428.28,1487.74,16.13,0.0,1924.41,1770.0,154.41,0.0,organic,2016,Tampa
6,2016-11-13,1.7,863948.15,110018.79,257268.83,3669.98,492990.55,322666.23,170324.32,0.0,organic,2016,TotalUS
16,2016-09-04,1.54,1052088.77,137842.79,344378.75,4653.04,565214.19,415589.66,149624.53,0.0,organic,2016,TotalUS
32,2016-05-15,1.45,1023252.17,146037.3,437584.52,8120.53,431509.82,309561.79,121948.03,0.0,organic,2016,TotalUS
45,2016-02-14,1.37,852463.31,102897.63,306235.69,6955.69,436374.3,201936.87,234437.43,0.0,organic,2016,TotalUS
37,2016-04-10,0.99,405751.04,30288.09,99517.71,131.37,275813.87,81246.82,194567.05,0.0,organic,2016,West
39,2016-03-27,1.39,208015.17,34897.61,73832.59,73.54,99211.43,24069.73,75141.7,0.0,organic,2016,West
41,2016-03-13,1.0,344775.17,42978.57,73760.05,156.62,227879.93,60151.34,167728.59,0.0,organic,2016,West
0,2016-12-25,1.31,17382.2,1381.72,3099.16,20.05,12881.27,12843.07,38.2,0.0,organic,2016,WestTexNewMexico
22,2016-07-24,1.99,16025.11,3853.35,4310.26,8.49,7853.01,3647.77,4205.24,0.0,organic,2016,WestTexNewMexico
33,2016-05-08,1.1,41244.99,4759.58,9207.54,14337.18,12940.69,7111.59,5829.1,0.0,organic,2016,WestTexNewMexico
46,2016-02-07,1.49,13712.44,1451.0,4199.43,37.92,8024.09,7913.5,110.59,0.0,organic,2016,WestTexNewMexico
7,2017-11-12,1.71,2664.62,0.0,245.71,0.0,2418.91,2418.91,0.0,0.0,organic,2017,Albany
23,2017-07-23,1.42,4233.61,93.39,93.39,0.0,4046.83,4046.83,0.0,0.0,organic,2017,Albany
34,2017-05-07,1.79,2897.23,89.53,315.14,0.0,2492.56,2492.56,0.0,0.0,organic,2017,Albany
36,2017-04-23,1.92,2087.6,110.25,182.56,0.0,1794.79,1794.79,0.0,0.0,organic,2017,Albany
5,2017-11-26,1.66,11834.89,344.14,3863.03,0.0,7627.72,6495.07,1132.65,0.0,organic,2017,Atlanta
12,2017-10-08,2.55,12275.61,371.26,4535.92,0.0,7368.43,6809.48,558.95,0.0,organic,2017,Atlanta
14,2017-09-24,2.56,18912.3,507.34,5068.56,0.0,13336.4,4252.99,9083.41,0.0,organic,2017,Atlanta
18,2017-08-27,2.59,13910.32,639.25,6918.13,0.0,6352.94,2356.85,3996.09,0.0,organic,2017,Atlanta
22,2017-07-30,1.78,15501.08,431.93,6137.14,0.0,8932.01,4879.96,4052.05,0.0,organic,2017,Atlanta
40,2017-03-26,1.27,16209.23,1653.21,5804.09,0.0,8751.93,146.67,8605.26,0.0,organic,2017,Atlanta
44,2017-02-26,0.64,24322.77,1111.31,3495.28,0.0,19716.18,150.0,19566.18,0.0,organic,2017,Atlanta
49,2017-01-22,1.62,7484.99,1121.56,4738.82,0.0,1624.61,2.79,1621.82,0.0,organic,2017,Atlanta
10,2017-10-22,1.64,47486.93,815.38,10255.4,71.21,36344.94,36343.5,1.44,0.0,organic,2017,BaltimoreWashington
22,2017-07-30,1.6,41846.93,1117.3,8371.18,115.39,32243.06,32243.06,0.0,0.0,organic,2017,BaltimoreWashington
41,2017-03-19,2.06,18537.54,1109.47,7239.15,227.38,9961.54,9943.79,17.75,0.0,organic,2017,BaltimoreWashington
44,2017-02-26,1.93,16773.14,1273.89,7291.17,302.05,7906.03,7897.78,8.25,0.0,organic,2017,BaltimoreWashington
2,2017-12-17,1.79,1797.04,28.34,552.03,0.0,1216.67,264.39,952.28,0.0,organic,2017,Boise
20,2017-08-13,2.32,1816.79,71.06,602.73,0.0,1143.0,186.3,956.7,0.0,organic,2017,Boise
41,2017-03-19,1.25,2665.45,6.42,539.13,0.0,2119.9,454.72,1665.18,0.0,organic,2017,Boise
51,2017-01-08,1.04,4137.35,3.0,585.08,0.0,3549.27,632.37,2916.9,0.0,organic,2017,Boise
22,2017-07-30,1.61,23890.76,7.0,1303.51,0.0,22580.25,17924.17,4656.08,0.0,organic,2017,Boston
31,2017-05-28,2.04,20860.14,20.57,1658.97,0.0,19180.6,17542.21,1638.39,0.0,organic,2017,Boston
40,2017-03-26,2.02,17307.58,182.23,1192.32,0.0,15933.03,14681.31,1251.72,0.0,organic,2017,Boston
49,2017-01-22,1.93,15417.31,9.6,969.46,0.0,14438.25,14438.25,0.0,0.0,organic,2017,Boston
50,2017-01-15,1.88,17012.28,12.3,1315.1,0.0,15684.88,15554.34,130.54,0.0,organic,2017,Boston
4,2017-12-03,1.18,7575.49,101.72,39.09,0.0,7434.68,3655.67,3779.01,0.0,organic,2017,BuffaloRochester
34,2017-05-07,2.19,7609.96,0.0,650.65,0.0,6959.31,1219.99,5739.32,0.0,organic,2017,BuffaloRochester
7,2017-11-12,1.99,122017.93,29124.07,43952.88,1.59,48939.39,48885.5,53.89,0.0,organic,2017,California
9,2017-10-29,2.01,129602.47,29243.35,48086.52,0.0,52272.6,52247.85,24.75,0.0,organic,2017,California
20,2017-08-13,2.21,139016.53,27834.92,44902.56,0.0,66279.05,66110.1,168.95,0.0,organic,2017,California
38,2017-04-09,1.63,186112.1,30319.27,66541.46,7.86,89243.51,82024.66,7218.85,0.0,organic,2017,California
49,2017-01-22,1.53,136422.97,28034.89,54342.56,6.18,54039.34,49913.43,4125.91,0.0,organic,2017,California
50,2017-01-15,1.66,142739.21,27811.48,58090.25,3.08,56834.4,55364.11,1470.29,0.0,organic,2017,California
0,2017-12-31,1.71,11939.07,34.71,5197.49,198.71,6508.16,6416.36,91.8,0.0,organic,2017,Charlotte
1,2017-12-24,1.83,9064.06,6.59,3987.42,214.4,4855.65,4855.65,0.0,0.0,organic,2017,Charlotte
9,2017-10-29,2.02,11245.23,43.32,3776.83,160.97,7264.11,7117.43,146.68,0.0,organic,2017,Charlotte
38,2017-04-09,2.02,8814.73,247.84,5759.67,705.1,2102.12,1909.12,193.0,0.0,organic,2017,Charlotte
5,2017-11-26,1.73,28513.37,35.72,19019.1,0.0,9458.55,9427.44,31.11,0.0,organic,2017,Chicago
38,2017-04-09,1.95,57024.53,298.8,53040.02,0.0,3685.71,3685.71,0.0,0.0,organic,2017,Chicago
50,2017-01-15,1.85,38542.5,78.31,34378.08,0.0,4086.11,4086.11,0.0,0.0,organic,2017,Chicago
35,2017-04-30,1.66,13924.31,243.48,4877.17,0.0,8803.66,882.46,7921.2,0.0,organic,2017,CincinnatiDayton
44,2017-02-26,0.49,44024.03,252.79,4472.68,0.0,39298.56,600.0,38698.56,0.0,organic,2017,CincinnatiDayton
3,2017-12-10,1.52,6603.57,423.48,1207.97,0.0,4972.12,4523.96,448.16,0.0,organic,2017,Columbus
20,2017-08-13,1.73,7525.56,745.58,2180.18,0.0,4599.8,4463.86,135.94,0.0,organic,2017,Columbus
37,2017-04-16,1.03,14081.94,763.69,2797.15,0.0,10521.1,2641.36,7879.74,0.0,organic,2017,Columbus
37,2017-04-16,1.12,33122.75,9397.49,707.69,0.0,23017.57,22882.31,135.26,0.0,organic,2017,DallasFtWorth
0,2017-12-31,1.48,17906.71,4400.94,482.72,12.67,13010.38,12128.68,881.7,0.0,organic,2017,Denver
4,2017-12-03,1.79,23854.79,4565.3,367.5,16.23,18905.76,18830.06,75.7,0.0,organic,2017,Denver
34,2017-05-07,0.9,145594.19,32779.19,13318.7,213.66,99282.64,45109.17,54173.47,0.0,organic,2017,Denver
42,2017-03-12,0.98,52575.07,14682.3,2307.67,33.7,35551.4,35069.92,481.48,0.0,organic,2017,Denver
51,2017-01-08,0.8,39403.42,8720.61,1639.28,53.69,28989.84,3473.4,25516.44,0.0,organic,2017,Denver
1,2017-12-24,1.37,18289.06,389.59,2494.02,0.0,15321.76,12812.55,2509.21,0.0,organic,2017,Detroit
13,2017-10-01,1.75,21753.6,503.84,3596.4,0.0,17535.94,15555.28,1980.66,0.0,organic,2017,Detroit
22,2017-07-30,1.61,17991.86,507.0,3352.6,0.0,14132.26,9913.45,4218.81,0.0,organic,2017,Detroit
5,2017-11-26,1.3,6128.58,17.36,766.58,0.0,5344.64,5344.64,0.0,0.0,organic,2017,GrandRapids
30,2017-06-04,2.33,1389.65,2.87,903.88,0.0,482.9,326.67,156.23,0.0,organic,2017,GrandRapids
47,2017-02-05,1.7,1112.77,54.67,688.31,0.0,369.79,369.79,0.0,0.0,organic,2017,GrandRapids
48,2017-01-29,1.67,1626.47,47.74,1079.73,0.0,499.0,386.67,112.33,0.0,organic,2017,GrandRapids
12,2017-10-08,1.7,191866.1,3603.46,56237.45,1.62,131818.51,124355.02,7463.49,0.0,organic,2017,GreatLakes
22,2017-07-30,1.65,178141.22,3482.46,65083.8,0.0,109284.6,76778.61,32505.99,0.0,organic,2017,GreatLakes
25,2017-07-09,1.62,153380.48,3853.72,70843.63,0.0,78683.13,14008.38,64674.75,0.0,organic,2017,GreatLakes
4,2017-12-03,1.46,18106.96,450.89,329.58,5.97,17320.52,17313.92,6.6,0.0,organic,2017,HarrisburgScranton
6,2017-11-19,1.62,14161.9,176.4,275.71,9.39,13700.4,13700.4,0.0,0.0,organic,2017,HarrisburgScranton
14,2017-09-24,1.47,23810.69,312.15,164.21,17.19,23317.14,23317.14,0.0,0.0,organic,2017,HarrisburgScranton
15,2017-09-17,1.51,20994.85,298.41,248.18,18.48,20429.78,20429.78,0.0,0.0,organic,2017,HarrisburgScranton
16,2017-09-10,1.51,24664.15,322.83,178.36,7.37,24155.59,24150.68,4.91,0.0,organic,2017,HarrisburgScranton
19,2017-08-20,1.68,15105.0,634.38,206.66,23.45,14240.51,14240.51,0.0,0.0,organic,2017,HarrisburgScranton
23,2017-07-23,1.43,21137.13,231.9,221.59,23.38,20660.26,20656.93,3.33,0.0,organic,2017,HarrisburgScranton
52,2017-01-01,1.93,5456.54,255.89,189.26,6.76,5004.63,5004.63,0.0,0.0,organic,2017,HarrisburgScranton
27,2017-06-25,2.61,12883.38,64.48,5815.43,16.46,6987.01,6987.01,0.0,0.0,organic,2017,HartfordSpringfield
35,2017-04-30,2.25,18568.03,477.36,10235.91,15.13,7839.63,7839.63,0.0,0.0,organic,2017,HartfordSpringfield
0,2017-12-31,1.36,25590.34,9524.47,114.02,0.0,15951.85,15635.18,316.67,0.0,organic,2017,Houston
2,2017-12-17,1.53,27626.41,6972.28,66.92,0.0,20587.21,20577.21,10.0,0.0,organic,2017,Houston
7,2017-11-12,1.68,25301.84,6158.94,57.13,0.0,19085.77,19085.77,0.0,0.0,organic,2017,Houston
30,2017-06-04,1.11,50502.11,10986.31,40.1,0.0,39475.7,39413.32,62.38,0.0,organic,2017,Houston
36,2017-04-23,0.91,43226.49,9114.27,69.06,0.0,34043.16,13678.27,20364.89,0.0,organic,2017,Houston
16,2017-09-10,1.69,8687.85,136.58,1330.54,0.0,7212.8,4741.31,2471.49,0.0,organic,2017,Indianapolis
24,2017-07-16,1.48,10838.58,120.61,3149.03,0.0,6713.33,4037.21,2676.12,0.0,organic,2017,Indianapolis
35,2017-04-30,1.77,2897.1,169.14,1505.98,0.0,1221.98,851.69,370.29,0.0,organic,2017,Indianapolis
44,2017-02-26,0.9,6549.33,107.56,1165.45,0.0,5276.32,972.23,4304.09,0.0,organic,2017,Indianapolis
3,2017-12-10,1.59,2646.13,56.22,439.38,2.48,2148.05,2146.67,1.38,0.0,organic,2017,Jacksonville
6,2017-11-19,1.94,3405.61,82.69,757.57,3.65,2561.7,1519.99,1041.71,0.0,organic,2017,Jacksonville
19,2017-08-20,2.48,2855.78,302.4,1483.2,2.4,1067.78,1067.78,0.0,0.0,organic,2017,Jacksonville
23,2017-07-23,2.04,1971.67,121.1,583.91,0.0,1266.66,1266.66,0.0,0.0,organic,2017,Jacksonville
27,2017-06-25,2.25,4087.75,512.79,2421.93,0.0,1153.03,1149.69,3.34,0.0,organic,2017,Jacksonville
38,2017-04-09,2.07,2942.87,1083.93,337.22,12.68,1509.04,424.4,1084.64,0.0,organic,2017,Jacksonville
42,2017-03-12,1.7,3349.83,635.64,115.92,5.1,2593.17,345.56,2247.61,0.0,organic,2017,Jacksonville
8,2017-11-05,1.83,7034.87,1540.11,1637.33,0.0,3857.43,3852.92,4.51,0.0,organic,2017,LasVegas
32,2017-05-21,1.95,8671.15,2887.66,3339.62,0.0,2443.87,753.66,1690.21,0.0,organic,2017,LasVegas
48,2017-01-29,1.31,11638.55,1129.81,3211.73,9.28,7287.73,7258.26,29.47,0.0,organic,2017,LasVegas
51,2017-01-08,1.22,10641.19,1287.54,2376.07,0.0,6977.58,6938.25,39.33,0.0,organic,2017,LasVegas
7,2017-11-12,1.98,62337.67,8390.23,17805.25,0.0,36142.19,36097.73,44.46,0.0,organic,2017,LosAngeles
9,2017-10-29,1.99,67050.78,8078.35,19540.98,0.0,39431.45,39411.01,20.44,0.0,organic,2017,LosAngeles
28,2017-06-18,1.37,108808.01,11413.1,24268.07,0.0,73126.84,66783.78,6343.06,0.0,organic,2017,LosAngeles
33,2017-05-14,1.4,105965.36,11688.57,28601.28,0.0,65675.51,64377.29,1298.22,0.0,organic,2017,LosAngeles
39,2017-04-02,1.3,122384.82,13732.06,30991.3,17.58,77643.88,74785.28,2858.6,0.0,organic,2017,LosAngeles
42,2017-03-12,1.19,143848.91,12242.8,37476.71,1.6,94127.8,83175.87,10951.93,0.0,organic,2017,LosAngeles
43,2017-03-05,1.07,146065.71,12954.25,28009.38,6.45,105095.63,77383.56,27712.07,0.0,organic,2017,LosAngeles
4,2017-12-03,1.59,2597.34,0.0,941.51,0.0,1655.83,964.23,691.6,0.0,organic,2017,Louisville
5,2017-11-26,1.63,2510.26,0.0,930.33,0.0,1579.93,1182.6,397.33,0.0,organic,2017,Louisville
32,2017-05-21,1.29,4745.15,0.0,1200.84,0.0,3544.31,577.77,2966.54,0.0,organic,2017,Louisville
34,2017-05-07,1.48,3514.92,0.0,1570.14,0.0,1944.78,445.56,1499.22,0.0,organic,2017,Louisville
46,2017-02-12,0.8,5288.74,4.0,1259.97,0.0,4024.77,313.33,3711.44,0.0,organic,2017,Louisville
9,2017-10-29,1.84,5595.86,32.98,424.67,0.0,5138.21,4908.88,229.33,0.0,organic,2017,MiamiFtLauderdale
14,2017-09-24,1.9,2978.57,29.29,319.28,0.0,2630.0,2630.0,0.0,0.0,organic,2017,MiamiFtLauderdale
52,2017-01-01,1.21,5253.5,290.61,20.17,0.0,4942.72,1970.0,2972.72,0.0,organic,2017,MiamiFtLauderdale
4,2017-12-03,1.66,131588.67,2948.0,38442.38,759.91,89438.38,85848.62,3589.76,0.0,organic,2017,Midsouth
49,2017-01-22,1.49,96918.39,2981.29,38351.15,1985.43,53600.52,39758.09,13842.43,0.0,organic,2017,Midsouth
50,2017-01-15,1.67,88279.56,3414.04,43794.8,2191.38,38879.34,37053.18,1826.16,0.0,organic,2017,Midsouth
16,2017-09-10,2.15,9103.32,94.38,2782.28,0.0,6226.66,2482.62,3744.04,0.0,organic,2017,Nashville
18,2017-08-27,1.89,9333.46,120.56,2952.01,0.0,6260.89,3247.47,3013.42,0.0,organic,2017,Nashville
27,2017-06-25,1.27,11077.27,94.3,2957.15,0.0,8025.82,2124.45,5901.37,0.0,organic,2017,Nashville
33,2017-05-14,0.87,16265.74,556.49,2648.6,0.0,13060.65,213.03,12847.62,0.0,organic,2017,Nashville
43,2017-03-05,0.51,17135.45,481.81,1790.33,0.0,14863.31,122.78,14740.53,0.0,organic,2017,Nashville
38,2017-04-09,1.63,5498.31,281.91,0.0,0.0,5216.4,4707.5,508.9,0.0,organic,2017,NewOrleansMobile
5,2017-11-26,2.02,63156.0,5280.67,14350.39,178.15,43346.79,43299.16,47.63,0.0,organic,2017,NewYork
9,2017-10-29,2.11,70881.96,5301.96,19352.26,84.57,46143.17,46069.13,74.04,0.0,organic,2017,NewYork
13,2017-10-01,2.04,63623.43,5060.7,14782.9,90.07,43689.76,43667.44,22.32,0.0,organic,2017,NewYork
26,2017-07-02,2.44,63800.15,5739.89,25934.55,1805.76,30319.95,30319.95,0.0,0.0,organic,2017,NewYork
31,2017-05-28,2.38,76002.26,6137.98,30135.14,629.9,39099.24,38971.17,128.07,0.0,organic,2017,NewYork
51,2017-01-08,2.15,42755.8,6642.33,18205.31,338.5,17569.66,17103.64,466.02,0.0,organic,2017,NewYork
32,2017-05-21,2.15,186553.95,10974.59,44591.68,1425.74,129561.94,120158.47,9403.47,0.0,organic,2017,Northeast
33,2017-05-14,2.09,202280.64,11814.11,42990.28,1781.11,145695.14,132557.14,13138.0,0.0,organic,2017,Northeast
43,2017-03-05,1.8,225597.13,29927.87,86086.11,205.84,109377.31,105641.33,3735.98,0.0,organic,2017,Northeast
2,2017-12-17,1.72,18551.6,3.54,288.78,0.0,18259.28,18259.28,0.0,0.0,organic,2017,NorthernNewEngland
7,2017-11-12,1.8,19234.13,5.12,317.19,0.0,18911.82,18525.27,386.55,0.0,organic,2017,NorthernNewEngland
8,2017-11-05,1.84,24687.17,0.0,148.57,0.0,24538.6,20317.99,4220.61,0.0,organic,2017,NorthernNewEngland
24,2017-07-16,1.66,20254.68,10.56,397.21,0.0,19846.91,19846.91,0.0,0.0,organic,2017,NorthernNewEngland
8,2017-11-05,2.01,7634.15,248.29,1434.28,0.0,5951.58,4501.1,1450.48,0.0,organic,2017,Orlando
33,2017-05-14,2.06,7139.37,3870.2,219.06,0.0,3050.11,2911.43,138.68,0.0,organic,2017,Orlando
39,2017-04-02,1.8,7480.22,1901.68,218.15,0.0,5360.39,4305.28,1055.11,0.0,organic,2017,Orlando
47,2017-02-05,1.95,4611.95,1715.85,210.43,0.0,2685.67,1271.11,1414.56,0.0,organic,2017,Orlando
15,2017-09-17,1.62,30696.16,1230.31,4224.35,5.17,25236.33,25236.33,0.0,0.0,organic,2017,Philadelphia
24,2017-07-16,1.63,25573.07,2091.63,6078.08,27.59,17375.77,17372.44,3.33,0.0,organic,2017,Philadelphia
29,2017-06-11,2.24,18043.1,2738.47,6522.48,41.75,8740.4,8565.76,174.64,0.0,organic,2017,Philadelphia
33,2017-05-14,2.29,17466.93,2785.9,6672.5,19.57,7988.96,7988.96,0.0,0.0,organic,2017,Philadelphia
35,2017-04-30,1.93,23613.28,6569.77,9746.86,10.04,7286.61,7286.61,0.0,0.0,organic,2017,Philadelphia
3,2017-12-10,1.8,10964.1,1884.55,1989.33,0.0,7090.22,7076.98,13.24,0.0,organic,2017,PhoenixTucson
6,2017-11-19,1.9,12057.89,2224.57,2164.09,0.0,7669.23,7651.82,17.41,0.0,organic,2017,PhoenixTucson
36,2017-04-23,1.51,11740.75,1047.28,9.11,0.0,10684.36,10000.34,684.02,0.0,organic,2017,Pittsburgh
45,2017-02-19,1.45,8805.28,828.39,3.24,0.0,7973.65,7456.43,517.22,0.0,organic,2017,Pittsburgh
10,2017-10-22,1.96,56614.23,1352.09,14045.55,375.42,40841.17,26362.82,14478.35,0.0,organic,2017,Plains
34,2017-05-07,1.58,68236.34,2467.03,20644.8,375.91,44748.6,23886.0,20862.6,0.0,organic,2017,Plains
49,2017-01-22,1.57,55867.65,5924.1,18291.59,3406.4,28245.56,18114.66,10130.9,0.0,organic,2017,Plains
10,2017-10-22,2.48,15825.16,1737.93,2304.96,1.66,11780.61,1490.66,10277.06,12.89,organic,2017,Portland
23,2017-07-23,2.35,28248.08,2185.42,10316.01,8.19,15738.46,173.33,15565.13,0.0,organic,2017,Portland
27,2017-06-25,2.34,24536.33,6207.54,9746.83,3.34,8578.62,227.23,8351.39,0.0,organic,2017,Portland
36,2017-04-23,1.16,45274.16,5451.4,3518.13,150.29,36154.34,223.45,35930.89,0.0,organic,2017,Portland
10,2017-10-22,2.2,15322.27,196.22,4273.42,109.06,10743.57,10586.84,156.73,0.0,organic,2017,RaleighGreensboro
50,2017-01-15,1.62,10210.4,185.33,5492.56,523.31,4009.2,3842.0,167.2,0.0,organic,2017,RaleighGreensboro
3,2017-12-10,1.4,12385.8,365.36,2618.38,68.67,9333.39,9023.05,310.34,0.0,organic,2017,RichmondNorfolk
22,2017-07-30,1.56,14439.15,623.91,4519.06,138.65,9157.53,8250.67,906.86,0.0,organic,2017,RichmondNorfolk
26,2017-07-02,1.84,10106.75,649.11,4909.0,127.57,4421.07,3123.96,1297.11,0.0,organic,2017,RichmondNorfolk
28,2017-06-18,1.78,10408.49,709.84,4861.94,114.37,4722.34,3346.59,1375.75,0.0,organic,2017,RichmondNorfolk
36,2017-04-23,1.65,10330.09,641.94,4484.77,159.23,5044.15,3311.15,1733.0,0.0,organic,2017,RichmondNorfolk
38,2017-04-09,1.04,15659.62,659.45,4489.03,247.92,10263.22,2985.66,7277.56,0.0,organic,2017,RichmondNorfolk
0,2017-12-31,1.5,5756.97,147.66,1513.56,0.0,4095.75,3747.09,348.66,0.0,organic,2017,Roanoke
26,2017-07-02,1.78,5965.12,212.95,2696.9,0.0,3055.27,1472.15,1583.12,0.0,organic,2017,Roanoke
51,2017-01-08,1.61,5241.2,263.74,2764.44,0.0,2213.02,2213.02,0.0,0.0,organic,2017,Roanoke
16,2017-09-10,1.96,8035.15,3074.0,3484.74,0.0,1476.41,1476.41,0.0,0.0,organic,2017,Sacramento
30,2017-06-04,2.43,6820.7,2184.08,3605.15,0.0,1031.47,1029.6,1.87,0.0,organic,2017,Sacramento
37,2017-04-16,2.35,6274.05,2025.64,3501.53,0.0,746.88,743.55,3.33,0.0,organic,2017,Sacramento
48,2017-01-29,2.02,6748.27,1652.72,4786.42,12.15,296.98,296.98,0.0,0.0,organic,2017,Sacramento
3,2017-12-10,2.05,13284.31,2436.56,6895.21,0.0,3952.54,3952.54,0.0,0.0,organic,2017,SanDiego
8,2017-11-05,1.6,16452.21,761.73,10819.54,0.0,4870.94,4870.94,0.0,0.0,organic,2017,SanDiego
17,2017-09-03,2.01,15165.11,1139.04,10923.85,0.0,3102.22,3102.22,0.0,0.0,organic,2017,SanDiego
28,2017-06-18,1.8,16862.3,1067.68,8361.69,0.0,7432.93,7400.09,32.84,0.0,organic,2017,SanDiego
48,2017-01-29,1.21,18191.46,1477.75,8949.53,4.86,7759.32,3304.61,4454.71,0.0,organic,2017,SanDiego
2,2017-12-17,2.1,17850.72,7411.52,8344.76,0.0,2094.44,2094.44,0.0,0.0,organic,2017,SanFrancisco
10,2017-10-22,2.08,18852.58,9739.13,7981.22,0.0,1132.23,1132.23,0.0,0.0,organic,2017,SanFrancisco
20,2017-08-13,2.57,22296.14,8857.4,8680.4,0.0,4758.34,4758.34,0.0,0.0,organic,2017,SanFrancisco
26,2017-07-02,2.59,12279.96,4003.36,5495.51,0.0,2781.09,2765.59,15.5,0.0,organic,2017,SanFrancisco
44,2017-02-26,2.52,18753.79,6707.73,8785.72,0.0,3260.34,3260.34,0.0,0.0,organic,2017,SanFrancisco
49,2017-01-22,2.03,20441.93,8435.86,9045.98,2.86,2957.23,2957.23,0.0,0.0,organic,2017,SanFrancisco
18,2017-08-27,2.96,26845.68,1134.59,11055.6,12.57,14642.92,1079.26,13563.66,0.0,organic,2017,Seattle
22,2017-07-30,2.6,28587.18,1131.67,13395.46,76.57,13983.48,1377.69,12605.79,0.0,organic,2017,Seattle
36,2017-04-23,1.97,6587.58,964.45,4213.41,200.04,1209.68,173.84,1035.84,0.0,organic,2017,SouthCarolina
8,2017-11-05,1.69,99714.13,20163.6,2648.96,0.0,76901.57,74677.27,2224.3,0.0,organic,2017,SouthCentral
9,2017-10-29,1.73,105902.71,20556.39,2692.5,0.0,82653.82,80872.33,1781.49,0.0,organic,2017,SouthCentral
35,2017-04-30,1.31,126586.54,41198.05,8563.75,0.0,76824.74,59357.39,17467.35,0.0,organic,2017,SouthCentral
48,2017-01-29,1.08,121203.53,35172.06,5405.54,0.0,80625.93,76958.46,3667.47,0.0,organic,2017,SouthCentral
0,2017-12-31,1.4,92000.75,1052.21,15703.49,169.38,75075.67,69576.29,5499.38,0.0,organic,2017,Southeast
4,2017-12-03,1.54,73280.14,1201.3,15651.12,143.43,56284.29,53422.1,2862.19,0.0,organic,2017,Southeast
21,2017-08-06,1.78,64344.45,1389.06,16770.11,186.56,45998.72,42780.02,3218.7,0.0,organic,2017,Southeast
26,2017-07-02,1.8,108360.53,4302.01,40687.72,250.51,63120.29,45687.72,17432.57,0.0,organic,2017,Southeast
48,2017-01-29,1.43,53543.13,4423.96,12562.99,317.33,36238.85,13961.85,22277.0,0.0,organic,2017,Southeast
52,2017-01-01,1.43,49777.56,4157.31,9930.6,262.28,35427.37,15637.05,19790.32,0.0,organic,2017,Southeast
4,2017-12-03,1.92,2575.42,120.24,813.79,0.0,1641.39,398.89,1240.11,2.39,organic,2017,Spokane
11,2017-10-15,2.55,2819.91,103.65,1021.68,2.12,1692.46,566.66,1125.8,0.0,organic,2017,Spokane
21,2017-08-06,2.45,3628.33,272.73,1678.34,0.0,1677.26,572.35,1104.91,0.0,organic,2017,Spokane
18,2017-08-27,2.84,3591.12,44.1,2900.22,10.77,636.03,190.01,446.02,0.0,organic,2017,StLouis
22,2017-07-30,2.11,6858.93,557.82,2534.81,16.0,3750.3,2144.44,1605.86,0.0,organic,2017,StLouis
41,2017-03-19,1.19,10420.76,1187.88,489.0,0.0,8743.88,1218.56,7525.32,0.0,organic,2017,StLouis
14,2017-09-24,1.4,6416.81,95.09,88.8,0.0,6232.92,6229.59,3.33,0.0,organic,2017,Syracuse
34,2017-05-07,2.11,4181.73,0.0,260.65,0.0,3921.08,1018.47,2902.61,0.0,organic,2017,Syracuse
0,2017-12-31,1.59,5528.74,76.28,474.42,0.0,4978.04,4716.25,261.79,0.0,organic,2017,Tampa
20,2017-08-13,1.57,4124.63,11.93,52.71,0.0,4059.99,4059.99,0.0,0.0,organic,2017,Tampa
28,2017-06-18,2.07,6480.98,475.83,2787.16,0.0,3217.99,3217.99,0.0,0.0,organic,2017,Tampa
50,2017-01-15,1.21,7526.04,320.78,60.1,0.0,7145.16,4763.33,2381.83,0.0,organic,2017,Tampa
16,2017-09-10,2.03,1093955.66,114942.21,249231.14,940.89,728658.92,622445.79,106080.9,132.23,organic,2017,TotalUS
18,2017-08-27,2.09,1045992.02,112812.39,250861.84,2119.14,680088.21,588832.95,91249.96,5.3,organic,2017,TotalUS
27,2017-06-25,1.77,1101009.92,123317.1,341073.87,2613.51,634005.44,411977.56,222027.88,0.0,organic,2017,TotalUS
49,2017-01-22,1.37,994282.98,115700.02,281786.33,6707.82,590088.81,401805.9,188282.91,0.0,organic,2017,TotalUS
11,2017-10-15,2.08,174251.28,31939.47,25749.52,162.84,116399.45,77304.07,39087.96,7.42,organic,2017,West
13,2017-10-01,2.45,122625.26,16845.73,24294.75,25.18,81459.6,44948.19,36434.83,76.58,organic,2017,West
22,2017-07-30,2.1,180688.88,35365.17,51355.3,701.35,93267.06,60487.85,32779.21,0.0,organic,2017,West
24,2017-07-16,2.22,151281.1,20505.23,50838.62,1247.45,78689.8,32458.05,46231.75,0.0,organic,2017,West
7,2017-11-12,1.8,15670.44,1743.38,2795.92,0.0,11131.14,10827.23,303.91,0.0,organic,2017,WestTexNewMexico
10,2017-10-22,1.81,15424.38,2207.98,3361.12,14.39,9840.89,9703.2,137.69,0.0,organic,2017,WestTexNewMexico
12,2017-10-08,2.39,10964.67,1952.2,2235.24,0.0,6777.23,6542.72,234.51,0.0,organic,2017,WestTexNewMexico
14,2017-09-24,2.26,9528.64,1545.34,2234.23,0.0,5749.07,5722.4,26.67,0.0,organic,2017,WestTexNewMexico
11,2018-01-07,1.77,2553.9,42.6,949.08,0.0,1562.22,552.06,1010.16,0.0,organic,2018,Boise
9,2018-01-21,1.23,7288.58,309.8,119.81,0.0,6858.97,3581.4,3277.57,0.0,organic,2018,BuffaloRochester
2,2018-03-11,1.73,13697.68,29.01,6861.78,222.69,6584.2,6511.53,72.67,0.0,organic,2018,Charlotte
5,2018-02-18,1.83,12417.57,22.67,5878.08,232.08,6284.74,5981.3,303.44,0.0,organic,2018,Charlotte
7,2018-02-04,1.89,13273.93,26.28,5187.8,201.87,7857.98,7613.73,244.25,0.0,organic,2018,Charlotte
6,2018-02-11,1.65,38202.17,409.68,26524.51,0.0,11267.98,11261.31,6.67,0.0,organic,2018,Chicago
8,2018-01-28,1.51,15027.47,702.32,4805.49,0.0,9519.66,3133.44,6386.22,0.0,organic,2018,CincinnatiDayton
5,2018-02-18,1.36,25380.68,4546.52,787.2,0.0,20046.96,19653.07,393.89,0.0,organic,2018,DallasFtWorth
9,2018-01-21,1.41,22121.43,826.25,3379.62,0.0,17890.6,11215.49,6675.11,0.0,organic,2018,Detroit
2,2018-03-11,1.32,8381.09,35.72,1201.8,0.0,7143.57,7143.57,0.0,0.0,organic,2018,GrandRapids
11,2018-01-07,1.25,11449.3,12.71,3013.06,0.0,8423.53,8423.53,0.0,0.0,organic,2018,GrandRapids
0,2018-03-25,1.36,23169.17,371.93,239.04,9.87,22548.33,22545.0,3.33,0.0,organic,2018,HarrisburgScranton
9,2018-01-21,1.59,15829.03,225.43,166.81,19.2,15417.59,15410.91,6.68,0.0,organic,2018,HarrisburgScranton
10,2018-01-14,2.02,14448.86,122.85,4410.11,0.0,9915.9,9911.02,4.88,0.0,organic,2018,HartfordSpringfield
3,2018-03-04,1.23,10713.61,283.05,1481.74,0.0,8706.42,6217.0,2489.42,0.0,organic,2018,Indianapolis
11,2018-01-07,1.46,9885.05,205.23,1460.83,0.0,8204.03,5889.7,2314.33,0.0,organic,2018,Indianapolis
2,2018-03-11,1.53,3375.33,92.46,616.99,3.93,2661.95,2561.1,100.85,0.0,organic,2018,Jacksonville
1,2018-03-18,1.66,11198.86,1458.43,2174.4,0.0,7566.03,7545.71,20.32,0.0,organic,2018,LasVegas
7,2018-02-04,1.6,100274.88,12267.41,21472.21,0.0,66535.26,66486.1,49.16,0.0,organic,2018,LosAngeles
4,2018-02-25,1.59,3673.2,1.0,1293.28,0.0,2378.92,1487.59,891.33,0.0,organic,2018,Louisville
8,2018-01-28,1.62,162896.45,3033.33,48878.5,911.57,110073.05,101010.31,9062.74,0.0,organic,2018,Midsouth
2,2018-03-11,1.36,7149.27,605.53,123.61,0.0,6420.13,6237.77,182.36,0.0,organic,2018,NewOrleansMobile
3,2018-03-04,1.39,7466.34,521.04,142.08,0.0,6803.22,6275.55,527.67,0.0,organic,2018,NewOrleansMobile
7,2018-02-04,1.35,8345.08,196.63,121.26,0.0,8027.19,7856.66,170.53,0.0,organic,2018,NewOrleansMobile
3,2018-03-04,1.69,133768.12,20987.96,52637.04,92.18,60050.94,59997.6,53.34,0.0,organic,2018,NewYork
11,2018-01-07,1.97,82637.97,6158.73,19251.81,47.04,57180.39,57180.39,0.0,0.0,organic,2018,NewYork
3,2018-03-04,1.65,313200.35,38734.87,90401.71,108.65,183955.12,168196.82,15758.3,0.0,organic,2018,Northeast
9,2018-01-21,1.75,215742.94,11683.16,26922.85,162.73,176974.2,167900.81,9073.39,0.0,organic,2018,Northeast
4,2018-02-25,1.5,30553.46,12.0,779.62,0.0,29761.84,29761.84,0.0,0.0,organic,2018,NorthernNewEngland
7,2018-02-04,1.36,7764.86,126.5,542.34,0.0,7096.02,7081.87,14.15,0.0,organic,2018,Orlando
0,2018-03-25,1.49,37893.5,3464.04,5737.9,9.42,28682.14,28637.44,44.7,0.0,organic,2018,Philadelphia
3,2018-03-04,1.51,33327.68,6525.07,6294.03,5.66,20502.92,20498.48,4.44,0.0,organic,2018,Philadelphia
10,2018-01-14,1.63,30339.71,2315.82,3563.73,8.4,24451.76,24402.26,49.5,0.0,organic,2018,Philadelphia
8,2018-01-28,1.69,13125.79,1802.37,2243.06,0.0,9080.36,9073.81,6.55,0.0,organic,2018,PhoenixTucson
5,2018-02-18,1.36,15123.96,963.42,32.46,0.0,14128.08,14124.75,3.33,0.0,organic,2018,Pittsburgh
6,2018-02-11,1.34,14630.14,919.6,20.32,0.0,13690.22,13683.55,6.67,0.0,organic,2018,Pittsburgh
1,2018-03-18,1.58,69790.75,5124.88,20091.33,14.68,44559.86,32906.16,11653.7,0.0,organic,2018,Plains
7,2018-02-04,1.55,62817.64,2624.36,15773.81,4.95,44414.52,32571.57,11842.95,0.0,organic,2018,Plains
1,2018-03-18,1.78,26967.79,1433.7,7055.03,3.5,18475.56,1880.56,16587.23,7.77,organic,2018,Portland
3,2018-03-04,1.98,15008.91,119.79,6357.72,154.02,8377.38,8147.84,229.54,0.0,organic,2018,RaleighGreensboro
4,2018-02-25,1.97,14215.62,161.11,5650.36,151.56,8252.59,7736.17,516.42,0.0,organic,2018,RaleighGreensboro
8,2018-01-28,1.63,8243.33,221.71,2293.88,0.0,5727.74,4884.05,843.69,0.0,organic,2018,Roanoke
7,2018-02-04,1.81,17454.74,1158.41,7388.27,0.0,8908.06,8908.06,0.0,0.0,organic,2018,SanDiego
4,2018-02-25,1.64,4720.69,269.06,1496.26,0.0,2955.37,747.5,2207.87,0.0,organic,2018,Spokane
8,2018-01-28,1.7,4300.76,195.24,1169.26,0.0,2936.26,535.55,2400.71,0.0,organic,2018,Spokane
2,2018-03-11,1.71,8092.62,1127.67,2916.23,0.0,4048.72,4022.23,26.49,0.0,organic,2018,StLouis
5,2018-02-18,1.76,7007.39,1253.21,756.65,3.53,4994.0,2970.0,2024.0,0.0,organic,2018,StLouis
0,2018-03-25,1.04,14503.47,78.95,148.37,0.0,14276.15,9992.31,4283.84,0.0,organic,2018,Syracuse
4,2018-02-25,1.3,4162.96,154.36,133.07,0.0,3875.53,1645.95,2229.58,0.0,organic,2018,Syracuse
4,2018-02-25,1.57,1459852.55,122912.97,340374.83,1063.32,994471.5,765056.82,229158.56,256.12,organic,2018,TotalUS
0,2018-03-25,1.62,15303.4,2325.3,2171.66,0.0,10806.44,10569.8,236.64,0.0,organic,2018,WestTexNewMexico
10,2018-01-14,1.93,16205.22,1527.63,2981.04,727.01,10969.54,10919.54,50.0,0.0,organic,2018,WestTexNewMexico
