longitude,latitude,housing_median_age,total_rooms,total_bedrooms,population,households,median_income,median_house_value,ocean_proximity
-122.28,37.84,52.0,2153.0,481.0,1168.0,441.0,1.9615,115200.0,NEAR BAY
-122.27,37.83,51.0,2665.0,574.0,1258.0,536.0,2.7303,109700.0,NEAR BAY
-122.27,37.8,10.0,105.0,42.0,125.0,39.0,0.9722,137500.0,NEAR BAY
-122.25,37.83,52.0,1279.0,287.0,534.0,291.0,3.1429,231600.0,NEAR BAY
-122.23,37.84,47.0,3175.0,454.0,1098.0,485.0,5.2868,347600.0,NEAR BAY
-122.21,37.84,44.0,3424.0,597.0,1358.0,597.0,6.0194,292300.0,NEAR BAY
-122.21,37.83,34.0,5065.0,788.0,1627.0,766.0,6.8976,333300.0,NEAR BAY
-122.2,37.82,39.0,3770.0,534.0,1265.0,500.0,6.3302,362800.0,NEAR BAY
-122.24,37.8,49.0,2838.0,749.0,1487.0,677.0,2.5238,169300.0,NEAR BAY
-122.23,37.79,30.0,610.0,145.0,425.0,140.0,1.6198,122700.0,NEAR BAY
-122.22,37.79,44.0,1487.0,314.0,961.0,272.0,3.5156,109500.0,NEAR BAY
-122.21,37.79,34.0,2364.0,557.0,1517.0,516.0,2.8365,139200.0,NEAR BAY
-122.21,37.8,39.0,2018.0,447.0,1221.0,446.0,3.0757,151000.0,NEAR BAY
-122.22,37.77,40.0,494.0,114.0,547.0,135.0,2.8015,114800.0,NEAR BAY
-122.21,37.76,52.0,1420.0,314.0,1085.0,300.0,1.7546,80600.0,NEAR BAY
-122.19,37.78,52.0,1026.0,180.0,469.0,168.0,2.875,160000.0,NEAR BAY
-122.16,37.77,47.0,1256.0,,570.0,218.0,4.375,161900.0,NEAR BAY
-122.19,37.77,45.0,1852.0,393.0,1132.0,349.0,2.7159,101400.0,NEAR BAY
-122.19,37.74,36.0,847.0,212.0,567.0,159.0,1.1765,87100.0,NEAR BAY
-122.18,37.74,42.0,541.0,154.0,380.0,123.0,2.3456,83500.0,NEAR BAY
-122.19,37.73,45.0,1528.0,291.0,801.0,287.0,1.2625,84700.0,NEAR BAY
-122.18,37.73,42.0,909.0,215.0,646.0,198.0,2.9063,80000.0,NEAR BAY
-122.17,37.75,38.0,992.0,,732.0,259.0,1.6196,85100.0,NEAR BAY
-122.16,37.76,45.0,2299.0,514.0,1437.0,484.0,2.5122,95500.0,NEAR BAY
-122.16,37.74,47.0,824.0,223.0,533.0,166.0,2.625,98200.0,NEAR BAY
-122.29,37.9,49.0,1283.0,238.0,576.0,236.0,3.3333,276800.0,NEAR BAY
-122.28,37.9,52.0,2318.0,328.0,779.0,312.0,7.1754,362900.0,NEAR BAY
-122.28,37.9,52.0,2003.0,250.0,658.0,244.0,10.0825,397000.0,NEAR BAY
-122.26,37.88,52.0,2255.0,410.0,823.0,377.0,5.7979,415300.0,NEAR BAY
-122.3,37.86,50.0,499.0,127.0,287.0,128.0,2.75,140600.0,NEAR BAY
-122.28,37.88,52.0,1909.0,416.0,811.0,406.0,3.006,227900.0,NEAR BAY
-122.27,37.87,30.0,1465.0,439.0,862.0,425.0,1.7778,268800.0,NEAR BAY
-122.28,37.86,52.0,2031.0,450.0,958.0,445.0,1.9327,169900.0,NEAR BAY
-122.27,37.86,52.0,2307.0,583.0,1127.0,548.0,1.8447,198200.0,NEAR BAY
-122.27,37.85,50.0,1279.0,300.0,675.0,255.0,1.9028,150800.0,NEAR BAY
-122.28,37.85,52.0,610.0,145.0,281.0,132.0,2.9018,119400.0,NEAR BAY
-122.23,37.76,52.0,3037.0,516.0,1242.0,518.0,5.2128,289900.0,NEAR BAY
-122.28,37.78,29.0,5154.0,,3741.0,1273.0,2.5762,173400.0,NEAR BAY
-122.24,37.75,45.0,891.0,,384.0,146.0,4.9489,247100.0,NEAR BAY
-122.08,37.69,43.0,1575.0,324.0,740.0,284.0,2.8512,181000.0,NEAR BAY
-122.14,37.71,27.0,3094.0,866.0,1364.0,789.0,2.6101,181700.0,NEAR BAY
-122.12,37.71,38.0,1164.0,284.0,632.0,289.0,3.0345,152100.0,NEAR BAY
-122.11,37.7,19.0,2693.0,789.0,1765.0,724.0,2.4206,137500.0,NEAR BAY
-122.1,37.69,41.0,746.0,,387.0,161.0,3.9063,178400.0,NEAR BAY
-122.09,37.68,43.0,1415.0,348.0,569.0,293.0,2.5156,190900.0,NEAR BAY
-122.1,37.68,37.0,2116.0,503.0,1109.0,448.0,2.535,174000.0,NEAR BAY
-122.14,37.67,37.0,3342.0,,1635.0,557.0,4.7933,186900.0,NEAR BAY
-122.06,37.64,20.0,1655.0,450.0,857.0,430.0,3.5541,350000.0,NEAR BAY
-122.03,37.62,35.0,1298.0,236.0,632.0,204.0,3.8929,209500.0,NEAR BAY
-122.08,37.62,27.0,1826.0,309.0,1016.0,313.0,5.64,206500.0,NEAR BAY
-122.01,37.58,17.0,4313.0,717.0,2629.0,721.0,5.7579,231800.0,NEAR BAY
-122.04,37.57,12.0,5719.0,1064.0,3436.0,1057.0,5.2879,231200.0,NEAR BAY
-122.03,37.55,22.0,9167.0,1373.0,4319.0,1404.0,6.992,284800.0,NEAR BAY
-122.06,37.54,20.0,6483.0,1068.0,3526.0,1060.0,5.0838,248200.0,NEAR BAY
-121.91,37.69,23.0,2179.0,308.0,926.0,299.0,5.9345,259600.0,<1H OCEAN
-121.9,37.67,15.0,2130.0,273.0,876.0,285.0,7.2639,332400.0,<1H OCEAN
-121.87,37.67,28.0,1812.0,294.0,853.0,278.0,4.9879,229400.0,INLAND
-121.72,37.7,17.0,1671.0,352.0,729.0,252.0,6.1023,450000.0,INLAND
-121.75,37.69,26.0,2647.0,536.0,1422.0,522.0,3.7212,183800.0,INLAND
-120.55,38.46,16.0,1443.0,249.0,435.0,181.0,3.2031,129200.0,INLAND
-120.76,38.47,17.0,1521.0,309.0,607.0,240.0,3.5,123800.0,INLAND
-120.8,38.31,37.0,1341.0,256.0,533.0,242.0,3.2135,123600.0,INLAND
-121.85,39.77,17.0,5273.0,1177.0,2446.0,1199.0,1.9362,89900.0,INLAND
-121.79,39.73,8.0,5690.0,1189.0,2887.0,1077.0,3.0625,116300.0,INLAND
-121.84,39.73,52.0,957.0,263.0,513.0,223.0,1.3672,55000.0,INLAND
-121.83,39.72,52.0,1890.0,420.0,974.0,383.0,1.6827,78700.0,INLAND
-121.77,39.66,20.0,3759.0,,1705.0,600.0,4.712,158600.0,INLAND
-121.19,39.55,17.0,1483.0,284.0,481.0,211.0,1.4896,83300.0,INLAND
-121.55,39.51,39.0,1551.0,353.0,684.0,310.0,2.0357,57600.0,INLAND
-121.56,39.51,47.0,1064.0,245.0,603.0,190.0,1.3654,57900.0,INLAND
-121.49,39.49,20.0,2505.0,468.0,1174.0,429.0,2.9965,88900.0,INLAND
-121.7,39.36,37.0,2330.0,495.0,1505.0,470.0,2.0474,56000.0,INLAND
-121.69,39.36,34.0,842.0,186.0,635.0,165.0,1.8355,63000.0,INLAND
-121.71,39.42,21.0,1432.0,284.0,862.0,275.0,2.2813,57600.0,INLAND
-120.54,38.41,21.0,1435.0,294.0,668.0,267.0,2.5667,77400.0,INLAND
-121.72,38.0,7.0,7957.0,1314.0,4460.0,1293.0,4.9618,156500.0,INLAND
-121.7,37.91,17.0,1962.0,291.0,825.0,267.0,4.8958,187100.0,INLAND
-121.78,38.01,19.0,2688.0,469.0,1216.0,422.0,4.4491,133900.0,INLAND
-121.79,38.0,34.0,3090.0,593.0,1588.0,566.0,3.6118,124700.0,INLAND
-121.82,37.98,13.0,3995.0,605.0,1969.0,607.0,5.0164,165200.0,INLAND
-121.87,38.02,31.0,3644.0,746.0,2229.0,678.0,3.1389,117800.0,INLAND
-121.87,38.0,17.0,2713.0,442.0,1475.0,415.0,4.8542,144100.0,INLAND
-121.9,38.0,14.0,2677.0,368.0,1288.0,375.0,6.0497,177500.0,INLAND
-121.95,38.03,5.0,5526.0,,3207.0,1012.0,4.0767,143100.0,INLAND
-121.92,38.03,16.0,2176.0,464.0,1410.0,434.0,3.5436,100200.0,INLAND
-122.1,37.96,25.0,1374.0,206.0,569.0,235.0,6.3699,235500.0,NEAR BAY
-122.06,37.96,37.0,1784.0,313.0,788.0,304.0,4.2917,189600.0,NEAR BAY
-122.03,38.01,27.0,3228.0,562.0,1666.0,588.0,4.5707,175900.0,NEAR BAY
-122.03,37.99,37.0,1755.0,327.0,882.0,350.0,4.59,166600.0,NEAR BAY
-121.98,37.96,22.0,2987.0,,1420.0,540.0,3.65,204100.0,INLAND
-121.97,37.97,26.0,1977.0,264.0,817.0,273.0,5.7512,240200.0,INLAND
-122.03,37.97,20.0,3968.0,931.0,2629.0,903.0,2.9915,166700.0,NEAR BAY
-122.01,37.94,23.0,3741.0,,1339.0,499.0,6.7061,322300.0,NEAR BAY
-122.03,37.94,21.0,5541.0,776.0,2214.0,737.0,5.5777,279300.0,NEAR BAY
-122.03,37.92,23.0,3318.0,408.0,1124.0,393.0,6.5847,358800.0,NEAR BAY
-122.03,37.91,29.0,5438.0,871.0,2310.0,890.0,5.0362,275300.0,NEAR BAY
-122.08,37.9,29.0,4133.0,770.0,1691.0,744.0,5.1097,288000.0,NEAR BAY
-122.06,37.88,34.0,4781.0,703.0,1879.0,714.0,6.5378,340900.0,NEAR BAY
-122.04,37.89,33.0,2423.0,322.0,998.0,346.0,7.5349,349100.0,NEAR BAY
-121.98,37.8,16.0,2498.0,330.0,1027.0,343.0,8.155,343700.0,<1H OCEAN
-122.0,37.82,20.0,2206.0,458.0,926.0,432.0,4.6042,256400.0,<1H OCEAN
-122.02,37.87,14.0,3056.0,369.0,1209.0,377.0,8.4352,441400.0,NEAR BAY
-122.12,37.88,35.0,2785.0,362.0,1001.0,363.0,8.0448,433300.0,NEAR BAY
-122.08,37.88,26.0,2947.0,,825.0,626.0,2.933,85000.0,NEAR BAY
-122.07,37.86,17.0,1102.0,224.0,317.0,208.0,3.5893,206300.0,NEAR BAY
-122.17,37.87,38.0,1261.0,177.0,472.0,183.0,6.917,438000.0,NEAR BAY
-121.78,37.97,4.0,17032.0,2546.0,7653.0,2359.0,5.5601,213700.0,INLAND
-122.25,38.0,16.0,2978.0,411.0,1531.0,400.0,6.5006,237700.0,NEAR BAY
-122.31,37.99,25.0,6508.0,1137.0,3259.0,1081.0,4.2348,157800.0,NEAR BAY
-122.32,38.01,26.0,3054.0,492.0,1495.0,496.0,4.6944,171100.0,NEAR BAY
-122.33,37.98,3.0,2850.0,544.0,1024.0,515.0,6.0115,175000.0,NEAR BAY
-122.34,37.98,33.0,2014.0,410.0,1354.0,427.0,3.9773,131300.0,NEAR BAY
-122.35,37.98,34.0,3756.0,726.0,2237.0,686.0,3.7562,132900.0,NEAR BAY
-122.36,37.96,30.0,950.0,317.0,1073.0,280.0,1.8664,107800.0,NEAR BAY
-122.34,37.95,39.0,1986.0,427.0,1041.0,385.0,3.2333,135100.0,NEAR BAY
-122.36,37.94,43.0,369.0,107.0,371.0,111.0,1.6,79400.0,NEAR BAY
-122.33,37.93,27.0,2158.0,424.0,1220.0,442.0,3.0156,111500.0,NEAR BAY
-122.34,37.93,45.0,2225.0,486.0,1304.0,459.0,2.64,112100.0,NEAR BAY
-122.31,37.91,45.0,3924.0,834.0,1992.0,773.0,4.1146,177800.0,NEAR BAY
-119.94,38.95,25.0,1789.0,536.0,1134.0,396.0,2.32,91300.0,INLAND
-119.99,38.88,17.0,2807.0,529.0,675.0,251.0,2.7457,107800.0,INLAND
-120.16,39.04,18.0,2040.0,402.0,350.0,129.0,4.0313,126000.0,INLAND
-120.7,38.69,13.0,4492.0,821.0,2093.0,734.0,4.0709,151700.0,INLAND
-120.84,38.63,12.0,1313.0,231.0,731.0,232.0,5.7373,208300.0,INLAND
-119.8,36.7,28.0,1592.0,304.0,962.0,282.0,1.3304,51300.0,INLAND
-119.76,36.71,29.0,1745.0,441.0,1530.0,391.0,1.5611,44400.0,INLAND
-119.75,36.71,38.0,1481.0,,1543.0,372.0,1.4577,49800.0,INLAND
-119.69,36.73,30.0,2437.0,349.0,1005.0,380.0,7.2211,171700.0,INLAND
-119.69,36.71,25.0,556.0,79.0,249.0,71.0,4.4583,108300.0,INLAND
-119.81,36.76,52.0,1792.0,352.0,1049.0,357.0,2.4375,57100.0,INLAND
-119.78,36.76,47.0,1425.0,323.0,949.0,325.0,1.7344,51300.0,INLAND
-119.72,36.76,23.0,6403.0,,3573.0,1260.0,2.3006,69000.0,INLAND
-119.73,36.74,14.0,6202.0,1551.0,5561.0,1435.0,1.6073,64700.0,INLAND
-119.75,36.77,32.0,1962.0,399.0,1005.0,392.0,2.6726,70400.0,INLAND
-119.75,36.78,35.0,1129.0,220.0,474.0,242.0,2.4405,74300.0,INLAND
-119.76,36.77,38.0,3804.0,814.0,2142.0,816.0,2.1439,60200.0,INLAND
-119.78,36.77,45.0,1315.0,256.0,666.0,240.0,2.3562,58100.0,INLAND
-119.85,36.77,9.0,1142.0,314.0,620.0,283.0,2.0446,81300.0,INLAND
-119.85,36.75,24.0,1143.0,245.0,608.0,240.0,2.8194,81100.0,INLAND
-120.08,36.72,22.0,1339.0,251.0,820.0,276.0,3.6,83200.0,INLAND
-119.86,36.82,12.0,1488.0,253.0,675.0,223.0,4.7622,89300.0,INLAND
-119.85,36.84,12.0,2272.0,304.0,840.0,305.0,8.9669,213900.0,INLAND
-119.79,36.84,22.0,1529.0,375.0,1543.0,395.0,1.7926,51700.0,INLAND
-119.82,36.84,7.0,2289.0,342.0,1077.0,354.0,5.4868,158800.0,INLAND
-119.82,36.78,36.0,1582.0,313.0,761.0,318.0,2.6055,69200.0,INLAND
-119.82,36.79,18.0,5822.0,1439.0,3415.0,1224.0,1.6854,64700.0,INLAND
-119.77,36.81,28.0,1713.0,302.0,663.0,282.0,3.567,85500.0,INLAND
-119.78,36.82,25.0,5016.0,,2133.0,928.0,3.625,89500.0,INLAND
-119.77,36.83,19.0,3237.0,507.0,1378.0,510.0,4.7804,101100.0,INLAND
-119.7,36.82,25.0,2379.0,540.0,1482.0,484.0,2.3173,68200.0,INLAND
-119.73,36.83,8.0,3602.0,,1959.0,580.0,5.3478,138800.0,INLAND
-119.71,36.81,19.0,2282.0,550.0,1034.0,500.0,1.6618,69700.0,INLAND
-119.69,36.83,32.0,1098.0,,726.0,224.0,1.4913,54600.0,INLAND
-119.69,36.81,15.0,2892.0,496.0,1634.0,501.0,4.4934,88000.0,INLAND
-119.68,36.79,16.0,1551.0,,1010.0,292.0,3.5417,71300.0,INLAND
-119.49,37.1,24.0,2532.0,555.0,1564.0,507.0,2.3359,92400.0,INLAND
-119.57,37.02,16.0,4199.0,794.0,2140.0,722.0,3.332,111800.0,INLAND
-119.21,37.25,44.0,3042.0,697.0,335.0,115.0,4.1838,85600.0,INLAND
-118.94,37.13,12.0,2255.0,472.0,1006.0,334.0,4.1563,94000.0,INLAND
-119.32,36.62,15.0,1070.0,256.0,1070.0,243.0,1.5642,51500.0,INLAND
-119.44,36.6,5.0,2353.0,608.0,2505.0,573.0,2.2863,69200.0,INLAND
-119.45,36.61,24.0,1302.0,,693.0,243.0,3.7917,90500.0,INLAND
-119.44,36.58,37.0,1054.0,,879.0,257.0,2.5234,63500.0,INLAND
-119.55,36.51,46.0,1889.0,390.0,971.0,403.0,2.2132,76600.0,INLAND
-119.65,36.51,30.0,1671.0,319.0,966.0,282.0,3.1333,100000.0,INLAND
-119.59,36.52,35.0,990.0,192.0,674.0,178.0,3.3214,101600.0,INLAND
-119.83,36.54,31.0,1732.0,332.0,979.0,294.0,2.5208,60000.0,INLAND
-120.36,36.14,18.0,1206.0,274.0,622.0,217.0,1.8264,62000.0,INLAND
-120.37,36.13,10.0,2522.0,533.0,1335.0,493.0,3.2639,86400.0,INLAND
-120.38,36.76,25.0,991.0,272.0,941.0,262.0,1.8125,58000.0,INLAND
-120.46,36.87,20.0,1287.0,310.0,954.0,269.0,1.3386,63000.0,INLAND
-120.44,36.84,29.0,1563.0,293.0,883.0,288.0,2.8182,90500.0,INLAND
-122.25,39.79,16.0,2127.0,412.0,1104.0,369.0,3.0469,72200.0,INLAND
-122.13,39.74,20.0,1401.0,280.0,668.0,250.0,2.2569,94300.0,INLAND
-122.18,39.7,23.0,1658.0,307.0,836.0,297.0,3.35,85400.0,INLAND
-122.04,39.72,23.0,2502.0,481.0,1443.0,455.0,2.5625,70000.0,INLAND
-124.19,40.78,37.0,1371.0,319.0,640.0,260.0,1.8242,70000.0,NEAR OCEAN
-124.15,40.81,50.0,340.0,74.0,235.0,83.0,1.75,67500.0,NEAR OCEAN
-124.06,40.86,34.0,4183.0,,1891.0,669.0,3.2216,98100.0,NEAR OCEAN
-124.09,40.87,44.0,692.0,206.0,398.0,211.0,1.1576,87500.0,NEAR OCEAN
-124.08,40.87,29.0,1710.0,469.0,990.0,425.0,1.1479,101100.0,NEAR OCEAN
-123.52,41.01,17.0,1564.0,345.0,517.0,222.0,2.1542,83800.0,INLAND
-124.14,41.06,32.0,1020.0,215.0,421.0,198.0,3.0208,143400.0,NEAR OCEAN
-124.0,40.92,29.0,1429.0,,672.0,266.0,2.9485,98800.0,<1H OCEAN
-124.09,40.95,18.0,2250.0,484.0,1248.0,472.0,2.5893,99600.0,NEAR OCEAN
-124.14,40.59,22.0,1665.0,405.0,826.0,382.0,1.5625,66800.0,NEAR OCEAN
-124.09,40.55,24.0,2978.0,553.0,1370.0,480.0,2.7644,97300.0,<1H OCEAN
-124.13,40.55,38.0,544.0,,240.0,91.0,3.25,94800.0,<1H OCEAN
-115.55,32.98,24.0,2565.0,530.0,1447.0,473.0,3.2593,80800.0,INLAND
-115.38,32.82,38.0,1892.0,394.0,1175.0,374.0,1.9939,65800.0,INLAND
-115.64,32.75,19.0,377.0,69.0,198.0,55.0,1.625,112500.0,INLAND
-115.55,32.82,34.0,1540.0,316.0,1013.0,274.0,2.5664,67500.0,INLAND
-115.49,32.69,17.0,1960.0,389.0,1691.0,356.0,1.899,64000.0,INLAND
-115.4,32.7,19.0,583.0,113.0,531.0,134.0,1.6838,95800.0,INLAND
-115.49,32.67,25.0,2322.0,573.0,2185.0,602.0,1.375,70100.0,INLAND
-115.49,32.67,24.0,1266.0,275.0,1083.0,298.0,1.4828,73100.0,INLAND
-116.01,33.41,20.0,1996.0,515.0,659.0,295.0,2.8684,62800.0,INLAND
-114.63,32.76,15.0,1448.0,378.0,949.0,300.0,0.8585,45000.0,INLAND
-118.42,37.36,18.0,2281.0,520.0,1425.0,465.0,1.7388,54400.0,INLAND
-118.05,36.64,34.0,2090.0,478.0,896.0,426.0,2.0357,74200.0,INLAND
-118.18,36.63,23.0,2311.0,487.0,1019.0,384.0,2.2574,104700.0,INLAND
-119.03,35.41,41.0,1808.0,435.0,1005.0,373.0,1.7857,54300.0,INLAND
-119.11,35.42,52.0,154.0,,37.0,16.0,10.0263,200000.0,INLAND
-118.96,35.4,27.0,2473.0,400.0,1271.0,427.0,3.5524,89100.0,INLAND
-118.94,35.39,13.0,3137.0,417.0,1318.0,397.0,7.7751,194100.0,INLAND
-118.91,35.37,32.0,4121.0,755.0,2590.0,721.0,3.3462,67600.0,INLAND
-118.98,35.38,34.0,1020.0,247.0,795.0,228.0,1.625,50800.0,INLAND
-118.99,35.37,36.0,832.0,198.0,814.0,174.0,1.4773,57400.0,INLAND
-118.99,35.36,31.0,1498.0,359.0,1168.0,340.0,1.2232,49300.0,INLAND
-118.99,35.35,27.0,1615.0,355.0,1380.0,332.0,1.6632,49800.0,INLAND
-119.02,35.33,26.0,3691.0,826.0,2072.0,827.0,2.1553,84700.0,INLAND
-119.01,35.32,23.0,4870.0,965.0,2717.0,928.0,2.596,70000.0,INLAND
-118.93,34.82,24.0,806.0,168.0,323.0,136.0,3.5,113900.0,INLAND
-119.16,34.95,14.0,4054.0,787.0,1581.0,579.0,3.0882,148200.0,INLAND
-119.45,35.07,45.0,973.0,183.0,500.0,177.0,2.6389,30000.0,INLAND
-119.46,35.14,30.0,2943.0,,1565.0,584.0,2.5313,45800.0,INLAND
-119.27,35.51,28.0,1089.0,179.0,544.0,190.0,3.2279,95800.0,INLAND
-117.66,35.62,11.0,5897.0,1138.0,2728.0,1072.0,4.15,85700.0,INLAND
-117.76,35.22,4.0,18.0,3.0,8.0,6.0,1.625,275000.0,INLAND
-118.15,35.06,15.0,1069.0,296.0,569.0,263.0,2.0441,73300.0,INLAND
-118.16,35.05,44.0,1297.0,307.0,776.0,278.0,2.5875,68900.0,INLAND
-119.78,36.3,30.0,1846.0,391.0,1255.0,352.0,2.1681,66600.0,INLAND
-119.63,36.33,14.0,2928.0,600.0,1633.0,559.0,1.8385,67500.0,INLAND
-119.63,36.32,36.0,1518.0,287.0,749.0,255.0,2.2333,61000.0,INLAND
-119.66,36.32,24.0,2652.0,568.0,1532.0,445.0,2.3256,56800.0,INLAND
-119.61,36.31,25.0,1847.0,371.0,1460.0,353.0,1.8839,46300.0,INLAND
-119.82,36.19,33.0,1293.0,272.0,694.0,229.0,2.0221,52200.0,INLAND
-122.79,39.09,20.0,1798.0,395.0,685.0,331.0,1.625,66800.0,INLAND
-122.52,38.99,16.0,975.0,219.0,337.0,155.0,1.6607,77800.0,INLAND
-122.72,38.88,29.0,2781.0,,890.0,310.0,1.9906,96600.0,INLAND
-122.64,38.87,16.0,1177.0,240.0,519.0,199.0,1.5739,73500.0,INLAND
-120.77,40.65,11.0,2635.0,667.0,280.0,132.0,1.7214,118300.0,INLAND
-121.03,40.35,52.0,5486.0,1044.0,1977.0,754.0,2.1833,49500.0,INLAND
-120.67,40.5,15.0,5343.0,,2503.0,902.0,3.5962,85900.0,INLAND
-120.49,40.31,16.0,1821.0,360.0,969.0,359.0,3.4643,85100.0,INLAND
-118.28,34.25,35.0,2045.0,450.0,1166.0,407.0,3.5214,197600.0,<1H OCEAN
-118.28,34.25,29.0,2559.0,,1886.0,769.0,2.6036,162100.0,<1H OCEAN
-118.3,34.25,36.0,1300.0,304.0,688.0,261.0,3.1523,176700.0,<1H OCEAN
-118.35,34.22,19.0,9259.0,1653.0,3963.0,1595.0,5.997,228700.0,<1H OCEAN
-118.31,34.27,35.0,1446.0,274.0,759.0,291.0,6.0808,215600.0,<1H OCEAN
-118.31,34.26,38.0,2264.0,460.0,1124.0,388.0,4.2685,189600.0,<1H OCEAN
-118.41,34.3,28.0,3187.0,569.0,2205.0,559.0,5.1668,187400.0,<1H OCEAN
-118.49,34.28,27.0,2535.0,389.0,1071.0,386.0,6.8695,319400.0,<1H OCEAN
-118.49,34.28,31.0,3508.0,585.0,1957.0,588.0,6.6458,285500.0,<1H OCEAN
-118.51,34.29,29.0,1287.0,194.0,525.0,187.0,6.4171,319300.0,<1H OCEAN
-118.52,34.3,17.0,4542.0,621.0,2144.0,597.0,8.8467,450700.0,<1H OCEAN
-118.45,34.3,27.0,2676.0,,2661.0,623.0,4.3047,152100.0,<1H OCEAN
-118.55,34.28,16.0,8879.0,,3468.0,1200.0,8.1125,428600.0,<1H OCEAN
-118.57,34.29,4.0,6995.0,1151.0,2907.0,1089.0,7.0808,341200.0,<1H OCEAN
-118.45,34.28,38.0,1527.0,332.0,1303.0,340.0,3.5714,152000.0,<1H OCEAN
-118.44,34.27,29.0,1701.0,419.0,1616.0,371.0,3.3603,142400.0,<1H OCEAN
-118.46,34.26,36.0,1394.0,254.0,761.0,262.0,4.9485,217100.0,<1H OCEAN
-118.46,34.25,33.0,2202.0,433.0,1135.0,407.0,4.2143,224200.0,<1H OCEAN
-118.47,34.26,34.0,1300.0,289.0,650.0,291.0,3.8875,199200.0,<1H OCEAN
-118.49,34.25,33.0,2088.0,383.0,960.0,362.0,4.3333,232900.0,<1H OCEAN
-118.5,34.27,35.0,2235.0,390.0,1148.0,416.0,4.869,221600.0,<1H OCEAN
-118.51,34.27,34.0,3787.0,771.0,1966.0,738.0,4.055,222500.0,<1H OCEAN
-118.53,34.26,18.0,3674.0,,1590.0,550.0,8.176,308400.0,<1H OCEAN
-118.58,34.24,26.0,3239.0,647.0,1529.0,590.0,3.2426,236900.0,<1H OCEAN
-118.59,34.22,17.0,6015.0,1464.0,3056.0,1347.0,4.0077,229000.0,<1H OCEAN
-118.51,34.24,31.0,5297.0,664.0,1986.0,657.0,8.6454,483500.0,<1H OCEAN
-118.44,34.26,34.0,1102.0,212.0,949.0,212.0,4.0792,165100.0,<1H OCEAN
-118.43,34.23,35.0,1225.0,228.0,720.0,231.0,3.4013,176500.0,<1H OCEAN
-118.43,34.23,37.0,1737.0,369.0,1061.0,356.0,3.9615,173700.0,<1H OCEAN
-118.46,34.22,39.0,1500.0,333.0,998.0,309.0,3.9625,168200.0,<1H OCEAN
-118.39,34.23,18.0,3405.0,831.0,3001.0,795.0,3.0083,181900.0,<1H OCEAN
-118.39,34.23,43.0,1193.0,299.0,1184.0,320.0,2.1518,161600.0,<1H OCEAN
-118.42,34.2,34.0,161.0,48.0,66.0,33.0,1.0,187500.0,<1H OCEAN
-118.38,34.21,38.0,1363.0,395.0,1798.0,405.0,2.3182,171200.0,<1H OCEAN
-118.37,34.2,33.0,1438.0,309.0,1378.0,306.0,2.8917,170400.0,<1H OCEAN
-118.37,34.18,33.0,1829.0,512.0,1345.0,500.0,3.1629,198900.0,<1H OCEAN
-118.4,34.2,13.0,4859.0,1293.0,3351.0,1200.0,3.6875,211900.0,<1H OCEAN
-118.43,34.2,28.0,3386.0,,2240.0,737.0,3.0221,290100.0,<1H OCEAN
-118.41,34.19,37.0,1993.0,425.0,939.0,400.0,2.8021,224600.0,<1H OCEAN
-118.39,34.18,42.0,1957.0,389.0,985.0,414.0,2.9327,240200.0,<1H OCEAN
-118.38,34.17,33.0,1588.0,454.0,739.0,392.0,2.8208,238500.0,<1H OCEAN
-118.4,34.17,24.0,6347.0,,2945.0,1492.0,3.3545,221500.0,<1H OCEAN
-118.48,34.2,23.0,2850.0,864.0,2249.0,777.0,2.6957,191700.0,<1H OCEAN
-118.48,34.19,20.0,5699.0,1594.0,3809.0,1381.0,2.8646,221100.0,<1H OCEAN
-118.45,34.2,18.0,2729.0,800.0,2099.0,742.0,2.5842,230800.0,<1H OCEAN
-118.45,34.19,11.0,2479.0,900.0,2466.0,855.0,2.2264,181300.0,<1H OCEAN
-118.45,34.18,22.0,2516.0,826.0,3350.0,713.0,2.0192,158300.0,<1H OCEAN
-118.53,34.22,29.0,4101.0,849.0,2630.0,867.0,4.6607,199800.0,<1H OCEAN
-118.53,34.21,18.0,3124.0,796.0,1855.0,725.0,2.9389,213200.0,<1H OCEAN
-118.52,34.2,35.0,2891.0,594.0,1757.0,581.0,4.3571,199800.0,<1H OCEAN
-118.51,34.2,33.0,2327.0,479.0,1166.0,472.0,4.2344,262500.0,<1H OCEAN
-118.53,34.2,26.0,2221.0,662.0,1998.0,603.0,2.8701,191100.0,<1H OCEAN
-118.55,34.19,18.0,5862.0,,3161.0,1280.0,3.1106,170600.0,<1H OCEAN
-118.53,34.18,26.0,4175.0,885.0,2118.0,778.0,4.2083,240300.0,<1H OCEAN
-118.56,34.2,35.0,2273.0,,1431.0,403.0,4.0789,196700.0,<1H OCEAN
-118.56,34.19,35.0,782.0,144.0,425.0,140.0,5.4548,201400.0,<1H OCEAN
-118.59,34.21,34.0,2389.0,521.0,1560.0,514.0,4.8333,225400.0,<1H OCEAN
-118.62,34.2,23.0,3098.0,542.0,1486.0,492.0,5.7613,235800.0,<1H OCEAN
-118.59,34.2,21.0,1789.0,,2300.0,677.0,2.754,179800.0,<1H OCEAN
-118.58,34.2,21.0,2979.0,744.0,1824.0,692.0,3.5,223700.0,<1H OCEAN
-118.56,34.19,36.0,2600.0,441.0,1246.0,426.0,4.1111,215600.0,<1H OCEAN
-118.58,34.19,35.0,2329.0,399.0,966.0,336.0,3.8839,224900.0,<1H OCEAN
-118.61,34.2,29.0,1673.0,284.0,794.0,270.0,5.5191,245800.0,<1H OCEAN
-118.64,34.19,30.0,2399.0,373.0,1062.0,377.0,6.0094,245600.0,<1H OCEAN
-118.61,34.17,31.0,1689.0,362.0,705.0,360.0,4.0,278500.0,<1H OCEAN
-118.52,34.18,42.0,1611.0,410.0,879.0,386.0,3.1923,221800.0,<1H OCEAN
-118.56,34.17,35.0,2987.0,391.0,1244.0,387.0,7.1322,500001.0,<1H OCEAN
-118.5,34.17,37.0,880.0,,369.0,155.0,4.1429,303600.0,<1H OCEAN
-118.49,34.15,33.0,2829.0,360.0,1010.0,363.0,10.3587,500001.0,<1H OCEAN
-118.49,34.14,28.0,3539.0,441.0,1190.0,421.0,10.6796,500001.0,<1H OCEAN
-118.49,34.13,24.0,4394.0,,1443.0,528.0,11.2979,500001.0,<1H OCEAN
-118.53,34.14,28.0,6920.0,906.0,2515.0,860.0,9.2189,500001.0,<1H OCEAN
-118.54,34.15,26.0,10111.0,1295.0,3599.0,1257.0,10.2292,500001.0,<1H OCEAN
-118.48,34.16,30.0,3507.0,536.0,1427.0,525.0,6.7082,500001.0,<1H OCEAN
-118.47,34.14,36.0,2873.0,420.0,850.0,379.0,8.153,500001.0,<1H OCEAN
-118.43,34.14,44.0,1693.0,239.0,498.0,216.0,10.9237,500001.0,<1H OCEAN
-118.35,34.13,39.0,1610.0,278.0,511.0,278.0,4.3333,385900.0,<1H OCEAN
-118.36,34.13,36.0,6871.0,1180.0,2216.0,1130.0,8.0499,495600.0,<1H OCEAN
-118.42,34.14,27.0,3990.0,892.0,1417.0,800.0,4.0439,500001.0,<1H OCEAN
-118.19,34.12,41.0,2591.0,682.0,2366.0,583.0,2.3071,146400.0,<1H OCEAN
-118.2,34.12,52.0,1580.0,426.0,1462.0,406.0,3.3326,167600.0,<1H OCEAN
-118.2,34.12,44.0,1565.0,398.0,1500.0,407.0,2.8125,155600.0,<1H OCEAN
-118.18,34.11,33.0,1523.0,391.0,753.0,298.0,2.6591,183800.0,<1H OCEAN
-118.2,34.11,37.0,2040.0,611.0,1698.0,545.0,1.9355,166300.0,<1H OCEAN
-118.23,34.13,48.0,1308.0,,835.0,294.0,4.2891,214800.0,<1H OCEAN
-118.21,34.12,35.0,1937.0,439.0,1523.0,412.0,3.5638,170500.0,<1H OCEAN
-118.23,34.12,32.0,2094.0,491.0,1413.0,479.0,4.5089,221100.0,<1H OCEAN
-118.24,34.12,34.0,80.0,26.0,125.0,35.0,0.8907,154200.0,<1H OCEAN
-118.23,34.11,33.0,2612.0,646.0,2496.0,606.0,3.133,156000.0,<1H OCEAN
-118.28,34.11,45.0,1607.0,331.0,633.0,332.0,3.1445,438300.0,<1H OCEAN
-118.29,34.11,48.0,1448.0,295.0,681.0,287.0,3.2333,436400.0,<1H OCEAN
-118.36,34.1,52.0,1096.0,247.0,423.0,230.0,3.0179,500001.0,<1H OCEAN
-118.31,34.1,33.0,766.0,347.0,918.0,305.0,1.705,350000.0,<1H OCEAN
-118.31,34.09,37.0,773.0,,835.0,312.0,1.8576,193800.0,<1H OCEAN
-118.32,34.1,30.0,2193.0,965.0,2197.0,836.0,1.8277,137500.0,<1H OCEAN
-118.3,34.09,36.0,2332.0,993.0,3155.0,927.0,2.2612,230400.0,<1H OCEAN
-118.32,34.09,44.0,2666.0,,2297.0,726.0,1.676,208800.0,<1H OCEAN
-118.29,34.08,25.0,2459.0,823.0,2635.0,763.0,2.4,173900.0,<1H OCEAN
-118.29,34.08,38.0,380.0,130.0,445.0,140.0,1.9286,137500.0,<1H OCEAN
-118.37,34.12,34.0,2821.0,399.0,843.0,391.0,11.615,500001.0,<1H OCEAN
-118.28,34.11,52.0,1803.0,437.0,787.0,388.0,4.5781,360500.0,<1H OCEAN
-118.28,34.1,48.0,805.0,246.0,633.0,235.0,2.3421,200000.0,<1H OCEAN
-118.27,34.08,35.0,1147.0,365.0,1016.0,296.0,2.3913,198800.0,<1H OCEAN
-118.27,34.07,27.0,1190.0,,1795.0,422.0,1.7016,160000.0,<1H OCEAN
-118.27,34.08,46.0,3007.0,854.0,2587.0,814.0,2.7179,184300.0,<1H OCEAN
-118.28,34.08,42.0,1618.0,522.0,1454.0,440.0,3.1607,182000.0,<1H OCEAN
-118.28,34.08,39.0,3162.0,896.0,1934.0,818.0,2.875,213500.0,<1H OCEAN
-118.26,34.08,45.0,2174.0,627.0,1992.0,557.0,2.5428,167800.0,<1H OCEAN
-118.22,34.07,36.0,839.0,250.0,1079.0,245.0,1.7463,158300.0,<1H OCEAN
-118.21,34.07,52.0,1770.0,,1848.0,439.0,2.4135,167200.0,<1H OCEAN
-118.18,34.1,7.0,2529.0,689.0,1215.0,577.0,4.7853,153100.0,<1H OCEAN
-118.18,34.08,35.0,2226.0,602.0,2230.0,549.0,2.9167,129300.0,<1H OCEAN
-118.17,34.08,39.0,787.0,181.0,731.0,179.0,3.2279,158500.0,<1H OCEAN
-118.2,34.06,46.0,453.0,119.0,533.0,132.0,2.2961,112500.0,<1H OCEAN
-118.22,34.05,34.0,1113.0,,928.0,290.0,3.1654,155000.0,<1H OCEAN
-118.19,34.04,45.0,963.0,234.0,1194.0,239.0,2.1806,134900.0,<1H OCEAN
-118.2,34.04,36.0,1625.0,490.0,2003.0,478.0,2.181,147200.0,<1H OCEAN
-118.2,34.03,52.0,774.0,209.0,813.0,203.0,2.3472,135200.0,<1H OCEAN
-118.2,34.02,26.0,36.0,9.0,35.0,9.0,1.625,175000.0,<1H OCEAN
-118.2,34.02,42.0,498.0,120.0,548.0,119.0,3.7543,126600.0,<1H OCEAN
-118.21,34.02,52.0,22.0,7.0,55.0,7.0,7.5752,67500.0,<1H OCEAN
-118.28,34.07,14.0,1924.0,926.0,2226.0,792.0,2.2552,265900.0,<1H OCEAN
-118.28,34.06,14.0,1787.0,853.0,2251.0,763.0,1.1642,400000.0,<1H OCEAN
-118.28,34.06,42.0,2472.0,,3795.0,1179.0,1.2254,162500.0,<1H OCEAN
-118.27,34.04,13.0,1784.0,,2158.0,682.0,1.7038,118100.0,<1H OCEAN
-118.33,34.07,52.0,2248.0,255.0,813.0,265.0,15.0001,500001.0,<1H OCEAN
-118.29,34.08,49.0,649.0,315.0,987.0,329.0,1.6806,316700.0,<1H OCEAN
-118.3,34.07,18.0,3759.0,,3296.0,1462.0,2.2708,175000.0,<1H OCEAN
-118.3,34.07,28.0,5221.0,2530.0,5840.0,2374.0,1.8829,300000.0,<1H OCEAN
-118.29,34.05,34.0,1102.0,,1325.0,439.0,1.5972,168800.0,<1H OCEAN
-118.34,34.08,52.0,1721.0,195.0,688.0,196.0,15.0001,500001.0,<1H OCEAN
-118.37,34.07,50.0,2519.0,,1117.0,516.0,4.3667,405600.0,<1H OCEAN
-118.37,34.07,39.0,2309.0,526.0,870.0,546.0,3.1677,453400.0,<1H OCEAN
-118.38,34.07,16.0,4814.0,1381.0,1897.0,1209.0,3.3725,375000.0,<1H OCEAN
-118.37,34.05,35.0,2457.0,552.0,1159.0,523.0,3.0862,345300.0,<1H OCEAN
-118.38,34.05,49.0,702.0,,458.0,187.0,4.8958,333600.0,<1H OCEAN
-118.38,34.05,35.0,3517.0,879.0,1632.0,784.0,3.0956,500001.0,<1H OCEAN
-118.35,34.05,47.0,2815.0,679.0,1533.0,594.0,2.5806,234100.0,<1H OCEAN
-118.36,34.05,42.0,1372.0,,674.0,271.0,2.8793,202100.0,<1H OCEAN
-118.36,34.05,45.0,2283.0,,1093.0,475.0,2.5658,252000.0,<1H OCEAN
-118.37,34.03,37.0,1236.0,,966.0,292.0,3.0694,122200.0,<1H OCEAN
-118.34,34.02,44.0,2067.0,385.0,1046.0,441.0,3.5357,156900.0,<1H OCEAN
-118.29,34.04,44.0,1941.0,579.0,2049.0,535.0,2.0405,143000.0,<1H OCEAN
-118.31,34.03,47.0,1315.0,,785.0,245.0,1.23,138400.0,<1H OCEAN
-118.28,34.04,48.0,1521.0,513.0,1772.0,458.0,2.2232,162500.0,<1H OCEAN
-118.24,34.01,43.0,1456.0,444.0,2098.0,433.0,1.8929,99200.0,<1H OCEAN
-118.27,34.0,46.0,1748.0,428.0,1707.0,409.0,2.148,103800.0,<1H OCEAN
-118.27,33.99,38.0,1407.0,447.0,1783.0,402.0,1.8086,97100.0,<1H OCEAN
-118.31,34.02,46.0,2217.0,489.0,1227.0,448.0,1.6851,108800.0,<1H OCEAN
-118.29,34.01,39.0,751.0,207.0,1010.0,231.0,1.6036,137500.0,<1H OCEAN
-118.28,34.0,42.0,855.0,284.0,890.0,247.0,1.2778,112500.0,<1H OCEAN
-118.29,34.0,44.0,1753.0,387.0,1165.0,380.0,2.1354,105800.0,<1H OCEAN
-118.31,34.0,52.0,1542.0,309.0,939.0,276.0,1.6892,129100.0,<1H OCEAN
-118.33,33.98,30.0,3112.0,931.0,2739.0,841.0,1.6531,118500.0,<1H OCEAN
-118.36,34.01,33.0,3140.0,466.0,1214.0,464.0,6.5044,350400.0,<1H OCEAN
-118.33,34.02,11.0,1249.0,313.0,625.0,336.0,0.8702,170500.0,<1H OCEAN
-118.35,34.01,35.0,3776.0,,1583.0,749.0,3.5486,332100.0,<1H OCEAN
-118.32,33.98,49.0,1993.0,446.0,1052.0,394.0,2.2138,119800.0,<1H OCEAN
-118.28,33.97,31.0,1068.0,271.0,1091.0,281.0,1.689,102600.0,<1H OCEAN
-118.31,33.95,44.0,2490.0,430.0,1305.0,411.0,4.8295,149600.0,<1H OCEAN
-118.31,33.94,43.0,2104.0,393.0,1132.0,394.0,3.0682,142000.0,<1H OCEAN
-118.28,33.96,41.0,1175.0,340.0,1241.0,352.0,1.2273,98400.0,<1H OCEAN
-118.28,33.96,34.0,2074.0,562.0,1913.0,514.0,1.6156,102100.0,<1H OCEAN
-118.28,33.93,42.0,1898.0,460.0,1503.0,429.0,2.5179,97400.0,<1H OCEAN
-118.29,33.92,40.0,1935.0,461.0,1616.0,433.0,2.875,120200.0,<1H OCEAN
-118.25,33.94,43.0,1113.0,378.0,1305.0,334.0,1.1434,91300.0,<1H OCEAN
-118.25,33.94,43.0,793.0,,736.0,231.0,0.8527,90400.0,<1H OCEAN
-118.23,33.95,37.0,2667.0,671.0,2865.0,683.0,0.6831,87500.0,<1H OCEAN
-118.25,33.95,28.0,2136.0,,1799.0,476.0,1.5427,95700.0,<1H OCEAN
-118.25,33.93,40.0,975.0,270.0,1068.0,270.0,0.9889,87500.0,<1H OCEAN
-118.25,33.93,36.0,2452.0,734.0,2664.0,667.0,0.9298,100000.0,<1H OCEAN
-118.23,33.94,36.0,1110.0,,1417.0,302.0,2.3333,92100.0,<1H OCEAN
-118.45,34.1,31.0,6675.0,842.0,2092.0,796.0,11.8442,500001.0,<1H OCEAN
-118.45,34.04,19.0,3330.0,1010.0,1837.0,915.0,3.0173,393800.0,<1H OCEAN
-118.46,34.04,31.0,2621.0,707.0,1632.0,673.0,3.287,348100.0,<1H OCEAN
-118.42,34.05,33.0,2921.0,652.0,1124.0,608.0,5.0151,500001.0,<1H OCEAN
-118.4,34.05,26.0,4473.0,923.0,1518.0,805.0,5.0762,500001.0,<1H OCEAN
-118.4,34.04,42.0,1298.0,174.0,420.0,190.0,12.8483,500001.0,<1H OCEAN
-118.39,34.05,42.0,3105.0,559.0,1253.0,531.0,5.222,500001.0,<1H OCEAN
-118.39,34.03,25.0,3442.0,1050.0,1890.0,914.0,3.0574,319400.0,<1H OCEAN
-118.39,34.03,39.0,1366.0,375.0,1237.0,370.0,3.7206,230900.0,<1H OCEAN
-118.38,34.03,43.0,912.0,255.0,705.0,246.0,2.6402,185700.0,<1H OCEAN
-118.44,34.02,39.0,3278.0,632.0,1321.0,617.0,6.2917,465700.0,<1H OCEAN
-118.43,34.02,41.0,2403.0,516.0,1001.0,514.0,4.3906,500001.0,<1H OCEAN
-118.42,34.02,28.0,3167.0,737.0,1248.0,665.0,3.1941,394700.0,<1H OCEAN
-118.47,33.99,52.0,2167.0,622.0,1095.0,570.0,2.8514,358700.0,<1H OCEAN
-118.45,34.0,46.0,1777.0,362.0,896.0,334.0,4.45,348300.0,<1H OCEAN
-118.46,33.99,37.0,1828.0,460.0,1075.0,453.0,4.337,360600.0,<1H OCEAN
-118.43,33.99,45.0,1899.0,461.0,1260.0,415.0,2.6667,320000.0,<1H OCEAN
-118.44,33.99,43.0,1432.0,308.0,782.0,303.0,4.3333,303900.0,<1H OCEAN
-118.42,33.99,35.0,1724.0,419.0,1079.0,394.0,4.5521,263800.0,<1H OCEAN
-118.4,33.96,43.0,2416.0,454.0,1028.0,409.0,5.6732,330700.0,<1H OCEAN
-118.29,33.88,32.0,2307.0,493.0,1754.0,528.0,4.317,232800.0,<1H OCEAN
-118.28,33.8,38.0,1471.0,329.0,1207.0,335.0,4.0,165500.0,<1H OCEAN
-118.26,33.78,27.0,1672.0,491.0,1723.0,462.0,2.0458,174500.0,NEAR OCEAN
-118.3,33.73,42.0,1731.0,,866.0,403.0,2.7451,255400.0,NEAR OCEAN
-118.29,33.73,30.0,3161.0,,1865.0,771.0,2.7139,231700.0,NEAR OCEAN
-118.3,33.72,35.0,2790.0,,1167.0,441.0,6.2028,361500.0,NEAR OCEAN
-118.29,33.72,21.0,1568.0,452.0,801.0,422.0,3.5109,225000.0,NEAR OCEAN
-118.23,34.24,31.0,3857.0,607.0,1695.0,572.0,7.642,396400.0,<1H OCEAN
-118.24,34.24,31.0,3019.0,469.0,1349.0,462.0,7.1463,394100.0,<1H OCEAN
-118.25,34.23,37.0,1954.0,368.0,967.0,370.0,5.0862,261300.0,<1H OCEAN
-118.24,34.22,41.0,2476.0,506.0,1271.0,485.0,3.4531,263900.0,<1H OCEAN
-118.23,34.2,48.0,1473.0,294.0,807.0,296.0,3.399,306300.0,<1H OCEAN
-118.23,34.18,45.0,2332.0,,943.0,339.0,8.1132,446600.0,<1H OCEAN
-118.22,34.19,36.0,2443.0,492.0,1115.0,493.0,3.9777,409800.0,<1H OCEAN
-118.23,34.15,26.0,1649.0,522.0,1332.0,483.0,3.1004,257100.0,<1H OCEAN
-118.25,34.16,24.0,5131.0,1436.0,2690.0,1371.0,2.5668,280000.0,<1H OCEAN
-118.26,34.16,20.0,3407.0,885.0,1883.0,870.0,3.7321,351100.0,<1H OCEAN
-118.27,34.17,52.0,2010.0,,908.0,326.0,6.9135,374000.0,<1H OCEAN
-118.29,34.17,12.0,2238.0,682.0,1882.0,611.0,2.9,208300.0,<1H OCEAN
-118.27,34.16,47.0,1453.0,356.0,787.0,345.0,3.0114,255500.0,<1H OCEAN
-118.25,34.14,30.0,1615.0,570.0,1245.0,544.0,1.8929,196900.0,<1H OCEAN
-118.25,34.14,25.0,5980.0,1856.0,5217.0,1772.0,2.506,184500.0,<1H OCEAN
-118.3,34.19,52.0,1704.0,277.0,746.0,262.0,4.7986,326100.0,<1H OCEAN
-118.34,34.2,41.0,2860.0,682.0,1516.0,621.0,3.0431,262900.0,<1H OCEAN
-118.32,34.17,47.0,2589.0,465.0,1284.0,485.0,5.1008,247100.0,<1H OCEAN
-118.34,34.19,47.0,1721.0,343.0,834.0,334.0,4.1923,231200.0,<1H OCEAN
-118.35,34.19,45.0,903.0,190.0,557.0,204.0,4.0313,209100.0,<1H OCEAN
-118.33,34.15,44.0,1321.0,303.0,471.0,301.0,4.2679,331800.0,<1H OCEAN
-118.31,34.17,12.0,3188.0,931.0,2118.0,850.0,3.1823,218300.0,<1H OCEAN
-117.84,34.13,26.0,3773.0,694.0,2103.0,688.0,4.6937,198000.0,INLAND
-117.87,34.15,37.0,2655.0,415.0,1056.0,401.0,5.4224,269500.0,INLAND
-117.86,34.13,40.0,1304.0,280.0,607.0,256.0,2.588,209500.0,INLAND
-117.85,34.11,25.0,9255.0,1659.0,4944.0,1627.0,4.5708,223000.0,INLAND
-117.79,34.1,26.0,1664.0,344.0,1024.0,339.0,3.5192,190500.0,INLAND
-117.73,34.1,37.0,3457.0,,1344.0,530.0,5.8891,226000.0,INLAND
-117.74,34.09,30.0,3199.0,591.0,2192.0,563.0,3.4871,136400.0,INLAND
-117.79,34.07,34.0,975.0,192.0,870.0,183.0,3.7933,116100.0,INLAND
-117.76,34.04,34.0,1914.0,,1564.0,328.0,2.8347,115800.0,INLAND
-117.83,33.99,14.0,17527.0,2751.0,8380.0,2676.0,6.2734,267000.0,<1H OCEAN
-117.86,34.01,16.0,4632.0,,3038.0,727.0,5.1762,264400.0,<1H OCEAN
-117.85,34.1,22.0,5179.0,944.0,2315.0,884.0,4.51,189900.0,<1H OCEAN
-117.88,34.09,29.0,3416.0,790.0,2223.0,728.0,3.5109,186000.0,<1H OCEAN
-117.97,34.11,18.0,123.0,28.0,121.0,26.0,3.0417,137500.0,INLAND
-117.98,34.1,22.0,5661.0,1209.0,5389.0,1178.0,3.7727,159700.0,INLAND
-117.97,34.1,26.0,1399.0,277.0,1285.0,276.0,4.0,160100.0,INLAND
-117.94,34.08,34.0,1970.0,476.0,1269.0,406.0,4.064,201200.0,<1H OCEAN
-117.95,34.08,37.0,1137.0,203.0,672.0,226.0,3.2969,189000.0,<1H OCEAN
-117.92,34.08,35.0,1897.0,311.0,965.0,323.0,5.7039,199400.0,<1H OCEAN
-117.91,34.1,35.0,2746.0,478.0,1779.0,501.0,4.25,166700.0,<1H OCEAN
-117.9,34.06,35.0,1313.0,194.0,599.0,209.0,7.5,287200.0,<1H OCEAN
-117.9,34.07,35.0,1646.0,294.0,1056.0,280.0,3.055,172000.0,<1H OCEAN
-117.92,34.06,34.0,2819.0,609.0,1718.0,558.0,3.5547,197600.0,<1H OCEAN
-117.91,34.05,35.0,3189.0,,1727.0,500.0,5.0758,211100.0,<1H OCEAN
-117.93,34.07,36.0,1207.0,209.0,683.0,213.0,5.3559,207300.0,<1H OCEAN
-117.97,34.06,31.0,2516.0,,2194.0,497.0,3.2413,155500.0,<1H OCEAN
-117.98,34.05,35.0,2342.0,426.0,2176.0,416.0,3.7454,156900.0,<1H OCEAN
-117.97,34.05,34.0,2050.0,495.0,1832.0,465.0,2.8333,155700.0,<1H OCEAN
-117.96,34.03,35.0,2093.0,,1755.0,403.0,3.4115,150400.0,<1H OCEAN
-117.96,34.05,36.0,1475.0,270.0,1149.0,284.0,3.0904,158600.0,<1H OCEAN
-117.95,34.04,27.0,2610.0,846.0,2296.0,750.0,2.274,150800.0,<1H OCEAN
-117.93,34.01,23.0,3188.0,836.0,3883.0,840.0,2.1863,157600.0,<1H OCEAN
-117.93,34.04,23.0,6361.0,1168.0,4580.0,1109.0,4.9342,181000.0,<1H OCEAN
-117.89,34.01,23.0,4535.0,955.0,3881.0,930.0,3.6275,154100.0,<1H OCEAN
-117.91,34.02,22.0,6269.0,,5587.0,1251.0,3.8201,136200.0,<1H OCEAN
-117.97,33.99,22.0,5284.0,982.0,2613.0,932.0,4.7332,289900.0,<1H OCEAN
-117.96,34.14,33.0,1994.0,405.0,993.0,403.0,3.766,163900.0,INLAND
-117.97,34.14,15.0,3595.0,964.0,1839.0,877.0,2.6014,150300.0,INLAND
-118.06,34.16,46.0,1467.0,298.0,816.0,267.0,3.6705,286500.0,INLAND
-118.04,34.13,35.0,249.0,31.0,268.0,29.0,15.0001,500001.0,INLAND
-118.01,34.13,36.0,1332.0,217.0,648.0,203.0,4.7159,365900.0,INLAND
-117.99,34.14,30.0,2346.0,,1988.0,474.0,2.5625,153000.0,INLAND
-117.99,34.12,37.0,1527.0,331.0,1504.0,324.0,3.2857,130100.0,INLAND
-118.01,34.12,32.0,1937.0,332.0,922.0,340.0,3.94,278400.0,INLAND
-118.06,34.09,40.0,1975.0,389.0,1116.0,378.0,4.2898,251600.0,<1H OCEAN
-118.04,34.09,34.0,2001.0,388.0,1461.0,397.0,3.8304,183000.0,INLAND
-118.01,34.1,35.0,2120.0,412.0,1375.0,405.0,3.4609,166300.0,INLAND
-118.01,34.08,30.0,2281.0,522.0,1969.0,500.0,3.6531,166300.0,INLAND
-118.03,34.07,37.0,1091.0,269.0,905.0,242.0,3.1042,152000.0,<1H OCEAN
-118.01,34.06,26.0,557.0,153.0,455.0,196.0,2.7721,155400.0,INLAND
-118.05,34.04,33.0,1348.0,,1098.0,257.0,4.2917,161200.0,<1H OCEAN
-118.18,34.19,48.0,1371.0,,528.0,155.0,15.0001,500001.0,<1H OCEAN
-118.16,34.17,52.0,1193.0,228.0,703.0,221.0,3.1741,163800.0,<1H OCEAN
-118.16,34.16,44.0,1284.0,278.0,925.0,261.0,1.7321,178400.0,<1H OCEAN
-118.15,34.15,49.0,806.0,199.0,698.0,172.0,2.3654,137500.0,<1H OCEAN
-118.13,34.16,36.0,2162.0,658.0,1337.0,590.0,2.2095,176700.0,<1H OCEAN
-118.13,34.15,24.0,1125.0,341.0,579.0,321.0,2.8125,141700.0,<1H OCEAN
-118.11,34.16,52.0,3158.0,459.0,1229.0,444.0,5.4223,325600.0,INLAND
-118.09,34.15,49.0,1467.0,259.0,688.0,260.0,4.3452,260100.0,INLAND
-118.07,34.14,42.0,3200.0,685.0,1668.0,628.0,3.375,260400.0,INLAND
-118.09,34.15,45.0,1345.0,356.0,749.0,327.0,2.8007,210900.0,INLAND
-118.14,34.14,24.0,10239.0,2823.0,4210.0,2565.0,3.6997,225000.0,<1H OCEAN
-118.15,34.13,50.0,2443.0,494.0,947.0,451.0,4.7344,314700.0,<1H OCEAN
-118.15,34.13,34.0,824.0,224.0,430.0,213.0,3.6389,215000.0,<1H OCEAN
-118.15,34.1,52.0,4325.0,823.0,1927.0,795.0,3.9485,419100.0,<1H OCEAN
-118.15,34.11,39.0,2618.0,582.0,1314.0,532.0,3.5875,309300.0,<1H OCEAN
-118.07,34.1,32.0,4275.0,,2812.0,1012.0,3.3512,214100.0,<1H OCEAN
-118.12,34.08,35.0,2248.0,,1762.0,622.0,3.0,253900.0,<1H OCEAN
-118.12,34.06,17.0,5137.0,1614.0,4945.0,1535.0,2.4599,181600.0,<1H OCEAN
-118.12,34.06,25.0,1137.0,293.0,800.0,281.0,2.4286,233300.0,<1H OCEAN
-118.11,34.06,32.0,1273.0,344.0,1148.0,368.0,2.1061,214700.0,<1H OCEAN
-118.1,34.06,36.0,1463.0,369.0,1492.0,366.0,3.25,179200.0,<1H OCEAN
-118.12,34.05,32.0,3775.0,786.0,2416.0,792.0,3.6625,247600.0,<1H OCEAN
-118.05,34.02,31.0,40.0,8.0,25.0,7.0,2.125,375000.0,<1H OCEAN
-118.07,34.01,36.0,1391.0,283.0,1025.0,275.0,3.2375,176800.0,<1H OCEAN
-118.09,34.01,36.0,1465.0,363.0,1538.0,342.0,3.5469,150600.0,<1H OCEAN
-118.07,33.99,41.0,1204.0,252.0,1002.0,248.0,3.0577,163300.0,<1H OCEAN
-118.05,33.99,38.0,1619.0,,886.0,357.0,3.7328,182400.0,<1H OCEAN
-118.08,33.97,36.0,1620.0,298.0,1258.0,309.0,3.9773,166700.0,<1H OCEAN
-118.09,33.96,36.0,3271.0,603.0,2593.0,616.0,3.3621,169700.0,<1H OCEAN
-118.1,33.96,36.0,1184.0,240.0,946.0,232.0,4.0357,162500.0,<1H OCEAN
-118.09,33.94,36.0,2762.0,472.0,1576.0,493.0,4.0846,183400.0,<1H OCEAN
-118.04,33.95,36.0,1976.0,368.0,1236.0,355.0,4.615,174000.0,<1H OCEAN
-118.05,33.94,34.0,495.0,120.0,527.0,130.0,1.9453,149000.0,<1H OCEAN
-118.02,33.94,33.0,2382.0,404.0,1339.0,389.0,5.3016,192200.0,<1H OCEAN
-117.98,33.92,27.0,3700.0,,1793.0,552.0,5.3668,219800.0,<1H OCEAN
-117.99,33.9,30.0,1677.0,372.0,1021.0,332.0,3.5859,199700.0,<1H OCEAN
-118.01,33.89,34.0,1653.0,292.0,1003.0,310.0,4.6,203400.0,<1H OCEAN
-118.02,33.89,36.0,1375.0,,670.0,221.0,5.0839,198200.0,<1H OCEAN
-118.04,33.9,36.0,15.0,5.0,15.0,6.0,0.4999,162500.0,<1H OCEAN
-118.12,34.02,36.0,1595.0,383.0,1105.0,359.0,2.4286,205600.0,<1H OCEAN
-118.14,34.03,45.0,1569.0,359.0,1203.0,359.0,2.4612,180500.0,<1H OCEAN
-118.16,34.04,38.0,1076.0,286.0,1535.0,323.0,2.7026,145000.0,<1H OCEAN
-118.17,34.06,43.0,464.0,,416.0,120.0,2.475,142600.0,<1H OCEAN
-118.19,34.05,47.0,1273.0,264.0,1193.0,260.0,2.4375,122900.0,<1H OCEAN
-118.18,34.04,42.0,1670.0,,1997.0,452.0,2.788,150500.0,<1H OCEAN
-118.16,34.02,34.0,1474.0,511.0,1962.0,501.0,1.8715,139600.0,<1H OCEAN
-118.16,34.01,40.0,1552.0,,1919.0,427.0,2.2596,137500.0,<1H OCEAN
-118.11,34.0,33.0,2886.0,726.0,2650.0,728.0,2.625,178700.0,<1H OCEAN
-118.16,34.0,37.0,1341.0,336.0,1233.0,306.0,3.6583,150500.0,<1H OCEAN
-118.24,33.99,33.0,885.0,294.0,1270.0,282.0,2.1615,118800.0,<1H OCEAN
-118.25,33.98,47.0,617.0,162.0,754.0,144.0,2.2969,116700.0,<1H OCEAN
-118.19,33.98,36.0,4179.0,,4582.0,1196.0,2.0087,172100.0,<1H OCEAN
-118.17,33.98,41.0,756.0,,873.0,212.0,2.7321,156000.0,<1H OCEAN
-118.14,33.97,36.0,1407.0,385.0,1763.0,350.0,2.6364,150000.0,<1H OCEAN
-118.15,33.96,33.0,1201.0,340.0,1482.0,334.0,2.4821,150000.0,<1H OCEAN
-118.2,33.96,44.0,3114.0,779.0,2959.0,776.0,3.1875,171700.0,<1H OCEAN
-118.25,33.97,37.0,794.0,210.0,814.0,213.0,2.2917,112000.0,<1H OCEAN
-118.22,33.95,36.0,1679.0,483.0,2249.0,487.0,2.8167,160400.0,<1H OCEAN
-118.21,33.95,43.0,1500.0,419.0,1726.0,440.0,1.8641,165100.0,<1H OCEAN
-118.21,33.94,41.0,1807.0,442.0,1628.0,443.0,2.84,156100.0,<1H OCEAN
-118.19,33.95,41.0,1368.0,309.0,1244.0,312.0,3.0833,164800.0,<1H OCEAN
-118.19,33.95,42.0,1651.0,463.0,1559.0,436.0,2.3882,148100.0,<1H OCEAN
-118.21,33.94,34.0,710.0,205.0,1134.0,233.0,2.7734,141100.0,<1H OCEAN
-118.25,33.93,38.0,180.0,43.0,246.0,56.0,2.85,90000.0,<1H OCEAN
-118.25,33.93,42.0,763.0,191.0,754.0,174.0,2.0486,101800.0,<1H OCEAN
-118.25,33.91,36.0,1950.0,365.0,1125.0,374.0,3.1111,119300.0,<1H OCEAN
-118.24,33.91,36.0,1446.0,316.0,1286.0,314.0,2.7083,103600.0,<1H OCEAN
-118.2,33.92,45.0,1283.0,,1025.0,248.0,3.2798,141200.0,<1H OCEAN
-118.21,33.89,39.0,1565.0,364.0,1389.0,360.0,2.7443,113900.0,<1H OCEAN
-118.22,33.89,36.0,873.0,240.0,1086.0,217.0,2.25,126600.0,<1H OCEAN
-118.24,33.89,34.0,1479.0,332.0,1166.0,322.0,2.6165,100900.0,<1H OCEAN
-118.25,33.87,18.0,6812.0,1263.0,3704.0,1216.0,4.25,169200.0,<1H OCEAN
-118.29,33.8,21.0,9944.0,1623.0,4185.0,1582.0,4.526,329400.0,<1H OCEAN
-118.27,33.8,28.0,4698.0,902.0,3287.0,881.0,4.8508,215900.0,<1H OCEAN
-118.26,33.83,24.0,3059.0,,2064.0,629.0,3.5518,184600.0,<1H OCEAN
-118.27,33.82,28.0,1642.0,434.0,1575.0,420.0,4.1292,201900.0,<1H OCEAN
-118.08,33.92,38.0,1335.0,,1011.0,269.0,3.6908,157500.0,<1H OCEAN
-118.12,33.96,38.0,2105.0,348.0,956.0,350.0,4.4125,246000.0,<1H OCEAN
-118.13,33.94,34.0,522.0,138.0,373.0,139.0,3.5481,265000.0,<1H OCEAN
-118.12,33.94,33.0,2206.0,393.0,973.0,364.0,4.675,283000.0,<1H OCEAN
-118.11,33.94,36.0,1949.0,319.0,909.0,325.0,5.1587,296600.0,<1H OCEAN
-118.14,33.93,32.0,2065.0,438.0,1075.0,442.0,4.4279,226400.0,<1H OCEAN
-118.15,33.92,30.0,915.0,234.0,646.0,211.0,2.5208,182800.0,<1H OCEAN
-118.1,33.91,36.0,726.0,,490.0,130.0,3.6389,167600.0,<1H OCEAN
-118.09,33.9,36.0,1215.0,279.0,862.0,285.0,3.7604,158700.0,<1H OCEAN
-118.08,33.91,18.0,1573.0,396.0,1200.0,365.0,2.895,146900.0,<1H OCEAN
-118.06,33.91,24.0,4880.0,1044.0,4516.0,1050.0,4.1387,157700.0,<1H OCEAN
-118.08,33.89,37.0,1152.0,259.0,981.0,225.0,3.2857,153600.0,<1H OCEAN
-118.09,33.89,42.0,991.0,,717.0,219.0,4.0926,164400.0,<1H OCEAN
-118.1,33.89,34.0,2242.0,436.0,1483.0,443.0,4.4934,185600.0,<1H OCEAN
-118.1,33.9,37.0,1061.0,202.0,768.0,206.0,4.75,161900.0,<1H OCEAN
-118.16,33.89,46.0,940.0,219.0,599.0,214.0,3.2813,190900.0,<1H OCEAN
-118.13,33.89,29.0,2823.0,737.0,1723.0,678.0,2.7121,165500.0,<1H OCEAN
-118.15,33.87,29.0,2690.0,659.0,1747.0,617.0,3.3713,198200.0,<1H OCEAN
-118.13,33.88,32.0,1788.0,459.0,1131.0,461.0,3.5278,166100.0,<1H OCEAN
-118.04,33.87,18.0,4626.0,822.0,2794.0,763.0,5.6917,275100.0,<1H OCEAN
-118.07,33.89,32.0,1819.0,386.0,1679.0,360.0,3.5562,146000.0,<1H OCEAN
-118.14,33.86,44.0,1276.0,234.0,538.0,213.0,4.8667,218300.0,<1H OCEAN
-118.14,33.87,44.0,1607.0,271.0,799.0,283.0,5.084,214100.0,<1H OCEAN
-118.18,33.87,44.0,1832.0,401.0,1056.0,405.0,4.0658,175100.0,<1H OCEAN
-118.12,33.86,34.0,2116.0,427.0,972.0,396.0,4.8516,213600.0,<1H OCEAN
-118.19,33.85,45.0,1167.0,302.0,773.0,287.0,3.2798,150300.0,NEAR OCEAN
-118.17,33.83,46.0,1362.0,214.0,531.0,222.0,4.3125,290500.0,NEAR OCEAN
-118.2,33.81,47.0,2347.0,437.0,1219.0,420.0,5.3096,209900.0,NEAR OCEAN
-118.19,33.8,38.0,2010.0,595.0,1535.0,525.0,1.9848,160400.0,NEAR OCEAN
-118.2,33.8,45.0,2456.0,495.0,1300.0,450.0,3.9792,210200.0,NEAR OCEAN
-118.13,33.83,45.0,3087.0,574.0,1474.0,567.0,5.5196,227600.0,<1H OCEAN
-118.11,33.83,36.0,1462.0,233.0,664.0,220.0,5.1171,225300.0,<1H OCEAN
-118.09,33.82,36.0,2219.0,393.0,1042.0,396.0,5.2299,239800.0,<1H OCEAN
-118.11,33.82,37.0,1756.0,345.0,836.0,335.0,4.375,218200.0,<1H OCEAN
-118.13,33.81,36.0,1749.0,322.0,855.0,319.0,4.6473,227100.0,<1H OCEAN
-118.15,33.79,5.0,3700.0,993.0,1657.0,848.0,3.7826,196300.0,NEAR OCEAN
-118.2,33.77,41.0,1158.0,396.0,1209.0,336.0,2.7813,129200.0,NEAR OCEAN
-118.19,33.77,52.0,1562.0,616.0,692.0,512.0,1.4048,200000.0,NEAR OCEAN
-118.18,33.78,20.0,1852.0,556.0,1712.0,556.0,1.4565,152500.0,NEAR OCEAN
-118.19,33.78,8.0,992.0,393.0,694.0,331.0,2.5544,162500.0,NEAR OCEAN
-118.17,33.77,38.0,2239.0,721.0,984.0,684.0,2.346,165600.0,NEAR OCEAN
-118.15,33.78,13.0,3056.0,861.0,1600.0,824.0,3.3003,207800.0,NEAR OCEAN
-118.15,33.76,36.0,2916.0,785.0,1183.0,749.0,3.5985,500001.0,NEAR OCEAN
-118.11,33.77,15.0,9103.0,1847.0,3333.0,1712.0,5.1508,367300.0,NEAR OCEAN
-118.31,33.94,40.0,1550.0,,798.0,270.0,3.775,153800.0,<1H OCEAN
-118.33,33.93,37.0,1831.0,356.0,925.0,338.0,4.4091,148400.0,<1H OCEAN
-118.34,33.93,35.0,1213.0,284.0,742.0,253.0,4.0625,159900.0,<1H OCEAN
-118.32,33.96,47.0,1453.0,247.0,721.0,276.0,5.5176,191000.0,<1H OCEAN
-118.35,33.95,45.0,1076.0,213.0,781.0,238.0,3.95,164000.0,<1H OCEAN
-118.36,33.96,26.0,3543.0,,2742.0,951.0,2.5504,151300.0,<1H OCEAN
-118.36,33.96,17.0,3431.0,934.0,2365.0,810.0,3.0393,129200.0,<1H OCEAN
-118.37,33.96,26.0,138.0,23.0,100.0,20.0,4.875,175000.0,<1H OCEAN
-118.37,33.95,35.0,924.0,349.0,1376.0,358.0,2.2297,262500.0,<1H OCEAN
-118.34,33.93,36.0,1528.0,486.0,1824.0,470.0,2.2679,153900.0,<1H OCEAN
-118.35,33.93,33.0,2040.0,576.0,2649.0,561.0,2.3375,170600.0,<1H OCEAN
-118.34,33.92,29.0,1475.0,349.0,965.0,370.0,3.3558,199600.0,<1H OCEAN
-118.35,33.91,25.0,1884.0,554.0,1337.0,549.0,2.8512,272800.0,<1H OCEAN
-118.36,33.9,39.0,1166.0,222.0,640.0,206.0,3.5313,230400.0,<1H OCEAN
-118.31,33.88,21.0,1490.0,430.0,686.0,400.0,2.3812,237500.0,<1H OCEAN
-118.35,33.9,31.0,1547.0,,956.0,287.0,3.4698,225000.0,<1H OCEAN
-118.36,33.89,34.0,760.0,174.0,723.0,198.0,5.3169,227600.0,<1H OCEAN
-118.3,33.74,40.0,1896.0,416.0,950.0,383.0,2.425,255000.0,NEAR OCEAN
-118.44,33.88,35.0,2020.0,451.0,724.0,399.0,6.6494,500001.0,NEAR OCEAN
-118.4,33.89,36.0,2127.0,314.0,807.0,306.0,8.1596,500001.0,<1H OCEAN
-118.36,33.89,40.0,756.0,122.0,371.0,130.0,5.0299,329200.0,<1H OCEAN
-118.36,33.87,19.0,2512.0,575.0,1275.0,544.0,4.9375,293000.0,<1H OCEAN
-118.36,33.86,37.0,1768.0,314.0,802.0,290.0,5.0784,295900.0,<1H OCEAN
-118.39,33.88,34.0,1973.0,367.0,843.0,345.0,6.077,472700.0,<1H OCEAN
-118.4,33.88,36.0,1543.0,214.0,474.0,187.0,9.3399,500001.0,<1H OCEAN
-118.43,33.87,41.0,847.0,173.0,344.0,170.0,6.822,500001.0,NEAR OCEAN
-118.4,33.86,41.0,2237.0,597.0,938.0,523.0,4.7105,500001.0,<1H OCEAN
-118.38,33.83,35.0,2152.0,454.0,902.0,414.0,4.5179,427200.0,<1H OCEAN
-118.32,33.83,51.0,2399.0,516.0,1160.0,514.0,3.8456,318900.0,<1H OCEAN
-118.31,33.81,23.0,3942.0,748.0,1679.0,711.0,4.1169,362600.0,<1H OCEAN
-118.38,33.81,41.0,1889.0,301.0,802.0,278.0,6.015,488500.0,NEAR OCEAN
-118.31,33.8,31.0,4464.0,991.0,2420.0,947.0,4.0425,277900.0,<1H OCEAN
-118.32,33.79,21.0,6638.0,1634.0,3240.0,1568.0,3.6797,271100.0,<1H OCEAN
-118.31,33.77,20.0,5776.0,956.0,2757.0,936.0,6.6447,416800.0,<1H OCEAN
-118.38,34.09,28.0,4001.0,1352.0,1799.0,1220.0,2.5784,272900.0,<1H OCEAN
-118.39,34.09,27.0,4312.0,1214.0,1634.0,1097.0,3.6207,362500.0,<1H OCEAN
-118.42,34.08,48.0,2413.0,261.0,770.0,248.0,15.0001,500001.0,<1H OCEAN
-118.49,34.05,52.0,2416.0,291.0,810.0,270.0,13.8556,500001.0,<1H OCEAN
-118.47,34.03,31.0,2642.0,681.0,1303.0,625.0,3.5987,340500.0,<1H OCEAN
-118.46,34.03,52.0,523.0,,317.0,130.0,2.2794,337500.0,<1H OCEAN
-118.5,33.99,22.0,3484.0,975.0,1268.0,952.0,3.2609,500001.0,<1H OCEAN
-118.47,34.01,43.0,1160.0,304.0,393.0,250.0,2.9167,461100.0,<1H OCEAN
-118.41,34.01,44.0,2010.0,394.0,961.0,365.0,4.5982,333500.0,<1H OCEAN
-118.42,34.01,42.0,1700.0,438.0,997.0,436.0,2.9213,305000.0,<1H OCEAN
-118.42,34.0,33.0,1139.0,299.0,734.0,257.0,3.2708,325000.0,<1H OCEAN
-118.34,33.99,48.0,1172.0,205.0,497.0,190.0,3.825,183000.0,<1H OCEAN
-118.6,34.08,40.0,866.0,181.0,399.0,176.0,6.91,380000.0,<1H OCEAN
-118.76,34.13,10.0,4355.0,716.0,2030.0,674.0,6.5571,500001.0,NEAR OCEAN
-118.84,34.11,12.0,7508.0,1058.0,2484.0,965.0,5.8788,500001.0,NEAR OCEAN
-118.06,34.71,14.0,2606.0,514.0,1228.0,512.0,2.5764,150000.0,INLAND
-118.09,34.68,4.0,23386.0,4171.0,10493.0,3671.0,4.0211,144000.0,INLAND
-118.12,34.69,17.0,2479.0,390.0,1219.0,363.0,4.6417,125700.0,INLAND
-118.09,34.7,6.0,4558.0,804.0,1543.0,563.0,2.8548,138500.0,INLAND
-118.14,34.68,25.0,1703.0,342.0,775.0,309.0,4.5455,126500.0,INLAND
-118.14,34.71,32.0,1164.0,248.0,588.0,270.0,1.1917,86900.0,INLAND
-118.15,34.71,35.0,1503.0,309.0,842.0,300.0,2.5278,97700.0,INLAND
-118.4,34.7,10.0,4122.0,814.0,2164.0,710.0,4.2941,151600.0,INLAND
-118.07,34.58,34.0,3416.0,601.0,1929.0,567.0,4.0147,107400.0,INLAND
-117.96,34.48,32.0,1896.0,342.0,806.0,299.0,4.5769,159400.0,INLAND
-118.5,34.46,17.0,10267.0,,4956.0,1483.0,5.5061,239400.0,<1H OCEAN
-118.59,34.47,5.0,538.0,98.0,8733.0,105.0,4.2391,154600.0,INLAND
-118.38,34.3,39.0,1622.0,355.0,903.0,314.0,4.1125,183000.0,<1H OCEAN
-118.29,34.36,34.0,503.0,99.0,275.0,68.0,4.5491,375000.0,INLAND
-119.51,37.32,14.0,362.0,78.0,88.0,39.0,3.5893,214300.0,INLAND
-119.67,37.27,13.0,5087.0,981.0,2284.0,913.0,2.7413,123100.0,INLAND
-120.25,37.04,21.0,1724.0,317.0,1006.0,290.0,3.2868,91700.0,INLAND
-120.06,36.95,24.0,646.0,134.0,454.0,149.0,2.125,61900.0,INLAND
-120.04,36.93,11.0,3606.0,699.0,2074.0,644.0,2.6941,63300.0,INLAND
-120.16,36.96,18.0,508.0,104.0,393.0,114.0,3.0,156300.0,INLAND
-119.94,37.04,14.0,1636.0,253.0,766.0,225.0,3.125,88500.0,INLAND
-120.06,36.98,12.0,2710.0,575.0,1724.0,516.0,1.4712,60400.0,INLAND
-120.1,36.96,20.0,2100.0,317.0,910.0,274.0,4.8187,90900.0,INLAND
-119.98,36.9,26.0,1284.0,239.0,820.0,254.0,2.5833,62300.0,INLAND
-122.59,38.12,25.0,7784.0,1145.0,3445.0,1166.0,6.0132,287900.0,<1H OCEAN
-122.57,38.02,33.0,9531.0,1487.0,3798.0,1409.0,5.6512,314000.0,NEAR BAY
-122.54,37.95,38.0,2310.0,400.0,971.0,386.0,5.697,435700.0,NEAR BAY
-122.53,37.9,44.0,2846.0,551.0,1232.0,537.0,3.8839,327200.0,NEAR BAY
-122.55,37.9,34.0,1431.0,224.0,503.0,220.0,7.9606,453400.0,NEAR BAY
-122.49,37.86,52.0,2175.0,510.0,809.0,503.0,4.5398,442000.0,NEAR BAY
-122.81,38.08,19.0,1615.0,366.0,815.0,337.0,3.4609,238800.0,NEAR OCEAN
-123.15,39.74,23.0,608.0,143.0,281.0,108.0,2.9306,70000.0,INLAND
-123.8,39.44,52.0,1533.0,336.0,754.0,340.0,1.9213,95000.0,<1H OCEAN
-123.22,39.15,36.0,1166.0,216.0,504.0,203.0,3.5938,122100.0,<1H OCEAN
-120.79,37.43,17.0,2534.0,517.0,1764.0,502.0,2.8519,80700.0,INLAND
-120.73,37.38,37.0,653.0,176.0,827.0,176.0,1.9236,64400.0,INLAND
-120.59,37.36,11.0,3946.0,978.0,2814.0,953.0,2.0179,87300.0,INLAND
-120.61,37.36,16.0,638.0,,380.0,132.0,1.9135,87500.0,INLAND
-120.55,37.32,21.0,1410.0,229.0,590.0,205.0,3.3194,141400.0,INLAND
-120.47,37.32,15.0,3952.0,984.0,2024.0,1026.0,2.558,121600.0,INLAND
-120.47,37.3,40.0,3693.0,771.0,2102.0,742.0,2.1838,75000.0,INLAND
-120.48,37.29,17.0,2266.0,693.0,3200.0,664.0,1.5635,60400.0,INLAND
-120.4,37.3,28.0,1401.0,,967.0,257.0,1.5917,89400.0,INLAND
-120.32,37.29,38.0,576.0,,478.0,112.0,2.3382,59600.0,INLAND
-120.32,37.29,9.0,695.0,188.0,810.0,190.0,1.6172,56300.0,INLAND
-120.89,37.21,25.0,3301.0,678.0,994.0,306.0,3.2262,97200.0,INLAND
-120.67,37.37,18.0,164.0,30.0,104.0,32.0,1.6607,87500.0,INLAND
-120.08,41.79,34.0,1355.0,262.0,434.0,178.0,2.0903,56100.0,INLAND
-120.12,41.4,33.0,2820.0,515.0,976.0,403.0,2.6062,52600.0,INLAND
-118.74,37.58,20.0,3301.0,779.0,1085.0,448.0,3.7315,159300.0,INLAND
-121.65,36.85,20.0,2606.0,424.0,1361.0,426.0,4.5787,245100.0,<1H OCEAN
-121.48,36.49,28.0,1006.0,228.0,738.0,193.0,1.9722,210700.0,<1H OCEAN
-121.4,36.38,39.0,2288.0,529.0,1449.0,410.0,3.3289,190600.0,<1H OCEAN
-121.0,35.94,16.0,3077.0,628.0,1479.0,536.0,3.3724,114600.0,<1H OCEAN
-121.84,36.25,20.0,958.0,245.0,590.0,189.0,2.6094,362500.0,NEAR OCEAN
-121.87,36.55,20.0,10053.0,1768.0,3083.0,1621.0,5.1506,387500.0,NEAR OCEAN
-121.93,36.62,34.0,2351.0,,1063.0,428.0,3.725,278000.0,NEAR OCEAN
-121.93,36.63,28.0,3983.0,852.0,1582.0,778.0,3.5147,313900.0,NEAR OCEAN
-121.92,36.61,27.0,1619.0,352.0,831.0,344.0,4.3,226400.0,NEAR OCEAN
-121.9,36.58,31.0,1431.0,,704.0,393.0,3.1977,289300.0,NEAR OCEAN
-121.89,36.59,32.0,784.0,112.0,262.0,114.0,6.918,500001.0,NEAR OCEAN
-121.86,36.6,31.0,1044.0,285.0,762.0,301.0,3.038,195300.0,<1H OCEAN
-121.86,36.6,33.0,1409.0,307.0,633.0,290.0,3.5568,191200.0,<1H OCEAN
-121.85,36.6,21.0,2381.0,701.0,1264.0,659.0,2.5372,218000.0,<1H OCEAN
-121.83,36.62,33.0,1771.0,398.0,1037.0,388.0,2.7708,161800.0,<1H OCEAN
-121.85,36.6,41.0,3138.0,717.0,1890.0,642.0,2.4864,140400.0,<1H OCEAN
-121.85,36.61,38.0,238.0,,191.0,67.0,1.3897,125000.0,<1H OCEAN
-122.29,38.3,52.0,935.0,224.0,315.0,207.0,1.8287,146900.0,NEAR BAY
-122.24,38.25,33.0,213.0,36.0,91.0,33.0,4.9167,187500.0,NEAR BAY
-122.23,38.17,45.0,350.0,,225.0,72.0,1.8942,216700.0,NEAR BAY
-122.18,38.35,24.0,407.0,68.0,175.0,61.0,6.0266,216700.0,INLAND
-122.26,38.36,25.0,1821.0,344.0,349.0,179.0,6.9931,398800.0,INLAND
-122.26,38.33,34.0,2048.0,316.0,780.0,267.0,5.815,339200.0,NEAR BAY
-122.4,38.46,33.0,2542.0,466.0,1099.0,420.0,4.635,248500.0,INLAND
-122.48,38.5,37.0,3049.0,,1287.0,439.0,4.3125,276500.0,INLAND
-122.45,38.58,34.0,2517.0,483.0,1324.0,464.0,3.0938,189400.0,INLAND
-121.11,39.09,16.0,1000.0,197.0,508.0,190.0,2.3062,138800.0,INLAND
-121.22,39.11,14.0,1405.0,269.0,660.0,228.0,3.0804,156800.0,INLAND
-121.18,39.26,14.0,811.0,161.0,352.0,121.0,3.5938,140300.0,INLAND
-121.06,39.22,52.0,1749.0,422.0,837.0,391.0,2.325,109700.0,INLAND
-121.08,39.22,30.0,2188.0,,1033.0,437.0,2.1419,105200.0,INLAND
-120.1,39.33,9.0,2738.0,510.0,1193.0,412.0,4.3958,124800.0,INLAND
-117.97,33.93,33.0,1700.0,369.0,981.0,362.0,4.5461,194000.0,<1H OCEAN
-117.96,33.93,31.0,1471.0,321.0,841.0,330.0,3.46,232800.0,<1H OCEAN
-117.97,33.92,32.0,2620.0,398.0,1296.0,429.0,5.7796,241300.0,<1H OCEAN
-117.95,33.92,32.0,1661.0,312.0,1201.0,302.0,4.0,178200.0,<1H OCEAN
-117.93,33.94,30.0,2658.0,382.0,1135.0,392.0,6.0516,245000.0,<1H OCEAN
-117.89,33.92,17.0,2936.0,555.0,1381.0,535.0,5.4617,190300.0,<1H OCEAN
-117.92,33.89,12.0,1859.0,393.0,622.0,316.0,5.0258,161800.0,<1H OCEAN
-117.97,33.91,19.0,8096.0,1318.0,3853.0,1313.0,6.0076,269500.0,<1H OCEAN
-117.96,33.9,9.0,1899.0,284.0,1070.0,293.0,7.2532,381500.0,<1H OCEAN
-117.93,33.87,10.0,1277.0,488.0,730.0,417.0,1.4803,137500.0,<1H OCEAN
-117.93,33.88,45.0,1306.0,293.0,585.0,260.0,4.0812,241700.0,<1H OCEAN
-117.91,33.88,34.0,1851.0,291.0,784.0,290.0,5.2336,235600.0,<1H OCEAN
-117.9,33.88,35.0,2062.0,353.0,991.0,357.0,5.2897,230400.0,<1H OCEAN
-117.91,33.87,29.0,1121.0,,762.0,276.0,2.5,143800.0,<1H OCEAN
-117.91,33.87,52.0,2031.0,506.0,1191.0,463.0,2.9076,177300.0,<1H OCEAN
-117.92,33.87,33.0,1597.0,,1888.0,423.0,3.055,157800.0,<1H OCEAN
-117.85,33.87,15.0,5078.0,806.0,2569.0,759.0,5.6549,301900.0,<1H OCEAN
-117.88,33.85,18.0,2705.0,713.0,2726.0,674.0,2.7759,200000.0,<1H OCEAN
-117.87,33.86,28.0,2292.0,531.0,2197.0,509.0,3.4856,142800.0,<1H OCEAN
-117.82,33.89,24.0,2168.0,421.0,1050.0,397.0,4.6172,238300.0,<1H OCEAN
-117.83,33.88,18.0,2112.0,340.0,1048.0,315.0,6.9308,231700.0,<1H OCEAN
-117.77,33.88,8.0,4874.0,627.0,2070.0,619.0,8.1117,410200.0,<1H OCEAN
-117.82,33.85,18.0,1810.0,305.0,1189.0,326.0,5.2227,213500.0,<1H OCEAN
-117.78,33.81,23.0,1986.0,278.0,826.0,260.0,7.7752,380000.0,<1H OCEAN
-117.81,33.8,25.0,2765.0,475.0,1666.0,474.0,6.0531,230700.0,<1H OCEAN
-117.67,33.64,11.0,2722.0,554.0,1565.0,508.0,5.1645,164100.0,<1H OCEAN
-117.63,33.65,10.0,3580.0,491.0,1688.0,467.0,7.7814,288700.0,<1H OCEAN
-117.63,33.63,6.0,3068.0,549.0,985.0,536.0,4.2009,238000.0,<1H OCEAN
-117.65,33.6,15.0,5736.0,,2529.0,762.0,6.4114,278700.0,<1H OCEAN
-117.64,33.59,4.0,3274.0,383.0,1312.0,390.0,8.1611,348000.0,<1H OCEAN
-117.66,33.58,6.0,4186.0,,1794.0,541.0,9.6986,357600.0,<1H OCEAN
-117.59,33.66,3.0,1206.0,256.0,563.0,287.0,5.1589,167800.0,<1H OCEAN
-117.64,33.45,26.0,1528.0,,607.0,218.0,6.2871,325500.0,NEAR OCEAN
-117.65,33.42,25.0,2174.0,428.0,603.0,352.0,3.3967,249400.0,NEAR OCEAN
-117.6,33.42,23.0,2482.0,461.0,1048.0,425.0,4.665,280600.0,NEAR OCEAN
-117.68,33.6,24.0,1956.0,262.0,969.0,256.0,6.8154,265900.0,<1H OCEAN
-117.69,33.6,17.0,2150.0,361.0,1194.0,335.0,5.4622,227000.0,<1H OCEAN
-117.66,33.51,18.0,2626.0,,1302.0,522.0,4.0167,189600.0,<1H OCEAN
-117.68,33.52,5.0,3621.0,632.0,1546.0,567.0,5.753,322800.0,<1H OCEAN
-117.75,33.71,15.0,2849.0,537.0,878.0,520.0,3.2841,158300.0,<1H OCEAN
-117.77,33.71,15.0,2102.0,295.0,1060.0,303.0,7.3141,337100.0,<1H OCEAN
-117.77,33.7,3.0,3636.0,749.0,1486.0,696.0,5.5464,207500.0,<1H OCEAN
-117.7,33.62,19.0,2957.0,492.0,1639.0,495.0,5.0686,225600.0,<1H OCEAN
-117.7,33.72,6.0,211.0,51.0,125.0,44.0,1.9659,500001.0,<1H OCEAN
-117.82,33.72,24.0,3260.0,458.0,1383.0,442.0,6.5987,272800.0,<1H OCEAN
-117.78,33.69,16.0,4702.0,806.0,2529.0,814.0,5.1299,238900.0,<1H OCEAN
-117.79,33.68,10.0,2106.0,319.0,1002.0,332.0,8.735,375300.0,<1H OCEAN
-117.78,33.71,4.0,974.0,232.0,428.0,203.0,4.6141,195400.0,<1H OCEAN
-117.83,33.66,15.0,2355.0,438.0,747.0,450.0,6.5356,272800.0,<1H OCEAN
-117.85,33.62,18.0,729.0,105.0,316.0,108.0,10.3893,500001.0,<1H OCEAN
-117.77,33.53,46.0,1033.0,223.0,462.0,224.0,3.2708,384700.0,<1H OCEAN
-117.72,33.62,19.0,1144.0,268.0,365.0,279.0,2.8583,105800.0,<1H OCEAN
-117.71,33.61,25.0,3004.0,718.0,891.0,626.0,2.395,80300.0,<1H OCEAN
-117.81,33.64,16.0,2404.0,349.0,868.0,329.0,11.0138,442100.0,<1H OCEAN
-117.81,33.64,4.0,1741.0,225.0,811.0,233.0,12.3411,500001.0,<1H OCEAN
-117.92,33.61,37.0,1244.0,173.0,394.0,154.0,10.3682,500001.0,<1H OCEAN
-117.88,33.63,21.0,9565.0,2289.0,3162.0,1831.0,4.7024,345400.0,<1H OCEAN
-117.87,33.62,8.0,1266.0,,375.0,183.0,9.802,500001.0,<1H OCEAN
-117.91,33.63,30.0,2071.0,412.0,1081.0,412.0,4.9125,335700.0,<1H OCEAN
-117.91,33.62,35.0,2426.0,359.0,937.0,387.0,9.2175,500001.0,<1H OCEAN
-117.94,33.65,20.0,5476.0,1073.0,2327.0,963.0,5.6637,222100.0,<1H OCEAN
-117.92,33.7,15.0,3201.0,,1510.0,622.0,4.2708,161700.0,<1H OCEAN
-117.86,33.73,31.0,1115.0,268.0,1369.0,259.0,3.5694,150500.0,<1H OCEAN
-117.83,33.74,23.0,1818.0,522.0,958.0,485.0,2.6771,131500.0,<1H OCEAN
-117.86,33.75,5.0,187.0,49.0,207.0,51.0,1.8,154200.0,<1H OCEAN
-117.87,33.73,45.0,2264.0,,1970.0,499.0,3.4193,177000.0,<1H OCEAN
-117.89,33.74,34.0,1759.0,353.0,2083.0,330.0,3.2292,160600.0,<1H OCEAN
-117.88,33.75,34.0,3004.0,673.0,5477.0,640.0,2.8342,187200.0,<1H OCEAN
-117.82,33.75,24.0,893.0,209.0,342.0,197.0,2.8261,146500.0,<1H OCEAN
-117.81,33.73,19.0,4022.0,975.0,2334.0,954.0,3.0305,140600.0,<1H OCEAN
-117.79,33.77,21.0,4349.0,553.0,1680.0,519.0,6.9014,439000.0,<1H OCEAN
-117.8,33.77,29.0,5436.0,707.0,2046.0,685.0,8.7496,349500.0,<1H OCEAN
-117.81,33.82,20.0,2819.0,319.0,1019.0,319.0,12.2092,500001.0,<1H OCEAN
-117.8,33.83,17.0,2971.0,350.0,1180.0,346.0,11.1228,500001.0,<1H OCEAN
-117.81,33.81,19.0,3154.0,390.0,1404.0,384.0,8.9257,431800.0,<1H OCEAN
-117.85,33.77,16.0,2186.0,511.0,908.0,466.0,4.575,225000.0,<1H OCEAN
-117.86,33.78,21.0,2713.0,731.0,1952.0,722.0,2.6959,178800.0,<1H OCEAN
-117.86,33.79,42.0,1024.0,191.0,483.0,187.0,4.105,194500.0,<1H OCEAN
-117.84,33.8,34.0,2004.0,331.0,843.0,328.0,3.59,230600.0,<1H OCEAN
-117.87,33.83,27.0,2287.0,,1140.0,351.0,5.6163,231000.0,<1H OCEAN
-117.88,33.85,34.0,1127.0,185.0,588.0,181.0,4.375,224700.0,<1H OCEAN
-117.85,33.85,17.0,4678.0,1065.0,2427.0,1020.0,4.2276,254100.0,<1H OCEAN
-117.94,33.85,26.0,1888.0,429.0,1550.0,458.0,3.3393,168600.0,<1H OCEAN
-117.91,33.84,26.0,1156.0,393.0,1880.0,400.0,2.2716,350000.0,<1H OCEAN
-117.93,33.8,34.0,3903.0,717.0,2054.0,716.0,4.2731,218000.0,<1H OCEAN
-117.92,33.8,17.0,1317.0,256.0,679.0,272.0,4.6696,159500.0,<1H OCEAN
-117.96,33.81,35.0,1996.0,326.0,1409.0,330.0,4.7738,180000.0,<1H OCEAN
-118.0,33.81,33.0,2970.0,547.0,1869.0,539.0,4.3636,201800.0,<1H OCEAN
-117.98,33.8,32.0,2161.0,432.0,1503.0,402.0,4.3036,191400.0,<1H OCEAN
-117.98,33.78,31.0,2825.0,546.0,1908.0,563.0,3.9798,187500.0,<1H OCEAN
-117.94,33.79,24.0,4179.0,784.0,1902.0,733.0,4.7986,236500.0,<1H OCEAN
-117.93,33.78,36.0,2169.0,359.0,1018.0,370.0,4.3906,231300.0,<1H OCEAN
-117.96,33.78,33.0,1520.0,,658.0,242.0,4.875,269300.0,<1H OCEAN
-117.91,33.76,20.0,4413.0,,4818.0,1063.0,2.8594,215100.0,<1H OCEAN
-117.93,33.74,15.0,1206.0,282.0,677.0,270.0,3.9219,142600.0,<1H OCEAN
-117.99,33.71,19.0,1967.0,487.0,1251.0,404.0,3.6696,218800.0,<1H OCEAN
-117.92,33.73,14.0,5147.0,1182.0,3171.0,1126.0,3.9929,225800.0,<1H OCEAN
-117.95,33.71,20.0,2781.0,407.0,1242.0,408.0,6.1092,306500.0,<1H OCEAN
-117.98,33.69,22.0,3957.0,520.0,1774.0,527.0,7.0907,350200.0,<1H OCEAN
-117.96,33.65,18.0,3603.0,879.0,1549.0,756.0,4.0229,363100.0,<1H OCEAN
-117.98,33.73,18.0,3833.0,,2192.0,996.0,3.4679,219700.0,<1H OCEAN
-117.98,33.68,24.0,4177.0,,1704.0,606.0,6.2473,281900.0,<1H OCEAN
-117.98,33.68,17.0,2603.0,373.0,1265.0,382.0,6.8039,332900.0,<1H OCEAN
-117.99,33.67,17.0,1692.0,427.0,903.0,423.0,3.5859,262500.0,<1H OCEAN
-118.07,33.67,13.0,5126.0,711.0,2429.0,718.0,9.5268,437900.0,NEAR OCEAN
-118.1,33.74,32.0,2035.0,,934.0,512.0,4.2287,500001.0,NEAR OCEAN
-118.05,33.71,25.0,4150.0,570.0,1424.0,547.0,8.8281,461600.0,NEAR OCEAN
-118.09,33.77,26.0,5359.0,1508.0,1829.0,1393.0,1.7675,61300.0,<1H OCEAN
-118.04,33.75,16.0,3757.0,650.0,1291.0,614.0,5.2001,235600.0,<1H OCEAN
-117.99,33.75,30.0,1859.0,462.0,1314.0,418.0,3.0909,184400.0,<1H OCEAN
-118.03,33.77,24.0,3810.0,579.0,1818.0,590.0,5.8053,255900.0,<1H OCEAN
-118.05,33.78,25.0,2356.0,330.0,937.0,326.0,6.6264,359100.0,<1H OCEAN
-118.06,33.8,22.0,1892.0,442.0,1015.0,404.0,4.1379,212500.0,<1H OCEAN
-118.07,33.8,17.0,2439.0,554.0,1161.0,532.0,3.6442,193100.0,<1H OCEAN
-118.04,33.82,26.0,4105.0,637.0,2072.0,648.0,5.844,273900.0,<1H OCEAN
-117.99,33.85,35.0,1661.0,272.0,949.0,276.0,5.2548,192600.0,<1H OCEAN
-117.99,33.88,15.0,2298.0,567.0,1261.0,527.0,4.2422,159400.0,<1H OCEAN
-118.0,33.88,18.0,2628.0,720.0,2276.0,649.0,2.735,170800.0,<1H OCEAN
-120.12,39.18,17.0,2839.0,525.0,390.0,189.0,3.5667,179200.0,INLAND
-120.1,39.19,18.0,3824.0,559.0,241.0,106.0,5.5456,360000.0,INLAND
-120.83,39.02,15.0,1117.0,242.0,551.0,229.0,2.6319,97700.0,INLAND
-121.08,38.9,27.0,3436.0,755.0,1568.0,709.0,2.4273,138400.0,INLAND
-121.13,38.87,48.0,1127.0,,530.0,186.0,3.0917,128100.0,INLAND
-121.27,38.87,16.0,2094.0,358.0,1092.0,357.0,4.4769,191400.0,INLAND
-121.04,38.95,22.0,1931.0,445.0,1009.0,407.0,2.75,153200.0,INLAND
-121.02,39.01,17.0,4786.0,799.0,2066.0,770.0,3.9734,185400.0,INLAND
-120.93,39.96,15.0,1666.0,351.0,816.0,316.0,2.9559,118800.0,INLAND
-120.92,40.02,35.0,383.0,92.0,202.0,72.0,2.6458,102500.0,INLAND
-121.24,40.31,36.0,1597.0,301.0,632.0,262.0,3.5962,93600.0,INLAND
-117.38,33.97,30.0,2953.0,703.0,1406.0,580.0,2.6895,150000.0,INLAND
-117.4,33.95,46.0,2189.0,423.0,866.0,389.0,3.1384,111500.0,INLAND
-117.41,33.96,27.0,2341.0,418.0,1272.0,415.0,3.0208,112700.0,INLAND
-117.4,34.0,31.0,1192.0,307.0,1013.0,283.0,2.0742,76200.0,INLAND
-117.51,34.02,24.0,7779.0,1835.0,3996.0,1765.0,2.1764,135300.0,INLAND
-117.55,33.94,30.0,5398.0,926.0,2672.0,864.0,4.4762,163900.0,INLAND
-117.55,33.93,25.0,5187.0,934.0,2725.0,860.0,4.1865,154300.0,INLAND
-117.59,33.93,17.0,338.0,47.0,200.0,46.0,7.8118,244200.0,INLAND
-117.53,33.88,22.0,2855.0,667.0,2453.0,624.0,3.1312,91000.0,INLAND
-117.56,33.88,40.0,1196.0,294.0,1052.0,258.0,2.0682,113000.0,INLAND
-117.57,33.88,39.0,679.0,164.0,769.0,179.0,2.3036,110600.0,INLAND
-117.55,33.87,18.0,8136.0,1584.0,4976.0,1516.0,3.9414,137100.0,INLAND
-117.6,33.87,15.0,7626.0,1570.0,3823.0,1415.0,3.4419,138100.0,INLAND
-117.34,33.94,13.0,7910.0,,3382.0,1176.0,5.5563,214500.0,INLAND
-117.24,33.95,11.0,6617.0,1118.0,3710.0,1087.0,4.7877,132600.0,INLAND
-117.2,33.71,24.0,4210.0,920.0,1283.0,829.0,2.0881,83300.0,<1H OCEAN
-117.22,33.74,7.0,1810.0,386.0,931.0,355.0,2.5221,109200.0,<1H OCEAN
-117.27,33.77,16.0,2876.0,576.0,1859.0,545.0,2.0878,101300.0,<1H OCEAN
-117.29,33.63,7.0,16010.0,2726.0,7139.0,2426.0,3.8056,162200.0,<1H OCEAN
-117.16,33.57,2.0,20391.0,3245.0,7132.0,2716.0,3.9443,187300.0,<1H OCEAN
-117.32,33.51,4.0,966.0,133.0,311.0,92.0,5.2066,500001.0,<1H OCEAN
-117.02,33.71,6.0,8278.0,1579.0,3062.0,1446.0,3.0043,134700.0,INLAND
-116.99,33.75,18.0,9601.0,2401.0,4002.0,2106.0,1.4366,77000.0,INLAND
-117.02,33.76,20.0,1317.0,203.0,453.0,158.0,2.8393,120700.0,INLAND
-117.04,34.0,25.0,3750.0,781.0,1594.0,785.0,2.4167,104900.0,INLAND
-117.01,33.97,18.0,4775.0,886.0,1868.0,836.0,2.3355,118800.0,INLAND
-116.86,33.97,11.0,658.0,131.0,376.0,120.0,2.3977,58000.0,INLAND
-116.95,33.86,1.0,6.0,2.0,8.0,2.0,1.625,55000.0,INLAND
-116.87,33.94,35.0,4448.0,906.0,2736.0,843.0,2.218,73400.0,INLAND
-116.87,33.57,12.0,1153.0,265.0,446.0,195.0,3.038,128100.0,INLAND
-116.52,33.97,13.0,3921.0,754.0,1902.0,665.0,3.3616,89600.0,INLAND
-116.42,33.76,14.0,16921.0,2837.0,2524.0,1262.0,7.6281,341700.0,INLAND
-116.36,33.78,6.0,24121.0,4522.0,4176.0,2221.0,3.3799,239300.0,INLAND
-116.38,33.74,7.0,17579.0,3479.0,3581.0,1820.0,4.084,194500.0,INLAND
-116.46,33.78,25.0,1137.0,414.0,604.0,240.0,1.3801,55000.0,INLAND
-116.39,33.72,19.0,7646.0,1618.0,2496.0,1075.0,3.5569,128000.0,INLAND
-116.43,33.75,24.0,2596.0,438.0,473.0,237.0,3.7727,500001.0,INLAND
-116.31,33.67,15.0,2214.0,410.0,1152.0,350.0,2.9187,93400.0,INLAND
-116.31,33.67,11.0,4686.0,851.0,2466.0,731.0,3.3333,91800.0,INLAND
-116.21,33.75,22.0,894.0,,830.0,202.0,3.0673,68200.0,INLAND
-116.15,33.64,10.0,1711.0,499.0,1896.0,443.0,1.6557,65400.0,INLAND
-114.58,33.61,25.0,2907.0,680.0,1841.0,633.0,2.6768,82400.0,INLAND
-121.46,38.58,40.0,1394.0,397.0,689.0,353.0,1.7765,109800.0,INLAND
-121.48,38.58,52.0,2501.0,757.0,1081.0,708.0,1.5872,157500.0,INLAND
-121.45,38.56,51.0,1250.0,235.0,452.0,232.0,2.625,121200.0,INLAND
-121.46,38.56,52.0,907.0,180.0,479.0,177.0,2.2125,104000.0,INLAND
-121.47,38.56,51.0,2083.0,559.0,874.0,524.0,2.0221,95800.0,INLAND
-121.49,38.55,51.0,4280.0,632.0,1486.0,621.0,5.0359,224100.0,INLAND
-121.47,38.55,52.0,1384.0,295.0,561.0,244.0,2.0242,94600.0,INLAND
-121.44,38.54,39.0,2855.0,,1217.0,562.0,3.2404,93600.0,INLAND
-121.44,38.54,47.0,2518.0,501.0,1308.0,471.0,2.5389,75700.0,INLAND
-121.41,38.52,25.0,3087.0,720.0,2529.0,708.0,1.8689,66800.0,INLAND
-121.47,38.53,44.0,543.0,146.0,506.0,125.0,1.3646,65400.0,INLAND
-121.5,38.49,29.0,3606.0,690.0,2317.0,696.0,2.7368,78200.0,INLAND
-121.44,38.5,20.0,2033.0,586.0,1281.0,521.0,1.4007,97500.0,INLAND
-121.41,38.6,16.0,5407.0,1467.0,2523.0,1265.0,2.0471,104200.0,INLAND
-121.39,38.61,36.0,2396.0,536.0,1225.0,515.0,2.9559,136600.0,INLAND
-121.34,38.59,23.0,2912.0,421.0,1132.0,410.0,5.9174,225900.0,INLAND
-121.43,38.64,34.0,2010.0,411.0,1501.0,422.0,2.0417,65900.0,INLAND
-121.46,38.63,26.0,3185.0,658.0,2444.0,626.0,1.56,67600.0,INLAND
-121.47,38.61,31.0,1072.0,,781.0,281.0,1.6563,65800.0,INLAND
-121.52,38.65,17.0,1269.0,233.0,494.0,231.0,3.9615,331300.0,INLAND
-121.42,38.7,10.0,2562.0,460.0,1478.0,433.0,4.0625,96200.0,INLAND
-121.37,38.69,35.0,1093.0,192.0,590.0,190.0,2.7009,80200.0,INLAND
-121.35,38.72,2.0,21897.0,3513.0,8652.0,2873.0,4.5432,151300.0,INLAND
-121.35,38.7,5.0,14414.0,2979.0,7608.0,2832.0,3.5802,129600.0,INLAND
-121.35,38.66,8.0,3322.0,805.0,1694.0,774.0,2.7011,130700.0,INLAND
-121.34,38.64,12.0,2772.0,578.0,1335.0,565.0,3.8068,161000.0,INLAND
-121.31,38.62,31.0,3114.0,430.0,1121.0,456.0,6.244,240000.0,INLAND
-121.3,38.65,36.0,1665.0,293.0,846.0,306.0,3.5852,121600.0,INLAND
-121.21,38.66,15.0,6940.0,1019.0,2829.0,990.0,5.4889,232300.0,INLAND
-121.23,38.66,19.0,3243.0,546.0,1334.0,515.0,4.8088,169500.0,INLAND
-121.26,38.64,40.0,1098.0,175.0,415.0,160.0,4.8375,217400.0,INLAND
-121.31,38.71,18.0,3998.0,744.0,2071.0,660.0,4.3836,102000.0,INLAND
-121.31,38.67,26.0,1387.0,226.0,807.0,244.0,4.1563,135700.0,INLAND
-121.27,38.69,16.0,3389.0,597.0,1674.0,568.0,4.4489,145600.0,INLAND
-121.25,38.68,13.0,503.0,70.0,267.0,77.0,6.1943,276100.0,INLAND
-121.27,38.67,15.0,2116.0,524.0,866.0,519.0,2.7388,111600.0,INLAND
-121.28,38.68,16.0,3467.0,615.0,1478.0,601.0,3.75,147300.0,INLAND
-121.19,38.71,11.0,4415.0,,1520.0,627.0,3.2321,390800.0,INLAND
-121.2,38.7,28.0,2970.0,471.0,1379.0,463.0,4.3214,131700.0,INLAND
-121.22,38.67,20.0,1412.0,226.0,700.0,227.0,4.05,130700.0,INLAND
-121.17,38.71,15.0,3084.0,557.0,1040.0,562.0,2.5183,293300.0,INLAND
-121.28,38.55,35.0,7088.0,1279.0,4885.0,1272.0,2.6981,112500.0,INLAND
-121.3,38.58,16.0,1537.0,,1125.0,375.0,2.6471,90700.0,INLAND
-121.31,38.57,22.0,1229.0,253.0,733.0,250.0,2.5,101600.0,INLAND
-121.36,38.56,20.0,1232.0,332.0,667.0,288.0,1.8288,32500.0,INLAND
-121.36,38.42,6.0,3254.0,465.0,1168.0,345.0,5.1811,188400.0,INLAND
-121.35,38.4,11.0,2322.0,459.0,1373.0,424.0,3.175,94400.0,INLAND
-121.31,38.26,22.0,1768.0,396.0,1005.0,420.0,1.8846,88300.0,INLAND
-121.54,38.29,47.0,1396.0,254.0,630.0,218.0,2.8616,92500.0,INLAND
-120.95,36.47,52.0,1691.0,301.0,618.0,239.0,3.2292,225000.0,<1H OCEAN
-117.71,34.06,16.0,1458.0,295.0,912.0,331.0,3.625,160400.0,INLAND
-117.65,34.1,19.0,1688.0,365.0,622.0,322.0,3.6,136400.0,INLAND
-117.62,34.07,15.0,4061.0,811.0,2884.0,734.0,3.3936,127000.0,INLAND
-117.61,34.08,12.0,4427.0,,2400.0,843.0,4.7147,158700.0,INLAND
-117.65,34.04,15.0,3393.0,,2039.0,611.0,3.9336,151000.0,INLAND
-117.67,34.04,13.0,1543.0,,776.0,358.0,3.0598,99700.0,INLAND
-117.65,34.02,9.0,2107.0,411.0,1138.0,389.0,4.4042,159100.0,INLAND
-117.55,34.14,3.0,5710.0,919.0,2874.0,886.0,5.3638,206300.0,INLAND
-117.58,34.14,7.0,11818.0,1745.0,5499.0,1600.0,5.3678,231700.0,INLAND
-117.46,34.06,24.0,2831.0,478.0,1582.0,435.0,4.3397,195600.0,INLAND
-117.42,34.08,21.0,4460.0,930.0,2657.0,839.0,2.7569,127500.0,INLAND
-117.45,34.07,21.0,3465.0,639.0,2292.0,628.0,3.3553,113500.0,INLAND
-117.4,34.08,21.0,3622.0,667.0,2503.0,720.0,3.8531,105400.0,INLAND
-117.41,34.11,29.0,3999.0,772.0,2602.0,760.0,3.5481,105500.0,INLAND
-117.39,34.1,19.0,1000.0,211.0,572.0,230.0,2.4028,112500.0,INLAND
-117.37,34.07,52.0,50.0,9.0,60.0,16.0,4.125,262500.0,INLAND
-117.36,34.11,35.0,2969.0,521.0,1555.0,503.0,3.25,107100.0,INLAND
-117.33,34.12,33.0,933.0,219.0,838.0,211.0,1.3417,69000.0,INLAND
-117.3,34.18,28.0,2685.0,425.0,1304.0,420.0,4.3676,111100.0,INLAND
-117.3,34.18,19.0,2526.0,381.0,1176.0,381.0,5.5136,137100.0,INLAND
-117.33,34.17,5.0,4718.0,1140.0,2564.0,1056.0,2.9877,119900.0,INLAND
-117.3,34.15,40.0,961.0,199.0,509.0,182.0,2.06,85500.0,INLAND
-117.31,34.14,44.0,1487.0,273.0,972.0,281.0,3.2292,86100.0,INLAND
-117.29,34.14,52.0,1683.0,266.0,646.0,256.0,4.0481,97300.0,INLAND
-117.28,34.09,44.0,376.0,,273.0,107.0,2.2917,90800.0,INLAND
-117.34,34.08,33.0,4924.0,1007.0,3502.0,953.0,3.233,99400.0,INLAND
-117.31,34.05,6.0,7423.0,2111.0,4092.0,1789.0,2.7002,88300.0,INLAND
-117.3,34.05,6.0,2155.0,,1039.0,391.0,1.6675,95800.0,INLAND
-117.22,34.11,26.0,2972.0,,1972.0,532.0,2.0388,80400.0,INLAND
-117.09,34.07,24.0,6260.0,1271.0,3132.0,1189.0,2.5156,103000.0,INLAND
-117.03,34.02,26.0,3909.0,670.0,1884.0,665.0,4.1361,121000.0,INLAND
-117.1,34.03,24.0,4144.0,826.0,2127.0,772.0,2.5172,96000.0,INLAND
-117.11,34.43,14.0,3026.0,556.0,1349.0,485.0,2.8021,111200.0,INLAND
-117.2,34.48,7.0,4998.0,953.0,2764.0,891.0,3.205,101900.0,INLAND
-117.26,34.53,10.0,3103.0,520.0,1283.0,464.0,3.071,151600.0,INLAND
-117.27,34.4,8.0,6042.0,979.0,3031.0,991.0,3.3438,124400.0,INLAND
-117.3,34.46,8.0,6246.0,1273.0,3883.0,1264.0,2.7917,98200.0,INLAND
-116.51,34.85,15.0,3149.0,713.0,1281.0,486.0,2.0,64700.0,INLAND
-116.4,34.12,16.0,5648.0,1089.0,2524.0,1008.0,2.6739,78000.0,INLAND
-116.06,34.15,15.0,10377.0,2331.0,4507.0,1807.0,2.2466,66800.0,INLAND
-116.09,34.15,13.0,9444.0,1997.0,4166.0,1482.0,2.6111,65600.0,INLAND
-114.59,34.83,41.0,812.0,,375.0,158.0,1.7083,48500.0,INLAND
-117.28,34.26,18.0,3895.0,,1086.0,375.0,3.3672,133600.0,INLAND
-117.31,34.25,29.0,4610.0,,1569.0,592.0,2.7663,97900.0,INLAND
-117.26,34.24,10.0,4750.0,844.0,1220.0,428.0,4.5536,132400.0,INLAND
-117.16,34.26,27.0,9285.0,1621.0,1135.0,410.0,2.5446,135200.0,INLAND
-117.18,34.3,33.0,399.0,87.0,71.0,27.0,1.875,71300.0,INLAND
-117.15,34.22,10.0,1039.0,174.0,317.0,109.0,7.2371,171900.0,INLAND
-116.76,34.29,14.0,3959.0,849.0,1064.0,376.0,2.8214,111400.0,INLAND
-116.99,34.89,24.0,2741.0,577.0,1551.0,522.0,3.474,70500.0,INLAND
-116.9,34.52,20.0,3481.0,840.0,1694.0,587.0,1.4,77700.0,INLAND
-117.17,32.75,38.0,5430.0,1176.0,2357.0,1100.0,3.654,249000.0,NEAR OCEAN
-117.17,32.75,52.0,1052.0,,381.0,201.0,3.0726,289600.0,NEAR OCEAN
-117.16,32.74,27.0,2335.0,604.0,982.0,590.0,3.1921,261500.0,NEAR OCEAN
-117.15,32.75,27.0,3166.0,867.0,1332.0,817.0,2.6742,171400.0,NEAR OCEAN
-117.1,32.76,30.0,1835.0,474.0,934.0,415.0,2.875,139600.0,NEAR OCEAN
-117.1,32.75,11.0,2393.0,726.0,1905.0,711.0,1.3448,91300.0,NEAR OCEAN
-117.12,32.75,13.0,2795.0,773.0,1869.0,690.0,2.1767,101800.0,NEAR OCEAN
-117.07,32.74,38.0,1901.0,392.0,1099.0,406.0,2.7661,113900.0,NEAR OCEAN
-117.09,32.77,31.0,3062.0,,1263.0,539.0,3.0875,291500.0,NEAR OCEAN
-117.08,32.77,25.0,3911.0,849.0,1580.0,767.0,2.7778,184100.0,NEAR OCEAN
-117.04,32.77,21.0,1824.0,447.0,962.0,431.0,2.7826,143800.0,<1H OCEAN
-117.06,32.77,34.0,1730.0,373.0,730.0,350.0,2.0284,161800.0,NEAR OCEAN
-117.05,32.75,36.0,2024.0,,1030.0,390.0,3.8233,139800.0,NEAR OCEAN
-117.05,32.72,35.0,1777.0,369.0,1158.0,353.0,3.4107,117000.0,NEAR OCEAN
-117.01,32.7,25.0,2321.0,398.0,1434.0,386.0,3.5341,120800.0,NEAR OCEAN
-117.12,32.7,36.0,1011.0,253.0,763.0,226.0,1.8187,84100.0,NEAR OCEAN
-117.13,32.7,48.0,786.0,230.0,917.0,231.0,1.875,75600.0,NEAR OCEAN
-117.14,32.71,52.0,500.0,,480.0,108.0,1.8696,91100.0,NEAR OCEAN
-117.14,32.71,39.0,1647.0,478.0,2176.0,479.0,1.7642,82900.0,NEAR OCEAN
-117.14,32.7,43.0,1126.0,289.0,1132.0,294.0,2.1875,87000.0,NEAR OCEAN
-117.15,32.72,51.0,1321.0,,781.0,499.0,1.3071,250000.0,NEAR OCEAN
-117.16,32.74,49.0,1815.0,495.0,601.0,410.0,3.0571,418800.0,NEAR OCEAN
-117.22,32.75,24.0,3914.0,985.0,2147.0,874.0,2.9735,225000.0,NEAR OCEAN
-117.23,32.74,44.0,1404.0,229.0,513.0,217.0,4.1806,263800.0,NEAR OCEAN
-117.24,32.72,39.0,3089.0,431.0,1175.0,432.0,7.5925,466700.0,NEAR OCEAN
-117.25,32.73,38.0,1840.0,291.0,633.0,283.0,4.9125,383600.0,NEAR OCEAN
-117.23,32.75,5.0,1824.0,,892.0,426.0,3.4286,137500.0,NEAR OCEAN
-117.24,32.79,18.0,1741.0,602.0,508.0,283.0,3.2625,193800.0,NEAR OCEAN
-117.25,32.81,32.0,2402.0,551.0,1020.0,532.0,3.3942,307400.0,NEAR OCEAN
-117.31,32.82,42.0,2785.0,389.0,833.0,333.0,11.3074,500001.0,NEAR OCEAN
-117.27,32.85,26.0,1373.0,,608.0,268.0,4.425,475000.0,NEAR OCEAN
-117.25,32.84,19.0,1759.0,214.0,659.0,195.0,10.7751,500001.0,NEAR OCEAN
-117.26,32.82,34.0,5846.0,785.0,1817.0,747.0,8.496,500001.0,NEAR OCEAN
-117.19,32.86,19.0,3716.0,563.0,1788.0,587.0,5.2113,267400.0,NEAR OCEAN
-117.21,32.86,16.0,2800.0,566.0,1267.0,518.0,3.2794,148600.0,NEAR OCEAN
-117.15,32.91,10.0,2349.0,431.0,1598.0,435.0,4.8229,183200.0,<1H OCEAN
-117.16,32.89,5.0,8576.0,1952.0,5006.0,1827.0,4.3598,189100.0,<1H OCEAN
-117.13,32.91,16.0,3230.0,579.0,1825.0,576.0,4.2969,151200.0,<1H OCEAN
-117.14,32.9,16.0,3217.0,,2054.0,687.0,4.2234,162100.0,<1H OCEAN
-117.25,32.94,15.0,1804.0,339.0,673.0,296.0,5.9806,370500.0,NEAR OCEAN
-117.22,32.83,31.0,3958.0,727.0,1924.0,728.0,5.4605,190200.0,NEAR OCEAN
-117.18,32.79,30.0,5201.0,1104.0,2961.0,1064.0,3.2661,140400.0,NEAR OCEAN
-117.16,32.8,25.0,1399.0,329.0,1308.0,355.0,2.5682,187500.0,NEAR OCEAN
-117.2,32.79,29.0,1213.0,,654.0,246.0,4.5987,255600.0,NEAR OCEAN
-117.2,32.77,30.0,156.0,45.0,77.0,40.0,3.2679,137500.0,NEAR OCEAN
-117.15,32.78,25.0,1577.0,266.0,611.0,284.0,5.25,205100.0,NEAR OCEAN
-117.13,32.81,26.0,2119.0,444.0,1202.0,440.0,3.2308,166500.0,NEAR OCEAN
-117.07,32.81,15.0,2000.0,402.0,778.0,369.0,4.3594,224200.0,<1H OCEAN
-117.01,32.81,21.0,4203.0,618.0,1620.0,600.0,5.3441,193500.0,<1H OCEAN
-117.02,32.81,14.0,3173.0,599.0,1451.0,585.0,3.7292,182200.0,<1H OCEAN
-117.04,32.81,12.0,2880.0,406.0,1381.0,418.0,6.5412,254200.0,<1H OCEAN
-117.06,32.57,16.0,1269.0,282.0,1609.0,298.0,2.6985,156500.0,NEAR OCEAN
-117.04,32.58,20.0,2029.0,357.0,1497.0,353.0,4.0089,132100.0,NEAR OCEAN
-117.06,32.57,17.0,2252.0,378.0,1776.0,365.0,4.6364,141100.0,NEAR OCEAN
-117.04,32.54,7.0,938.0,297.0,1187.0,282.0,1.2667,67500.0,NEAR OCEAN
-117.1,32.59,21.0,2350.0,667.0,1621.0,613.0,2.0734,87500.0,NEAR OCEAN
-117.1,32.58,33.0,393.0,76.0,330.0,80.0,4.1029,122700.0,NEAR OCEAN
-117.07,32.58,25.0,1607.0,280.0,899.0,260.0,3.8194,134400.0,NEAR OCEAN
-117.09,32.55,8.0,6533.0,1217.0,4797.0,1177.0,3.9583,144400.0,NEAR OCEAN
-117.1,32.58,27.0,2616.0,591.0,1889.0,577.0,2.3824,127600.0,NEAR OCEAN
-117.18,32.69,37.0,3112.0,716.0,1304.0,674.0,3.2121,320800.0,NEAR OCEAN
-117.17,32.7,33.0,4084.0,897.0,1804.0,833.0,4.0488,409700.0,NEAR OCEAN
-117.18,32.7,42.0,1691.0,286.0,761.0,281.0,5.1386,404500.0,NEAR OCEAN
-117.1,32.69,29.0,4174.0,1195.0,3675.0,1124.0,1.8112,103600.0,NEAR OCEAN
-117.08,32.68,26.0,3071.0,615.0,2156.0,568.0,2.9318,112400.0,NEAR OCEAN
-117.07,32.67,35.0,3200.0,725.0,1723.0,610.0,1.8977,95600.0,NEAR OCEAN
-117.08,32.65,17.0,2633.0,712.0,1487.0,694.0,2.5392,147000.0,NEAR OCEAN
-117.09,32.64,38.0,2095.0,536.0,1240.0,550.0,2.7218,145900.0,NEAR OCEAN
-117.04,32.6,18.0,4747.0,846.0,3002.0,872.0,3.9076,152900.0,NEAR OCEAN
-117.02,32.66,19.0,771.0,,376.0,108.0,6.6272,273600.0,NEAR OCEAN
-116.98,32.74,16.0,3361.0,537.0,1754.0,578.0,5.1098,162300.0,<1H OCEAN
-116.92,32.76,7.0,1659.0,237.0,862.0,242.0,5.2741,249400.0,<1H OCEAN
-117.0,32.74,17.0,2357.0,599.0,1423.0,510.0,1.8856,118800.0,<1H OCEAN
-117.01,32.74,31.0,3473.0,,2098.0,677.0,2.6973,135200.0,<1H OCEAN
-116.99,32.7,15.0,3660.0,622.0,2629.0,612.0,4.0444,150100.0,NEAR OCEAN
-117.01,32.71,20.0,3506.0,692.0,1977.0,668.0,2.981,129100.0,NEAR OCEAN
-117.03,32.73,34.0,2061.0,,1169.0,400.0,3.5096,142000.0,NEAR OCEAN
-117.04,32.74,5.0,2878.0,785.0,1727.0,758.0,1.7179,132000.0,NEAR OCEAN
-117.04,32.76,37.0,2979.0,557.0,1285.0,564.0,3.7368,152200.0,NEAR OCEAN
-117.03,32.79,17.0,7352.0,1699.0,3331.0,1634.0,2.7006,166300.0,<1H OCEAN
-117.02,32.78,31.0,2567.0,,1198.0,499.0,3.4659,163000.0,<1H OCEAN
-116.91,32.78,15.0,4058.0,511.0,1580.0,473.0,7.5,316400.0,<1H OCEAN
-116.92,32.79,24.0,4055.0,742.0,2123.0,744.0,4.5224,142000.0,<1H OCEAN
-116.93,32.79,19.0,3354.0,,1948.0,682.0,3.0192,142300.0,<1H OCEAN
-116.96,32.8,16.0,3920.0,1094.0,2612.0,1023.0,1.3291,120800.0,<1H OCEAN
-116.97,32.8,15.0,3927.0,1018.0,2204.0,977.0,2.4367,111400.0,<1H OCEAN
-116.95,32.84,31.0,1307.0,,752.0,231.0,3.4286,129400.0,<1H OCEAN
-116.92,32.82,17.0,2492.0,494.0,1278.0,439.0,2.8875,155700.0,<1H OCEAN
-116.92,32.85,23.0,1378.0,269.0,767.0,266.0,4.0625,145000.0,<1H OCEAN
-116.91,32.83,16.0,5203.0,,2515.0,862.0,4.105,174400.0,<1H OCEAN
-116.91,32.82,14.0,1978.0,424.0,1085.0,387.0,3.8073,170100.0,<1H OCEAN
-117.07,33.03,15.0,1095.0,158.0,361.0,176.0,6.8099,328200.0,<1H OCEAN
-117.09,32.91,9.0,2012.0,316.0,802.0,289.0,6.5706,255700.0,<1H OCEAN
-117.24,33.05,11.0,5827.0,882.0,2588.0,842.0,6.4027,344200.0,NEAR OCEAN
-117.3,32.96,30.0,1226.0,205.0,380.0,151.0,4.2875,500001.0,NEAR OCEAN
-117.25,32.99,10.0,4926.0,749.0,1478.0,634.0,7.472,439900.0,NEAR OCEAN
-117.26,32.99,16.0,2127.0,512.0,1532.0,499.0,2.7348,231300.0,NEAR OCEAN
-117.26,32.98,12.0,3900.0,977.0,1690.0,892.0,4.125,226900.0,NEAR OCEAN
-117.33,33.03,31.0,1171.0,321.0,603.0,267.0,2.8611,314300.0,NEAR OCEAN
-117.32,33.12,25.0,2670.0,527.0,936.0,461.0,2.7717,354000.0,NEAR OCEAN
-117.29,33.13,4.0,617.0,105.0,224.0,105.0,3.9205,183000.0,NEAR OCEAN
-117.28,33.1,13.0,2644.0,422.0,1197.0,399.0,6.5338,267900.0,NEAR OCEAN
-117.34,33.21,12.0,5963.0,1372.0,3015.0,1124.0,2.7386,216100.0,NEAR OCEAN
-117.32,33.23,24.0,2580.0,604.0,982.0,569.0,1.6402,169300.0,NEAR OCEAN
-117.3,33.22,4.0,14960.0,2988.0,6666.0,2612.0,3.7568,184100.0,NEAR OCEAN
-117.28,33.2,20.0,4835.0,854.0,2983.0,834.0,4.3428,152100.0,NEAR OCEAN
-117.24,33.36,11.0,2786.0,480.0,1250.0,450.0,4.5,222600.0,<1H OCEAN
-117.2,33.24,12.0,4992.0,,2106.0,801.0,6.2079,307300.0,<1H OCEAN
-117.28,33.19,5.0,2697.0,639.0,1633.0,580.0,3.4456,165800.0,NEAR OCEAN
-117.26,33.18,9.0,4540.0,793.0,2235.0,746.0,4.5781,225600.0,NEAR OCEAN
-117.14,33.16,16.0,1660.0,,733.0,214.0,5.6874,202700.0,<1H OCEAN
-117.14,33.15,17.0,1149.0,182.0,702.0,192.0,5.5696,168400.0,<1H OCEAN
-117.12,33.14,12.0,2363.0,408.0,1211.0,396.0,3.8967,172600.0,<1H OCEAN
-117.26,33.09,22.0,2398.0,407.0,349.0,169.0,7.0423,500001.0,NEAR OCEAN
-117.26,33.09,13.0,3730.0,761.0,1335.0,603.0,4.1667,227100.0,NEAR OCEAN
-117.09,33.13,9.0,5685.0,1442.0,3773.0,1250.0,3.0426,129900.0,<1H OCEAN
-117.07,33.07,8.0,2756.0,343.0,1045.0,340.0,8.5957,444100.0,<1H OCEAN
-116.6,33.06,23.0,1731.0,365.0,612.0,258.0,2.7813,172900.0,INLAND
-116.77,32.82,16.0,3688.0,817.0,1969.0,767.0,2.875,222900.0,<1H OCEAN
-116.66,32.79,13.0,843.0,,918.0,152.0,6.2152,240600.0,<1H OCEAN
-116.87,32.75,15.0,2053.0,321.0,993.0,309.0,5.5164,248900.0,<1H OCEAN
-122.42,37.8,52.0,4985.0,1355.0,1848.0,1255.0,4.9211,500001.0,NEAR BAY
-122.41,37.8,52.0,2583.0,672.0,1335.0,613.0,3.1477,500001.0,NEAR BAY
-122.41,37.8,52.0,2892.0,751.0,1785.0,733.0,3.5746,350000.0,NEAR BAY
-122.41,37.8,52.0,3260.0,1535.0,3260.0,1457.0,0.9,500001.0,NEAR BAY
-122.44,37.8,52.0,3830.0,,1310.0,963.0,3.4801,500001.0,NEAR BAY
-122.43,37.78,10.0,2380.0,843.0,1245.0,789.0,1.3062,220000.0,NEAR BAY
-122.44,37.78,52.0,3017.0,851.0,1588.0,800.0,3.3882,471400.0,NEAR BAY
-122.45,37.77,52.0,2191.0,627.0,1100.0,585.0,3.0409,500000.0,NEAR BAY
-122.43,37.77,52.0,1760.0,366.0,742.0,318.0,4.445,400000.0,NEAR BAY
-122.43,37.77,52.0,4397.0,1116.0,1939.0,1053.0,2.7587,354500.0,NEAR BAY
-122.44,37.76,52.0,1968.0,472.0,784.0,430.0,3.3702,370000.0,NEAR BAY
-122.43,37.76,52.0,3771.0,1017.0,1575.0,921.0,3.5655,427300.0,NEAR BAY
-122.42,37.75,52.0,1609.0,510.0,1155.0,439.0,2.2328,250000.0,NEAR BAY
-122.43,37.75,52.0,2960.0,623.0,1191.0,589.0,3.95,347700.0,NEAR BAY
-122.42,37.75,52.0,2164.0,533.0,1122.0,469.0,3.2632,306000.0,NEAR BAY
-122.39,37.74,45.0,1462.0,308.0,924.0,302.0,2.1767,185300.0,NEAR BAY
-122.38,37.73,40.0,543.0,,259.0,89.0,2.2167,193800.0,NEAR BAY
-122.39,37.73,52.0,1931.0,329.0,1025.0,293.0,2.9063,192000.0,NEAR BAY
-122.39,37.72,52.0,135.0,34.0,93.0,26.0,2.1484,181300.0,NEAR BAY
-122.41,37.74,52.0,831.0,175.0,415.0,159.0,1.9464,249000.0,NEAR BAY
-122.42,37.74,52.0,2019.0,418.0,999.0,448.0,4.2212,271300.0,NEAR BAY
-122.42,37.75,52.0,2163.0,607.0,1447.0,546.0,3.3555,275000.0,NEAR BAY
-122.42,37.73,52.0,3230.0,654.0,1765.0,611.0,3.3333,292300.0,NEAR BAY
-122.43,37.73,52.0,1985.0,401.0,1337.0,424.0,4.1071,240900.0,NEAR BAY
-122.44,37.71,46.0,1230.0,247.0,895.0,257.0,5.3913,248900.0,NEAR BAY
-122.45,37.77,52.0,2602.0,,1330.0,647.0,3.5435,278600.0,NEAR BAY
-122.46,37.77,52.0,1824.0,388.0,799.0,363.0,3.75,435700.0,NEAR BAY
-122.46,37.74,51.0,1905.0,291.0,707.0,284.0,6.2561,431000.0,NEAR BAY
-122.44,37.73,39.0,1912.0,,970.0,406.0,4.7813,275500.0,NEAR BAY
-122.46,37.72,39.0,2254.0,,1388.0,404.0,2.9688,232000.0,NEAR OCEAN
-122.47,37.71,42.0,1961.0,427.0,1211.0,409.0,3.5156,239400.0,NEAR OCEAN
-122.45,37.71,45.0,2253.0,431.0,1382.0,392.0,4.2562,221600.0,NEAR OCEAN
-122.49,37.75,43.0,2044.0,393.0,979.0,378.0,3.9205,319100.0,NEAR OCEAN
-122.49,37.74,52.0,2442.0,449.0,1188.0,436.0,4.3909,317700.0,NEAR OCEAN
-122.5,37.75,45.0,1620.0,,941.0,328.0,4.3859,270200.0,NEAR OCEAN
-122.5,37.75,44.0,1819.0,,1137.0,354.0,3.4919,271800.0,NEAR OCEAN
-122.5,37.75,44.0,1739.0,343.0,872.0,330.0,2.9632,286300.0,NEAR OCEAN
-122.5,37.74,40.0,2310.0,445.0,1266.0,490.0,3.7969,297800.0,NEAR OCEAN
-122.5,37.75,46.0,2298.0,457.0,1429.0,477.0,4.0217,272400.0,NEAR OCEAN
-122.5,37.78,50.0,1922.0,427.0,1049.0,443.0,3.5833,348500.0,NEAR BAY
-122.55,37.79,32.0,2131.0,625.0,1229.0,572.0,2.9201,322200.0,NEAR OCEAN
-121.28,37.95,49.0,1200.0,364.0,1448.0,318.0,1.1094,52500.0,INLAND
-121.29,37.96,52.0,287.0,119.0,154.0,85.0,0.8738,75000.0,INLAND
-121.31,37.96,52.0,1829.0,301.0,694.0,319.0,3.3466,92600.0,INLAND
-121.34,37.97,33.0,2493.0,454.0,1203.0,436.0,3.765,94600.0,INLAND
-121.3,37.98,47.0,2373.0,461.0,990.0,444.0,4.175,98300.0,INLAND
-121.27,37.98,43.0,2608.0,516.0,1322.0,528.0,2.5714,70000.0,INLAND
-121.26,37.96,43.0,527.0,133.0,367.0,152.0,2.5,63600.0,INLAND
-121.27,37.96,43.0,948.0,221.0,749.0,208.0,1.962,52700.0,INLAND
-121.26,37.97,31.0,1189.0,295.0,891.0,292.0,2.5536,50500.0,INLAND
-121.25,37.94,28.0,964.0,232.0,782.0,218.0,2.3269,55900.0,INLAND
-121.24,37.97,47.0,886.0,196.0,517.0,188.0,2.1991,67200.0,INLAND
-121.22,37.97,37.0,1514.0,337.0,1121.0,337.0,2.401,58400.0,INLAND
-121.36,38.0,17.0,4535.0,762.0,1562.0,743.0,5.3224,225800.0,INLAND
-121.37,38.01,15.0,2430.0,315.0,1016.0,314.0,10.0088,242000.0,INLAND
-121.33,38.01,36.0,1383.0,207.0,531.0,203.0,5.9191,151900.0,INLAND
-121.33,38.02,31.0,1466.0,,608.0,254.0,3.1827,162100.0,INLAND
-121.33,38.03,10.0,629.0,140.0,635.0,146.0,2.2961,126700.0,INLAND
-121.31,38.03,18.0,4893.0,1008.0,3036.0,997.0,2.5212,110000.0,INLAND
-121.3,38.02,4.0,1515.0,384.0,491.0,348.0,2.8523,87500.0,INLAND
-121.29,37.87,29.0,488.0,108.0,308.0,115.0,2.6563,103100.0,INLAND
-121.38,37.88,44.0,1158.0,226.0,1094.0,224.0,2.6842,156300.0,INLAND
-121.42,38.22,35.0,1507.0,313.0,868.0,283.0,2.0284,96300.0,INLAND
-121.23,38.09,23.0,633.0,91.0,236.0,83.0,6.4562,230000.0,INLAND
-121.29,38.12,18.0,1534.0,275.0,741.0,263.0,3.9607,132500.0,INLAND
-121.29,38.1,14.0,1551.0,297.0,785.0,281.0,3.775,163300.0,INLAND
-121.05,37.93,17.0,2474.0,480.0,1649.0,453.0,3.275,156500.0,INLAND
-120.99,37.8,32.0,2564.0,513.0,1198.0,459.0,2.9083,113400.0,INLAND
-120.98,37.79,20.0,2458.0,491.0,1227.0,481.0,2.7857,110900.0,INLAND
-121.16,37.73,7.0,4956.0,941.0,3006.0,915.0,3.4426,139000.0,INLAND
-121.27,37.82,26.0,1170.0,238.0,830.0,216.0,2.6458,127500.0,INLAND
-121.28,37.83,32.0,696.0,151.0,443.0,144.0,2.5156,86300.0,INLAND
-121.37,37.77,19.0,2610.0,474.0,1290.0,452.0,4.1298,222800.0,INLAND
-121.43,37.75,42.0,1207.0,278.0,699.0,279.0,3.3611,117600.0,INLAND
-121.43,37.74,40.0,859.0,196.0,427.0,176.0,3.5789,110400.0,INLAND
-121.43,37.74,52.0,966.0,247.0,589.0,228.0,1.6937,108300.0,INLAND
-121.12,35.58,16.0,4109.0,798.0,1298.0,626.0,3.4799,320800.0,NEAR OCEAN
-120.84,35.33,15.0,3276.0,670.0,1520.0,613.0,3.6412,207800.0,NEAR OCEAN
-120.84,35.32,15.0,2419.0,538.0,1279.0,522.0,3.4762,189600.0,NEAR OCEAN
-121.1,35.6,20.0,3389.0,704.0,1309.0,520.0,3.2112,204500.0,NEAR OCEAN
-120.48,35.05,24.0,2314.0,468.0,1549.0,463.0,2.8203,152600.0,<1H OCEAN
-120.66,35.49,17.0,4422.0,945.0,2307.0,885.0,2.8285,171300.0,<1H OCEAN
-122.43,37.71,24.0,4299.0,857.0,2249.0,788.0,4.6098,290400.0,NEAR BAY
-122.48,37.7,33.0,4492.0,,3477.0,1537.0,3.0546,297900.0,NEAR OCEAN
-122.47,37.69,27.0,2447.0,720.0,2104.0,657.0,3.449,239100.0,NEAR OCEAN
-122.47,37.66,18.0,4172.0,806.0,3226.0,790.0,5.7535,297900.0,NEAR OCEAN
-122.44,37.65,38.0,5277.0,1008.0,2695.0,997.0,3.9722,276200.0,NEAR OCEAN
-122.43,37.64,34.0,8400.0,1812.0,4101.0,1717.0,4.1033,301000.0,NEAR OCEAN
-122.46,37.64,26.0,2806.0,375.0,1617.0,396.0,5.3922,353700.0,NEAR OCEAN
-122.41,37.62,39.0,3119.0,758.0,1807.0,696.0,3.2216,242700.0,NEAR OCEAN
-122.42,37.6,34.0,3562.0,565.0,1542.0,563.0,5.8783,405100.0,NEAR OCEAN
-122.39,37.6,34.0,707.0,,381.0,156.0,4.375,340900.0,NEAR OCEAN
-122.39,37.59,32.0,4497.0,,1846.0,715.0,6.1323,500001.0,NEAR OCEAN
-122.4,37.58,26.0,3281.0,,1145.0,480.0,6.358,500001.0,NEAR OCEAN
-122.37,37.59,52.0,2272.0,403.0,963.0,376.0,5.7245,500000.0,NEAR OCEAN
-122.33,37.58,40.0,2362.0,468.0,992.0,425.0,4.7917,359900.0,NEAR OCEAN
-122.31,37.57,42.0,3157.0,676.0,1603.0,629.0,3.7422,292600.0,NEAR OCEAN
-122.35,37.53,27.0,2169.0,305.0,905.0,319.0,7.7743,453100.0,NEAR OCEAN
-122.3,37.53,38.0,984.0,171.0,429.0,157.0,5.3261,376800.0,NEAR OCEAN
-122.31,37.52,35.0,1817.0,262.0,659.0,262.0,6.8336,457200.0,NEAR OCEAN
-122.31,37.56,40.0,1351.0,330.0,701.0,297.0,3.32,292900.0,NEAR OCEAN
-122.3,37.57,36.0,1973.0,352.0,1169.0,370.0,5.033,270900.0,NEAR BAY
-122.3,37.56,37.0,1962.0,367.0,1267.0,382.0,4.7344,271800.0,NEAR OCEAN
-122.28,37.53,34.0,1980.0,385.0,970.0,391.0,5.1207,310900.0,NEAR OCEAN
-122.28,37.53,25.0,3710.0,1015.0,2068.0,958.0,3.5445,286700.0,NEAR OCEAN
-122.3,37.51,35.0,2789.0,445.0,1156.0,404.0,5.4322,391000.0,NEAR OCEAN
-122.27,37.51,39.0,3996.0,793.0,1744.0,761.0,4.5075,364900.0,NEAR OCEAN
-122.26,37.5,52.0,878.0,186.0,393.0,186.0,3.7045,360500.0,NEAR OCEAN
-122.25,37.49,40.0,2709.0,521.0,1156.0,510.0,4.6366,395500.0,NEAR OCEAN
-122.28,37.51,33.0,4719.0,,1980.0,757.0,6.1064,405000.0,NEAR OCEAN
-122.28,37.5,33.0,6499.0,998.0,2694.0,957.0,7.4787,431300.0,NEAR OCEAN
-122.22,37.44,32.0,4281.0,501.0,1318.0,484.0,15.0001,500001.0,NEAR OCEAN
-122.15,37.47,37.0,1844.0,382.0,1634.0,417.0,2.7993,145500.0,NEAR BAY
-122.15,37.46,42.0,1995.0,412.0,794.0,374.0,5.6234,379600.0,NEAR BAY
-122.2,37.43,38.0,3626.0,528.0,1350.0,532.0,7.3681,500001.0,NEAR OCEAN
-122.2,37.43,40.0,2223.0,412.0,1050.0,417.0,5.2421,444500.0,NEAR OCEAN
-122.2,37.43,22.0,3294.0,744.0,1337.0,655.0,5.2391,500001.0,NEAR OCEAN
-122.21,37.42,28.0,564.0,72.0,191.0,79.0,11.9666,500001.0,NEAR OCEAN
-122.53,37.5,19.0,4768.0,807.0,2199.0,805.0,6.1896,331100.0,NEAR OCEAN
-119.75,34.45,6.0,2864.0,,1404.0,603.0,5.5073,263800.0,NEAR OCEAN
-119.78,34.48,21.0,2377.0,322.0,1007.0,328.0,7.9248,500001.0,NEAR OCEAN
-119.73,34.44,38.0,1729.0,,801.0,395.0,3.1364,357500.0,NEAR OCEAN
-119.7,34.42,52.0,329.0,109.0,291.0,102.0,1.4722,350000.0,<1H OCEAN
-119.55,34.38,17.0,1951.0,368.0,681.0,350.0,2.7275,500001.0,<1H OCEAN
-120.11,34.62,16.0,2943.0,394.0,959.0,359.0,6.2094,440000.0,NEAR OCEAN
-120.43,34.89,30.0,1979.0,342.0,999.0,320.0,5.0286,158000.0,<1H OCEAN
-120.42,34.96,19.0,2298.0,511.0,1246.0,513.0,2.212,132000.0,<1H OCEAN
-120.47,34.7,24.0,2387.0,385.0,1051.0,382.0,4.4595,152700.0,NEAR OCEAN
-119.83,34.45,24.0,2168.0,373.0,934.0,366.0,5.4197,280900.0,NEAR OCEAN
-119.85,34.44,28.0,1765.0,301.0,1173.0,297.0,6.0256,276800.0,NEAR OCEAN
-119.85,34.48,23.0,1915.0,277.0,724.0,267.0,6.2987,348200.0,NEAR OCEAN
-120.05,34.47,21.0,1241.0,248.0,746.0,211.0,3.8056,425000.0,NEAR OCEAN
-121.89,37.36,37.0,1525.0,363.0,1075.0,374.0,2.8971,186100.0,<1H OCEAN
-121.93,37.33,44.0,2142.0,358.0,846.0,375.0,5.4273,421000.0,<1H OCEAN
-121.91,37.33,28.0,454.0,147.0,366.0,140.0,2.9853,187500.0,<1H OCEAN
-121.92,37.32,31.0,1902.0,554.0,1485.0,494.0,2.4207,165600.0,<1H OCEAN
-121.94,37.31,30.0,1680.0,312.0,858.0,310.0,4.0474,280500.0,<1H OCEAN
-121.93,37.3,16.0,2111.0,485.0,1285.0,499.0,5.0477,292500.0,<1H OCEAN
-121.94,37.28,18.0,4356.0,1334.0,1968.0,1245.0,3.6294,240000.0,<1H OCEAN
-121.9,37.28,26.0,3756.0,,1408.0,535.0,5.6427,320000.0,<1H OCEAN
-121.9,37.27,28.0,4538.0,685.0,1996.0,667.0,5.4609,263600.0,<1H OCEAN
-121.87,37.29,18.0,1892.0,568.0,974.0,553.0,2.3715,228000.0,<1H OCEAN
-121.83,37.3,17.0,1299.0,211.0,825.0,217.0,4.5,235800.0,<1H OCEAN
-121.81,37.3,14.0,1870.0,348.0,1214.0,347.0,4.9769,186500.0,<1H OCEAN
-121.74,37.3,12.0,1961.0,280.0,985.0,269.0,6.7159,362700.0,<1H OCEAN
-121.82,37.35,24.0,2298.0,575.0,2409.0,569.0,3.4509,182400.0,<1H OCEAN
-121.83,37.36,22.0,3936.0,860.0,3508.0,877.0,4.2312,183800.0,<1H OCEAN
-121.81,37.38,29.0,570.0,76.0,244.0,72.0,12.3292,416700.0,<1H OCEAN
-121.88,37.4,9.0,6751.0,,4240.0,1438.0,5.34,257400.0,<1H OCEAN
-121.89,37.44,8.0,2534.0,,1527.0,364.0,7.8532,422800.0,<1H OCEAN
-121.88,37.43,17.0,3469.0,896.0,2762.0,808.0,3.3884,245800.0,<1H OCEAN
-121.88,37.44,23.0,1310.0,267.0,910.0,261.0,5.3994,237900.0,<1H OCEAN
-121.89,37.46,5.0,1519.0,186.0,705.0,186.0,10.3798,500001.0,<1H OCEAN
-121.89,37.42,26.0,40.0,8.0,52.0,7.0,7.7197,225000.0,<1H OCEAN
-122.0,37.4,35.0,1542.0,298.0,1164.0,318.0,5.9145,236900.0,<1H OCEAN
-121.96,37.41,17.0,3208.0,617.0,2286.0,602.0,5.2937,238000.0,<1H OCEAN
-121.93,37.34,48.0,2068.0,495.0,946.0,452.0,3.0375,218500.0,<1H OCEAN
-121.97,37.35,30.0,1955.0,,999.0,386.0,4.6328,287100.0,<1H OCEAN
-121.97,37.34,33.0,3162.0,,1553.0,686.0,3.6682,266100.0,<1H OCEAN
-121.99,37.32,20.0,4461.0,864.0,2042.0,808.0,4.7083,217700.0,<1H OCEAN
-121.95,37.32,20.0,1145.0,198.0,431.0,173.0,3.1103,281900.0,<1H OCEAN
-121.95,37.31,27.0,4140.0,,2135.0,893.0,3.6292,264600.0,<1H OCEAN
-121.95,37.31,27.0,2462.0,570.0,1278.0,565.0,3.5652,329500.0,<1H OCEAN
-121.96,37.28,33.0,1940.0,327.0,877.0,314.0,5.4386,280400.0,<1H OCEAN
-121.99,37.27,17.0,1527.0,267.0,775.0,260.0,5.9658,278000.0,<1H OCEAN
-121.95,37.25,30.0,3298.0,634.0,1532.0,602.0,5.0863,332000.0,<1H OCEAN
-121.96,37.24,26.0,3032.0,605.0,1208.0,562.0,5.4683,430900.0,<1H OCEAN
-121.94,37.24,35.0,1484.0,244.0,664.0,238.0,4.675,245300.0,<1H OCEAN
-121.99,37.26,17.0,4034.0,611.0,1158.0,560.0,8.2069,442500.0,<1H OCEAN
-122.0,37.27,33.0,1664.0,271.0,759.0,272.0,5.7876,415800.0,<1H OCEAN
-122.01,37.27,28.0,3825.0,473.0,1415.0,480.0,10.675,500001.0,<1H OCEAN
-122.04,37.3,25.0,2366.0,417.0,1076.0,398.0,6.9238,345900.0,<1H OCEAN
-122.03,37.31,25.0,2131.0,410.0,1132.0,395.0,5.3508,409100.0,<1H OCEAN
-122.02,37.3,26.0,1983.0,301.0,924.0,297.0,6.7123,354600.0,<1H OCEAN
-122.0,37.32,34.0,3450.0,731.0,1915.0,689.0,4.7402,244500.0,<1H OCEAN
-122.0,37.31,33.0,4211.0,918.0,2389.0,861.0,4.7235,242200.0,<1H OCEAN
-122.0,37.35,20.0,4304.0,851.0,2059.0,835.0,5.1674,333000.0,<1H OCEAN
-122.04,37.34,25.0,1994.0,287.0,704.0,283.0,7.7799,447300.0,<1H OCEAN
-122.05,37.37,27.0,3885.0,661.0,1537.0,606.0,6.6085,344700.0,<1H OCEAN
-122.02,37.36,21.0,2471.0,677.0,1486.0,689.0,3.9038,243800.0,<1H OCEAN
-122.0,37.36,17.0,2070.0,,797.0,275.0,8.6155,411200.0,<1H OCEAN
-122.0,37.37,16.0,1434.0,372.0,804.0,361.0,3.7045,178100.0,<1H OCEAN
-122.09,37.4,17.0,748.0,184.0,412.0,180.0,3.4375,290600.0,NEAR BAY
-122.1,37.4,19.0,1085.0,288.0,1009.0,305.0,3.9091,276000.0,NEAR BAY
-122.1,37.4,23.0,514.0,210.0,367.0,206.0,3.1736,181300.0,NEAR BAY
-122.08,37.39,4.0,2292.0,,1050.0,584.0,4.8036,340000.0,NEAR BAY
-122.07,37.39,30.0,1695.0,480.0,932.0,447.0,3.5045,352500.0,NEAR BAY
-122.08,37.37,29.0,1229.0,,707.0,194.0,7.1108,465000.0,NEAR BAY
-122.07,37.36,28.0,4612.0,608.0,1686.0,567.0,10.0346,500001.0,<1H OCEAN
-122.08,37.34,28.0,1643.0,216.0,594.0,205.0,12.367,500001.0,<1H OCEAN
-122.11,37.38,36.0,3598.0,500.0,1296.0,533.0,7.8177,500001.0,NEAR BAY
-122.1,37.39,35.0,2471.0,349.0,881.0,342.0,7.6229,500001.0,NEAR BAY
-122.13,37.43,40.0,3454.0,648.0,1498.0,647.0,5.2114,438400.0,NEAR BAY
-122.11,37.44,35.0,2016.0,349.0,1023.0,376.0,5.6413,376600.0,NEAR BAY
-122.16,37.45,47.0,4234.0,,1808.0,1093.0,4.2297,425000.0,NEAR BAY
-122.15,37.43,20.0,11709.0,,7604.0,3589.0,1.9045,375000.0,NEAR BAY
-121.86,37.21,23.0,2552.0,305.0,916.0,316.0,9.1974,500001.0,<1H OCEAN
-121.81,37.26,14.0,3379.0,683.0,1465.0,620.0,4.0547,236200.0,<1H OCEAN
-121.75,37.11,18.0,3167.0,,1414.0,482.0,6.8773,467700.0,<1H OCEAN
-121.57,37.0,18.0,7241.0,1225.0,4168.0,1138.0,4.5714,260300.0,INLAND
-121.51,37.02,19.0,2372.0,394.0,1142.0,365.0,4.0238,374600.0,INLAND
-121.98,37.14,37.0,74.0,19.0,63.0,17.0,9.5908,350000.0,<1H OCEAN
-122.0,37.0,16.0,32.0,4.0,36.0,5.0,2.625,137500.0,NEAR OCEAN
-121.99,36.98,40.0,1104.0,224.0,669.0,215.0,4.3409,256300.0,NEAR OCEAN
-122.02,36.99,30.0,2156.0,487.0,1023.0,458.0,2.7875,245000.0,NEAR OCEAN
-122.01,36.97,43.0,2162.0,509.0,1208.0,464.0,2.5417,260900.0,NEAR OCEAN
-122.01,36.97,35.0,1605.0,392.0,743.0,382.0,2.5368,240000.0,NEAR OCEAN
-122.11,37.14,29.0,3201.0,640.0,1722.0,570.0,4.4597,204100.0,NEAR OCEAN
-122.04,37.12,30.0,1427.0,311.0,686.0,251.0,4.0781,154500.0,NEAR OCEAN
-122.03,37.0,30.0,2077.0,342.0,816.0,328.0,5.2078,440500.0,NEAR OCEAN
-122.02,37.09,35.0,1818.0,368.0,682.0,254.0,4.8611,240000.0,NEAR OCEAN
-121.97,36.97,15.0,2849.0,668.0,1546.0,582.0,2.7587,228600.0,NEAR OCEAN
-121.9,36.97,21.0,3707.0,751.0,1420.0,608.0,4.4485,295200.0,NEAR OCEAN
-121.91,36.85,22.0,2442.0,624.0,1301.0,290.0,3.1563,300000.0,NEAR OCEAN
-121.79,37.03,18.0,943.0,213.0,544.0,179.0,3.934,228600.0,<1H OCEAN
-122.34,40.58,7.0,4843.0,992.0,2223.0,932.0,3.0549,101700.0,INLAND
-122.36,40.55,21.0,2500.0,466.0,1428.0,502.0,2.6513,113300.0,INLAND
-122.4,40.51,20.0,1750.0,352.0,834.0,340.0,2.485,100600.0,INLAND
-122.42,40.63,23.0,2248.0,489.0,1132.0,444.0,1.6429,80400.0,INLAND
-122.36,40.69,32.0,3611.0,772.0,2060.0,759.0,1.7427,60600.0,INLAND
-122.29,40.44,30.0,1270.0,365.0,840.0,324.0,1.3904,48100.0,INLAND
-122.31,40.47,26.0,2723.0,551.0,1326.0,547.0,2.3594,66000.0,INLAND
-122.27,40.46,14.0,2633.0,530.0,1324.0,513.0,2.2768,78600.0,INLAND
-122.42,40.44,16.0,994.0,,495.0,181.0,2.1875,76400.0,INLAND
-121.55,40.48,14.0,2413.0,524.0,805.0,329.0,2.7857,77400.0,INLAND
-121.67,40.87,31.0,1581.0,299.0,776.0,287.0,2.9063,77800.0,INLAND
-122.22,38.12,15.0,14125.0,2344.0,6456.0,2147.0,5.1014,179500.0,NEAR BAY
-122.22,38.11,43.0,1939.0,353.0,968.0,392.0,3.1848,112700.0,NEAR BAY
-122.2,38.09,18.0,6860.0,1079.0,3205.0,1058.0,5.2957,171900.0,NEAR BAY
-122.22,38.08,37.0,2811.0,,1574.0,516.0,3.1053,96700.0,NEAR BAY
-122.25,38.1,52.0,1591.0,372.0,817.0,357.0,2.1411,97200.0,NEAR BAY
-122.24,38.1,49.0,1851.0,356.0,849.0,307.0,2.9432,103500.0,NEAR BAY
-122.22,38.15,7.0,5129.0,,2824.0,738.0,5.5138,171100.0,NEAR BAY
-122.17,38.08,7.0,18392.0,2782.0,8276.0,2742.0,6.4232,229200.0,NEAR BAY
-122.02,38.25,10.0,2237.0,454.0,1255.0,429.0,3.1176,126500.0,INLAND
-121.97,38.35,17.0,5678.0,1116.0,3182.0,1135.0,3.7388,122000.0,INLAND
-122.0,38.35,34.0,432.0,65.0,208.0,71.0,5.5435,136000.0,INLAND
-122.02,38.38,16.0,808.0,137.0,371.0,145.0,6.0767,216400.0,INLAND
-121.84,38.13,33.0,596.0,105.0,212.0,94.0,4.2813,81300.0,INLAND
-122.41,38.16,37.0,1549.0,,863.0,275.0,2.7457,254700.0,NEAR BAY
-122.53,38.32,22.0,3577.0,,1371.0,501.0,5.795,332300.0,<1H OCEAN
-122.49,38.29,26.0,1726.0,289.0,672.0,251.0,3.8,242100.0,<1H OCEAN
-122.54,38.36,40.0,2725.0,531.0,1167.0,458.0,3.7969,202800.0,<1H OCEAN
-122.65,38.25,23.0,4030.0,,1852.0,778.0,3.402,193300.0,<1H OCEAN
-122.71,38.34,22.0,1249.0,335.0,699.0,308.0,2.6033,121600.0,<1H OCEAN
-122.7,38.35,14.0,2313.0,,954.0,397.0,3.7813,146500.0,<1H OCEAN
-122.7,38.35,14.0,1555.0,369.0,493.0,335.0,1.6033,67500.0,<1H OCEAN
-122.69,38.37,8.0,6322.0,1001.0,2969.0,1043.0,4.8233,214000.0,<1H OCEAN
-122.71,38.42,23.0,1569.0,414.0,1031.0,368.0,1.6267,129200.0,<1H OCEAN
-122.68,38.43,18.0,2723.0,529.0,1150.0,520.0,3.5885,191900.0,<1H OCEAN
-122.72,38.47,29.0,1706.0,415.0,990.0,394.0,1.9932,164800.0,<1H OCEAN
-122.71,38.45,39.0,2739.0,573.0,1223.0,569.0,2.9663,185400.0,<1H OCEAN
-122.71,38.5,15.0,5645.0,830.0,2324.0,769.0,6.6104,330900.0,<1H OCEAN
-122.6,38.48,17.0,1528.0,264.0,606.0,251.0,6.6004,341500.0,<1H OCEAN
-122.63,38.5,19.0,2107.0,332.0,874.0,341.0,5.7819,265600.0,<1H OCEAN
-122.74,38.46,9.0,2268.0,594.0,1311.0,585.0,2.6607,91500.0,<1H OCEAN
-122.79,38.48,7.0,6837.0,,3468.0,1405.0,3.1662,191000.0,<1H OCEAN
-122.79,38.42,9.0,4967.0,885.0,2581.0,915.0,5.038,185600.0,<1H OCEAN
-122.82,38.4,40.0,2406.0,423.0,1054.0,426.0,3.8846,215900.0,<1H OCEAN
-122.83,38.39,19.0,1765.0,394.0,868.0,388.0,2.462,260300.0,<1H OCEAN
-123.04,38.49,30.0,3977.0,930.0,1387.0,582.0,2.6161,132500.0,NEAR OCEAN
-122.97,38.5,44.0,3234.0,746.0,1112.0,470.0,1.9265,132700.0,<1H OCEAN
-122.91,38.46,18.0,2021.0,,912.0,329.0,4.5,251900.0,<1H OCEAN
-123.02,38.81,35.0,956.0,213.0,488.0,215.0,3.025,140600.0,<1H OCEAN
-120.85,37.78,25.0,421.0,,303.0,106.0,2.2679,71300.0,INLAND
-120.83,37.77,20.0,1717.0,403.0,1062.0,401.0,1.6759,116700.0,INLAND
-120.93,37.73,14.0,2799.0,,2294.0,596.0,2.6343,81500.0,INLAND
-120.97,37.68,16.0,2349.0,446.0,1302.0,392.0,3.1625,130300.0,INLAND
-120.98,37.65,36.0,826.0,167.0,432.0,150.0,2.5,103100.0,INLAND
-120.98,37.66,10.0,934.0,,401.0,255.0,0.9336,127100.0,INLAND
-121.01,37.64,52.0,201.0,35.0,74.0,22.0,1.3036,75000.0,INLAND
-120.98,37.62,26.0,3819.0,955.0,3010.0,932.0,1.9206,81300.0,INLAND
-121.0,37.62,28.0,1153.0,420.0,1043.0,357.0,1.0801,75000.0,INLAND
-121.02,37.6,33.0,1009.0,238.0,1027.0,246.0,2.5993,68000.0,INLAND
-120.98,37.6,36.0,1437.0,,1073.0,320.0,2.1779,58400.0,INLAND
-120.94,37.58,19.0,1549.0,369.0,770.0,370.0,2.0493,99500.0,INLAND
-121.02,37.48,26.0,467.0,,244.0,83.0,4.1346,187500.0,INLAND
-121.11,37.43,42.0,412.0,75.0,227.0,75.0,2.5,74200.0,INLAND
-120.97,37.43,27.0,1380.0,,810.0,262.0,2.1875,137500.0,INLAND
-120.89,37.48,27.0,1118.0,195.0,647.0,209.0,2.9135,159400.0,INLAND
-121.63,39.16,7.0,1879.0,444.0,1065.0,410.0,2.4183,103800.0,INLAND
-121.62,39.13,41.0,1147.0,243.0,583.0,239.0,2.2431,63400.0,INLAND
-121.62,39.12,35.0,2787.0,587.0,1431.0,601.0,2.5469,65900.0,INLAND
-122.1,40.05,26.0,633.0,129.0,305.0,140.0,2.1827,72700.0,INLAND
-122.35,40.25,10.0,1621.0,318.0,866.0,283.0,3.5,104300.0,INLAND
-122.23,40.2,17.0,762.0,138.0,322.0,139.0,4.2917,128800.0,INLAND
-122.1,40.03,25.0,2516.0,,1266.0,494.0,1.7566,58400.0,INLAND
-122.12,39.91,16.0,4006.0,797.0,2028.0,752.0,2.3929,77200.0,INLAND
-119.3,36.57,32.0,728.0,,461.0,149.0,3.0156,109100.0,INLAND
-119.38,36.53,38.0,1281.0,,1423.0,293.0,1.9602,51400.0,INLAND
-119.31,36.39,32.0,2293.0,466.0,1538.0,468.0,1.9342,68600.0,INLAND
-119.45,36.35,22.0,1824.0,333.0,1076.0,282.0,2.3365,69600.0,INLAND
-119.15,36.29,18.0,1435.0,,657.0,254.0,2.4281,72500.0,INLAND
-119.22,36.31,17.0,2079.0,459.0,2022.0,462.0,1.5464,54100.0,INLAND
-119.33,36.3,11.0,3045.0,,1563.0,516.0,5.4337,133800.0,INLAND
-119.46,36.25,32.0,1702.0,348.0,1016.0,350.0,2.5,73600.0,INLAND
-119.32,36.25,21.0,1231.0,,609.0,206.0,2.8365,90000.0,INLAND
-119.32,36.21,25.0,2360.0,460.0,1424.0,436.0,2.3152,63100.0,INLAND
-119.06,36.15,25.0,2402.0,478.0,1527.0,461.0,2.3194,52900.0,INLAND
-118.92,36.04,28.0,1148.0,233.0,521.0,212.0,2.9208,98500.0,INLAND
-119.01,36.06,25.0,1505.0,,1392.0,359.0,1.6812,47700.0,INLAND
-119.27,35.88,32.0,1393.0,343.0,1282.0,336.0,1.5069,43700.0,INLAND
-120.37,38.01,30.0,473.0,,242.0,93.0,2.5417,123200.0,INLAND
-120.25,38.03,21.0,4924.0,966.0,1175.0,454.0,2.9457,116500.0,INLAND
-120.42,37.98,18.0,3059.0,609.0,1335.0,581.0,2.5129,115900.0,INLAND
-118.8,34.41,45.0,1610.0,,1148.0,347.0,2.7,120400.0,<1H OCEAN
-119.04,34.34,35.0,462.0,90.0,334.0,96.0,5.3582,281300.0,<1H OCEAN
-119.12,34.38,28.0,7200.0,1281.0,3793.0,1238.0,4.075,237900.0,<1H OCEAN
-119.28,34.42,23.0,4763.0,828.0,2198.0,771.0,4.8105,313000.0,NEAR OCEAN
-119.3,34.42,18.0,5591.0,1042.0,2860.0,1026.0,3.5822,219900.0,NEAR OCEAN
-119.3,34.39,35.0,3079.0,579.0,1807.0,589.0,4.69,199300.0,NEAR OCEAN
-119.21,34.26,31.0,224.0,88.0,326.0,88.0,2.375,55000.0,NEAR OCEAN
-119.23,34.27,22.0,3536.0,615.0,1650.0,612.0,4.2381,229300.0,NEAR OCEAN
-119.22,34.28,24.0,2212.0,332.0,899.0,331.0,5.533,299700.0,NEAR OCEAN
-119.25,34.3,34.0,1189.0,220.0,445.0,203.0,4.8824,396400.0,NEAR OCEAN
-119.3,34.29,26.0,3665.0,932.0,2775.0,870.0,1.9286,160500.0,NEAR OCEAN
-119.19,34.2,18.0,3620.0,,3171.0,779.0,3.3409,220500.0,NEAR OCEAN
-119.18,34.19,19.0,2393.0,,1938.0,762.0,1.6953,167400.0,NEAR OCEAN
-119.21,34.19,15.0,3797.0,692.0,2216.0,675.0,4.7443,229500.0,NEAR OCEAN
-119.19,34.17,31.0,1872.0,434.0,1511.0,405.0,3.2314,186800.0,NEAR OCEAN
-119.18,34.16,12.0,460.0,101.0,405.0,103.0,5.2783,167400.0,NEAR OCEAN
-119.13,34.19,16.0,6389.0,1330.0,6242.0,1340.0,4.0222,206800.0,NEAR OCEAN
-119.11,34.17,37.0,470.0,105.0,522.0,83.0,2.0368,243800.0,NEAR OCEAN
-119.01,34.23,11.0,5785.0,1035.0,2760.0,985.0,4.693,232200.0,<1H OCEAN
-119.0,34.19,5.0,3634.0,718.0,1317.0,743.0,4.2917,227900.0,<1H OCEAN
-119.08,34.17,32.0,166.0,22.0,63.0,29.0,7.3004,125000.0,NEAR OCEAN
-118.96,34.19,16.0,1807.0,346.0,587.0,296.0,1.9811,162500.0,<1H OCEAN
-118.93,34.18,18.0,2730.0,415.0,1248.0,412.0,6.187,287900.0,<1H OCEAN
-118.91,34.18,17.0,3220.0,716.0,1381.0,733.0,2.8958,176000.0,<1H OCEAN
-118.88,34.17,15.0,4260.0,,1701.0,669.0,5.1033,410700.0,<1H OCEAN
-118.88,34.22,22.0,3654.0,517.0,1565.0,518.0,6.2748,274800.0,<1H OCEAN
-118.85,34.18,11.0,5873.0,1455.0,3089.0,1365.0,3.5504,173800.0,<1H OCEAN
-118.85,34.19,27.0,2287.0,320.0,967.0,321.0,6.5162,349400.0,<1H OCEAN
-118.91,34.28,6.0,6106.0,1134.0,3246.0,1062.0,5.2206,280200.0,<1H OCEAN
-118.78,34.27,20.0,2743.0,685.0,1798.0,613.0,3.6761,170900.0,<1H OCEAN
-118.75,34.29,17.0,5512.0,,2734.0,814.0,6.6073,258100.0,<1H OCEAN
-118.75,34.27,20.0,3495.0,449.0,1629.0,428.0,5.8096,264400.0,<1H OCEAN
-118.72,34.28,17.0,3051.0,,1705.0,495.0,5.7376,218600.0,<1H OCEAN
-118.65,34.27,23.0,1724.0,265.0,934.0,306.0,6.0783,229200.0,<1H OCEAN
-118.71,34.29,24.0,2983.0,406.0,1203.0,381.0,6.3236,302000.0,<1H OCEAN
-118.73,34.29,8.0,4983.0,754.0,2510.0,725.0,6.9454,276500.0,<1H OCEAN
-121.54,38.59,29.0,2242.0,493.0,1481.0,478.0,2.0781,74800.0,INLAND
-121.78,38.68,39.0,2806.0,662.0,1659.0,638.0,1.9787,97800.0,INLAND
-121.79,38.67,17.0,2875.0,810.0,1876.0,749.0,1.951,152500.0,INLAND
-121.7,38.65,22.0,1360.0,282.0,808.0,229.0,2.4167,225000.0,INLAND
-122.03,38.69,23.0,1796.0,380.0,939.0,330.0,2.7955,96300.0,INLAND
-121.58,39.12,26.0,2796.0,629.0,2017.0,632.0,1.8355,61200.0,INLAND
-121.53,39.19,27.0,2080.0,412.0,1082.0,382.0,2.5495,98300.0,INLAND
-121.09,39.48,25.0,1665.0,374.0,845.0,330.0,1.5603,78100.0,INLAND
