show_id,type,title,director,cast,country,date_added,release_year,rating,duration,listed_in,description
s9,TV Show,The Great British Baking Show,Andy Devonshire,"Mel Giedroyc, Sue Perkins, Mary Berry, Paul Hollywood",United Kingdom,"September 24, 2021",2021,TV-14,9 Seasons,"British TV Shows, Reality TV","A talented batch of amateur bakers face off in a 10-week competition, whipping up their best dishes in the hopes of being named the U.K.'s best."
s15,TV Show,Crime Stories: India Detectives,,,,"September 22, 2021",2021,TV-MA,1 Season,"British TV Shows, Crime TV Shows, Docuseries",Cameras following Bengaluru police on the job offer a rare glimpse into the complex and challenging inner workings of four major crime investigations.
s18,TV Show,Falsa identidad,,"Luis Ernesto Franco, Camila Sodi, Sergio Goyri, Samadhi Zendejas, Eduardo Yáñez, Sonya Smith, Alejandro Camacho, Azela Robinson, Uriel del Toro, Géraldine Bazán, Gabriela Roel, Marcus Ornellas",Mexico,"September 22, 2021",2020,TV-MA,2 Seasons,"Crime TV Shows, Spanish-Language TV Shows, TV Dramas",Strangers Diego and Isabel flee their home in Mexico and pretend to be a married couple to escape his drug-dealing enemies and her abusive husband.
s20,TV Show,Jaguar,,"Blanca Suárez, Iván Marcos, Óscar Casas, Adrián Lastra, Francesc Garrido, Stefan Weinert, Julia Möller, Alicia Chojnowski",,"September 22, 2021",2021,TV-MA,1 Season,"International TV Shows, Spanish-Language TV Shows, TV Action & Adventure","In the 1960s, a Holocaust survivor joins a group of self-trained spies who seek justice against Nazis fleeing to Spain to hide after WWII."
s24,Movie,Go! Go! Cory Carson: Chrissy Takes the Wheel,"Alex Woo, Stanley Moore","Maisie Benson, Paul Killam, Kerry Gudjohnsen, AC Lim",,"September 21, 2021",2021,TV-Y,61 min,Children & Family Movies,"From arcade games to sled days and hiccup cures, Cory Carson’s curious little sister Chrissy speeds off on her own for fun and adventure all over town!"
s34,TV Show,Squid Game,,"Lee Jung-jae, Park Hae-soo, Wi Ha-jun, Oh Young-soo, Jung Ho-yeon, Heo Sung-tae, Kim Joo-ryoung, Tripathi Anupam, You Seong-joo, Lee You-mi",,"September 17, 2021",2021,TV-MA,1 Season,"International TV Shows, TV Dramas, TV Thrillers","Hundreds of cash-strapped players accept a strange invitation to compete in children's games. Inside, a tempting prize awaits — with deadly high stakes."
s38,TV Show,Angry Birds,,"Antti Pääkkönen, Heljä Heikkinen, Lynne Guaglione, Pasi Ruohonen, Rauno Ahonen",Finland,"September 16, 2021",2018,TV-Y7,1 Season,"Kids' TV, TV Comedies","Birds Red, Chuck and their feathered friends have lots of adventures while guarding eggs in their nest that pesky pigs keep trying to steal."
s81,Movie,Firedrake the Silver Dragon,Tomer Eshed,"Thomas Brodie-Sangster, Felicity Jones, Freddie Highmore, Patrick Stewart, Meera Syal, Sanjeev Bhaskar, Nonso Anozie",,"September 10, 2021",2021,TV-Y7,93 min,Children & Family Movies,"When his home is threatened by humans, a young dragon summons the courage to seek a mythical paradise where dragons can live in peace and fly free."
s89,Movie,Blood Brothers: Malcolm X & Muhammad Ali,Marcus Clarke,"Malcolm X, Muhammad Ali",,"September 9, 2021",2021,PG-13,96 min,"Documentaries, Sports Movies","From a chance meeting to a tragic fallout, Malcolm X and Muhammad Ali's extraordinary bond cracks under the weight of distrust and shifting ideals."
s94,Movie,JJ+E,Alexis Almström,"Elsa Öhrn, Mustapha Aarab, Jonay Pineda Skallak, Magnus Krepper, Loreen, Albin Grenholm, Simon Mezher, Elsa Bergström Terent, Josef Kadim, Yohannes Frezgi",,"September 8, 2021",2021,TV-MA,91 min,"Dramas, International Movies, Romantic Movies","Elisabeth and John-John live in the same city, but they inhabit different worlds. Can a passionate first love break through class and cultural barriers?"
s96,TV Show,The Circle,,Michelle Buteau,"United States, United Kingdom","September 8, 2021",2021,TV-MA,3 Seasons,Reality TV,"Status and strategy collide in this social experiment and competition show where online players flirt, befriend and catfish their way toward $100,000."
s100,TV Show,On the Verge,,"Julie Delpy, Elisabeth Shue, Sarah Jones, Alexia Landeau, Mathieu Demy, Troy Garity, Timm Sharp, Giovanni Ribisi","France, United States","September 7, 2021",2021,TV-MA,1 Season,"TV Comedies, TV Dramas","Four women — a chef, a single mom, an heiress and a job seeker — dig into love and work, with a generous side of midlife crises, in pre-pandemic LA."
s150,Movie,I Got the Hook Up,Michael Martin,"Master P, Anthony Johnson, Gretchen Palmer, Frantz Turner, Richard Keats, Joe Estevez, William Knight, Anthony Boswell, Tommy 'Tiny' Lister, Helen Martin, John Witherspoon, Mia X",United States,"September 1, 2021",1998,R,93 min,"Action & Adventure, Comedies","After getting their hands on a misdirected shipment of cell phones, two hustlers try to cash in by hawking the merchandise from the back of their van."
s170,Movie,Poseidon,Wolfgang Petersen,"Josh Lucas, Kurt Russell, Jacinda Barrett, Richard Dreyfuss, Emmy Rossum, Mía Maestro, Mike Vogel, Kevin Dillon, Freddy Rodríguez",United States,"September 1, 2021",2006,PG-13,98 min,"Action & Adventure, Dramas","A tidal wave spells disaster for a ship of New Year's Eve revelers when it capsizes the mammoth vessel, sending passengers into a battle for survival."
s186,Movie,Untold: Crime & Penalties,"Chapman Way, Maclain Way",,,"August 31, 2021",2021,TV-MA,86 min,"Documentaries, Sports Movies","They were the bad boys of hockey — a team bought by a man with mob ties, run by his 17-year-old son, and with a rep for being as violent as they were good."
s213,TV Show,Rebellion,,"Charlie Murphy, Ruth Bradley, Sarah Greene, Brian Gleeson, Michelle Fairley, Ian McElhinney, Michael Ford-FitzGerald, Paul Reid, Barry Ward, Tom Turner, Perdita Weeks, Andrew Simpson, Sophie Robinson",Ireland,"August 27, 2021",2016,TV-MA,2 Seasons,"International TV Shows, TV Dramas","As World War I rages, three women and their families in Dublin choose sides in the violent Easter Rising revolt against British rule."
s222,Movie,"Bob Ross: Happy Accidents, Betrayal & Greed",Joshua Rofé,Bob Ross,,"August 25, 2021",2021,TV-14,93 min,Documentaries,Bob Ross brought joy to millions as the world’s most famous art instructor. But a battle for his business empire cast a shadow over his happy trees.
s223,TV Show,Clickbait,Brad Anderson,"Zoe Kazan, Betty Gabriel, Adrian Grenier, Phoenix Raei, Abraham Lim, Jessica Collins, Camaron Engels, Jaylin Fletcher, Liz Alexander, Joyce Guy, Daniel Henshall, Ian Meadows, Jamie Timony, Steve Mouzakis, Becca Lish",,"August 25, 2021",2021,TV-MA,1 Season,"Crime TV Shows, TV Dramas, TV Mysteries","When family man Nick Brewer is abducted in a crime with a sinister online twist, those closest to him race to uncover who is behind it and why."
s234,Movie,Count Me In,Mark Lo,,United Kingdom,"August 24, 2021",2021,TV-MA,82 min,"Documentaries, Music & Musicals",This documentary features some of rock's greatest drummers as they come together in an inspiring rhythmic journey about the power of human connection.
s240,Movie,Boomika (Telugu),Rathindran R Prasad,"Aishwarya Rajesh, Vidhu, Surya Ganapathy, Madhuri, Pavel Navageethan, Avantika Vandanapu",,"August 23, 2021",2021,TV-14,122 min,"Horror Movies, International Movies, Thrillers","Paranormal activity at a lush, abandoned property alarms a group eager to redevelop the site, but the eerie events may not be as unearthly as they think."
s246,TV Show,Korean Cold Noodle Rhapsody,,Paik Jong-won,,"August 20, 2021",2021,TV-PG,1 Season,"Docuseries, International TV Shows","Refreshing and flavorful, naengmyeon is Korea's coolest summertime staple. A journey through its history begins, from how it's cooked to how it's loved."
s292,TV Show,SHAMAN KING,,"Yoko Hikasa, Katsuyuki Konishi, Megumi Hayashibara, Inuko Inuyama, Romi Park, Kosuke Takaguchi, Masahiko Tanaka, Wataru Takagi, Yuji Ueda, Megumi Nakajima, Takehito Koyasu, Yoko Soumi, Motoko Kumai, Yui Horie, Yuichi Nakamura, Nana Mizuki, Takumu Miyazono, Noriaki Kanze, Michiko Neya, Toru Sakurai, Rina Hidaka, Masakazu Morita, Minami Takayama",Japan,"August 9, 2021",2021,TV-14,1 Season,"Anime Series, International TV Shows","Medium Yoh Asakura enters a battle tournament held every 500 years, competing with other shamans in a bid to become the all-powerful Shaman King."
s305,Movie,Lady Boss: The Jackie Collins Story,Laura Fairrie,Jackie Collins,United Kingdom,"August 5, 2021",2021,TV-14,97 min,Documentaries,"""Queen of Sleaze"" or feminist pioneer? Powerhouse novelist Jackie Collins created a brash sex-positive persona while hiding her private struggles."
s316,Movie,Ije: The Journey,Chineze Anyaene,"Genevieve Nnaji, Omotola Jalade-Ekeinde, Odalys Garcia, Ulrich Que, Jeff Swarthout, Clem Ohameze, Ann D. Carey, Anahit Setian, Danielle Soibelman, Jon Morgan Woodward","United States, Nigeria","August 3, 2021",2010,TV-MA,106 min,"Dramas, International Movies","When her sister is accused of multiple murders, a Nigerian woman travels to Los Angeles to uncover the truth and fight for her sibling’s freedom."
s319,Movie,Shiny_Flakes: The Teenage Drug Lord,"Eva Müller, Michael Schmitt",Maximilian Schmidt,,"August 3, 2021",2021,TV-MA,97 min,"Documentaries, International Movies","Max S. reveals how he built a drug empire from his childhood bedroom in this story that inspired the series ""How to Sell Drugs Online (Fast)."""
s320,TV Show,The Prince Who Turns into a Frog,,"Joe Chen, Ming Dao, Sam Wang, Joyce Chao, Gino, Su Li-hsin, Wang Chuan, Ehlo Huang",Taiwan,"August 3, 2021",2005,TV-14,1 Season,"International TV Shows, Romantic TV Shows, TV Comedies","Before his wedding, a cold CEO is hit by a car and awakens a changed man. As he and the driver fall in love, more changes appear on the road ahead."
s322,TV Show,Two Fathers,,"Weber Yang, Lin Yo-Wei, Megan Lai, Amanda Chou, Lucia Xie, Cherry Leung",Taiwan,"August 3, 2021",2013,TV-14,1 Season,"International TV Shows, Romantic TV Shows, TV Comedies","When two single guys learn a woman they both slept with disappeared after giving birth, they decide to raise her baby girl together as a family."
s331,Movie,Cloudy with a Chance of Meatballs,"Phil Lord, Christopher Miller","Bill Hader, Anna Faris, James Caan, Andy Samberg, Bruce Campbell, Mr. T, Bobb'e J. Thompson, Benjamin Bratt, Neil Patrick Harris, Al Roker","United States, Canada","August 1, 2021",2009,PG,90 min,"Children & Family Movies, Comedies, Sci-Fi & Fantasy","When inventor Flint Lockwood makes clouds rain food, the citizens of Chewandswallow can feed themselves. But a bowl of disaster is about to overflow."
s334,Movie,Ferris Bueller's Day Off,John Hughes,"Matthew Broderick, Alan Ruck, Mia Sara, Jeffrey Jones, Jennifer Grey, Cindy Pickett, Lyman Ward, Edie McClurg, Charlie Sheen, Kristy Swanson, Ben Stein, Del Close",United States,"August 1, 2021",1986,PG-13,103 min,"Classic Movies, Comedies, Cult Movies","After faking an illness to skip school, popular teen Ferris Bueller enjoys a fun-filled day in Chicago with his girlfriend and his uptight best friend."
s347,Movie,Pineapple Express,David Gordon Green,"Seth Rogen, James Franco, Danny McBride, Kevin Corrigan, Craig Robinson, Gary Cole, Rosie Perez, Ed Begley Jr., Nora Dunn, Amber Heard",United States,"August 1, 2021",2008,R,112 min,"Action & Adventure, Comedies","After witnessing a murder, a perpetually stoned process server and his good-natured dealer go on the run from a drug lord who's out to kill them."
s354,Movie,The Haunting in Connecticut 2: Ghosts of Georgia,Tom Elkins,"Abigail Spencer, Chad Michael Murray, Katee Sackhoff, Emily Alyn Lind, Cicely Tyson, Andrea Frankle, Brad James, Lance E. Nichols",United States,"August 1, 2021",2013,R,101 min,Horror Movies,A couple's Georgia dream home becomes a living nightmare when their daughter begins to have frightening visions from the property's terrible past.
s361,Movie,Valentine's Day,Garry Marshall,"Jessica Alba, Kathy Bates, Jessica Biel, Bradley Cooper, Eric Dane, Patrick Dempsey, Hector Elizondo, Jamie Foxx, Jennifer Garner, Topher Grace, Anne Hathaway, Ashton Kutcher, Queen Latifah, Taylor Lautner, George Lopez, Shirley MacLaine, Emma Roberts, Julia Roberts, Taylor Swift",United States,"August 1, 2021",2010,PG-13,125 min,"Comedies, Romantic Movies",The tripwires of modern love are exposed in a carousel involving relationships and the single life on the most romantic day of the year: February 14.
s430,Movie,Sanitation Day,Seyi Babatope,"Blossom Chukwujekwu, Elozonam Ogbolu, Nse Ikpe-Etim, Belinda Effah, Saeed Mohammed, Chukwuemeka Okoroafor, Kunle Fawole, Chris Okagbue, Adebayo Salami, Charles Inojie, Elvina Ibru, Tobi Bakare",Nigeria,"July 21, 2021",2020,TV-14,105 min,"Dramas, International Movies, Thrillers",Two cops must contend with the uncooperative tenants of an apartment complex as they try to solve a murder before the crime scene is wiped clean.
s454,TV Show,BEASTARS,,"Chikahiro Kobayashi, Sayaka Senbongi, Yuki Ono, Atsumi Tanezaki, Junya Enoki, Yuma Uchida, Takeo Otsuka, Naoto Kobayashi, Yoshiyuki Shimozuma, Nobuhiko Okamoto, Fukushi Ochiai, Takaaki Torashima, Sayumi Watabe, Genki Muro, Yuichi Iguchi, Yuko Hara, Ikuto Kanemasa, Ouchi Akane, Hibiku Yamamura, Sakura Ando, Akio Otsuka, Mitsuaki Hoshino, Kenyu Horiuchi",Japan,"July 15, 2021",2021,TV-MA,2 Seasons,"Anime Series, International TV Shows","In a world where beasts of all kinds coexist, a gentle wolf awakens to his own predatory urges as his school deals with a murder within its midst."
s458,Movie,Lift Like a Girl,Mayye Zayed,,"Egypt, Denmark, Germany","July 15, 2021",2021,TV-PG,93 min,"Documentaries, International Movies, Sports Movies","With the guidance of her relentless coach, a teen weightlifter emerges from a scrappy training camp in Egypt to compete at the championship level."
s462,Movie,The Unknown Saint,Alaa Eddine Aljem,"Younes Bouab, Salah Bensalah, Bouchaib Essamak, Mohamed Naimane, Anas Elbaz, Hassan Ben Badida, Abdelghani Kitab, Ahmed Yarziz, Rachid El Adouani, Mohamed El Moutamassik, Abdel Ghani Benizza, Adam Morjany",,"July 15, 2021",2019,TV-14,100 min,"Comedies, Dramas, Independent Movies","Following a stint behind bars, a thief returns to where he buried his loot, only to find that his hiding spot is now a shrine to an unknown saint."
s466,TV Show,Heist,,,,"July 14, 2021",2021,TV-MA,1 Season,"Crime TV Shows, Docuseries",Millions in stolen cash. Missing luxury bourbon. Watch ordinary people almost get away with these extraordinary heists in this true crime series.
s484,Movie,Last Summer,,"Fatih Şahin, Ece Çeşmioğlu, Halit Özgür Sarı, Aslıhan Malbora, Eray Ertüren, Eren Ören, Ozan Kaya Oktu, Talha Öztürk, Merve Nur Bengi, Sümeyye Aydoğan",,"July 9, 2021",2021,TV-MA,102 min,"Dramas, International Movies, Romantic Movies","During summer vacation in a beachside town, 16-year-old Deniz seeks the affection of his childhood crush and navigates a love triangle."
s488,TV Show,The Cook of Castamar,,"Michelle Jenner, Roberto Enríquez, Hugo Silva, Maxi Iglesias, María Hervás, Agnès Llobet, Paula Usero, Jean Cruz, Óscar Rabadán, Fiorella Faltoyano, Nancho Novo, Silvia Abascal, Mónica López",,"July 9, 2021",2021,TV-MA,1 Season,"International TV Shows, Romantic TV Shows, Spanish-Language TV Shows","In 1720 Madrid, a talented cook catches the eye of a widowed duke just as he returns to aristocratic society. Based on the novel by Fernando J. Múñez."
s497,Movie,Brick Mansions,Camille Delamarre,"Paul Walker, David Belle, RZA, Gouchy Boy, Catalina Denis, Ayisha Issa, Carlo Rota, Andreas Apergis, Richard Zeman, Robert Maillet","France, Canada, United States, Spain","July 7, 2021",2014,PG-13,90 min,"Action & Adventure, International Movies",An undercover police detective partners with an ex-convict to take down a drug kingpin amid grime and crime in a walled-off Detroit housing project.
s510,TV Show,Ask the StoryBots,,"Judy Greer, Erin Fitzgerald, Fred Tatasciore, Jeff Gill, Gregg Spiridellis, Evan Spiridellis",United States,"July 6, 2021",2019,TV-Y,3 Seasons,Kids' TV,"Five curious little creatures track down the answers to kids' biggest questions, like how night happens or why we need to brush our teeth."
s512,TV Show,Chelsea,,,United States,"July 6, 2021",2017,TV-MA,2 Seasons,"Stand-Up Comedy & Talk Shows, TV Comedies","It's not her first talk show, but it is a first of its kind. Ideas, people and places that fascinate her, all in her unique style."
s539,TV Show,The A List,,"Lisa Ambalavanar, Ellie Duckles, Savannah Baker, Cian Barry, Eleanor Bennett, Jacob Dudman, Rosie Dwyer, Jack Kane, Max Lohan, Nneka Okoye, Micheal Ward, Georgina Sadler, Indianna Ryan",United Kingdom,"July 6, 2021",2021,TV-PG,2 Seasons,"British TV Shows, International TV Shows, TV Dramas","Romance, rivalry and radical mystery collide as a group of teens attend a remote island sleepaway camp in this suspenseful, supernatural drama."
s555,Movie,RattleSnake - The Ahanna Story,Ramsey Nouah,"Stan Nze, Osas Ighodaro, Bucci Franklin, Odera Adimorah, Efa Iwara, Emeka Nwagbaraocha, Elma Mbadiwe, Norbert Young, Brutus Richard, Chinyere Wilfred, Sonny McDon, Chiwetalu Agu",Nigeria,"July 2, 2021",2020,TV-MA,136 min,"Dramas, International Movies, Thrillers","In this stylish remake, a disillusioned mastermind assembles a team to pull off a series of spectacular heists — but his crimes make too many enemies."
s568,Movie,Congo,Frank Marshall,"Dylan Walsh, Laura Linney, Ernie Hudson, Tim Curry, Joe Don Baker, Grant Heslov, Adewale Akinnuoye-Agbaje, Mary Ellen Trainor",United States,"July 1, 2021",1995,PG-13,108 min,"Action & Adventure, Thrillers","Eight people, some with ulterior motives, go on an expedition to the Congo, where they find a lost city protected by killer apes."
s593,Movie,She's Out of My League,Jim Field Smith,"Jay Baruchel, Alice Eve, T.J. Miller, Mike Vogel, Nate Torrence, Krysten Ritter, Geoff Stults, Lindsay Sloane, Andrew Daly, Jasika Nicole, Kyle Bornheimer",United States,"July 1, 2021",2010,R,106 min,"Comedies, Romantic Movies","Kirk's a 5. His new girlfriend Molly's a 10. No one knows what she sees in him, including Kirk. Will his raging insecurities ruin this budding romance?"
s595,Movie,Star Trek,J.J. Abrams,"Chris Pine, Zachary Quinto, Karl Urban, Zoe Saldana, Simon Pegg, John Cho, Anton Yelchin, Eric Bana, Leonard Nimoy, Bruce Greenwood, Ben Cross, Winona Ryder","United States, Germany","July 1, 2021",2009,PG-13,128 min,"Action & Adventure, Sci-Fi & Fantasy","On their first voyage aboard the starship Enterprise, cocky rebel James T. Kirk and logic-driven Vulcan Spock try to defeat a vengeful Romulan commander."
s624,Movie,Mommy Issues,Jose Javier Reyes,"Pokwang, Sue Ramirez, Jerome Ponce, Ryan Bang, Gloria Diaz",,"June 30, 2021",2021,TV-MA,90 min,"Comedies, Dramas, International Movies",Close quarters and new romances add trouble to the rocky relationship between a high-strung young woman and her demanding mother.
s625,Movie,Prime Time,Jakub Piątek,"Bartosz Bielenia, Magdalena Popławska, Andrzej Kłak, Małgorzata Hajewska, Dobromir Dymecki, Monika Frajczyk, Cezary Kosiński, Adam Nawojczyk, Juliusz Chrząstowski",,"June 30, 2021",2021,TV-MA,92 min,"Dramas, International Movies, Thrillers","On New Year’s Eve 1999, an armed man enters a TV studio during a broadcast, takes the host hostage and makes one demand: to give a message live on air."
s638,TV Show,Ray,"Srijit Mukherji, Vasan Bala, Abhishek Chaubey","Manoj Bajpayee, Gajraj Rao, Kay Kay Menon, Ali Fazal, Harshvardhan Kapoor, Radhika Madan, Shweta Basu Prasad, Chandan Roy Sanyal, Akansha Ranjan Kapoor, Rajesh Sharma, Bidita Bag, Kharaj Mukherjee, Dibyendu Bhattacharya, Shruthy Menon, Anindita Bose, Neeraj Purohit, Loveleen Mishra, Raghuvir Yadav, Manoj Pahwa",,"June 25, 2021",2021,TV-MA,1 Season,"International TV Shows, TV Dramas, TV Mysteries","From a satire to a psychological thriller, four short stories from celebrated auteur and writer Satyajit Ray are adapted for the screen in this series."
s648,TV Show,The Parisian Agency: Exclusive Properties,,"Olivier Kretz, Sandrine Kretz, Valentin Kretz, Martin Kretz, Louis Kretz",,"June 23, 2021",2021,TV-G,1 Season,"International TV Shows, Reality TV",This reality series follows the Kretz family and their luxury property business as they help clients buy and sell fabulous homes in France and abroad.
s665,TV Show,Cleo & Cuquin,Fernando Moro,,Spain,"June 19, 2021",2020,TV-Y,2 Seasons,Kids' TV,Spirited sister-brother duo Cleo and Cuquín try on different professions each day to help their other siblings solve problems and enjoy new adventures.
s669,TV Show,Hap and Leonard,,"James Purefoy, Michael Kenneth Williams, Jimmi Simpson, Bill Sage, Christina Hendricks, Pollyanna McIntosh, Jeff Pope, Neil Sandilands, Henry G. Sanders, Enrique Murciano",United States,"June 19, 2021",2018,TV-MA,3 Seasons,"Crime TV Shows, TV Dramas","In late-1980s Texas, two best friends get involved in darkly comic misadventures by hiring themselves out to shady clients for illicit ends."
s683,TV Show,Why Are You Like This,,"Naomi Higgins, Olivia Junkeer, Wil King",Australia,"June 19, 2021",2021,TV-MA,1 Season,"International TV Shows, TV Comedies","Three best friends negotiate work, fun, identity politics, hookups and wild nights out in this razor-sharp satire of 20-something life in Melbourne."
s719,Movie,Life of Crime,Daniel Schechter,"Jennifer Aniston, Mos Def, Isla Fisher, Will Forte, Mark Boone Junior, Tim Robbins, John Hawkes, Clea Lewis, Charlie Tahan, Kevin Corrigan",United States,"June 15, 2021",2013,R,101 min,"Comedies, Independent Movies","After two small-time crooks kidnap and ransom a rich businessman's wife, they discover a flaw in their plan: Her cheating husband doesn't want her back."
s731,Movie,Cobra Kai - The Afterparty,,"David Spade, London Hughes, Fortune Feimster",,"June 12, 2021",2021,TV-MA,34 min,Movies,"Ralph Macchio, William Zabka and more from the ""Cobra Kai"" cast drop by to chat Season 3 (spoilers ahead!), followed by Bill Burr of ""F Is for Family."""
s734,TV Show,LEGO Friends: The Power of Friendship,,"Erica Mendez, Marianne Miller, Rachelle Heger, Millie O'Conner, Alexa Kahn, Doug Stone, Chris Smith, Bryce Papenbrook, Heather Downey, Chris Hackney, Ben Pronsky",Denmark,"June 11, 2021",2016,TV-Y7,2 Seasons,Kids' TV,"Five best friends face adventures side by side in their hometown. Zany antics, love and missteps are better with friends!"
s737,Movie,Skater Girl,Manjari Makijany,"Rachel Saanchita Gupta, Amy Maghera, Shafin Patel, Ambrish Saxena, Swati Das, Jonathan Readwin, Ankit Yadav, Anurag Arora, Vinayak Gupta, Vivek Yadav, Waheeda Rehman","United States, India","June 11, 2021",2021,PG,110 min,"Children & Family Movies, Dramas, International Movies","When a teen in rural India discovers a life-changing passion for skateboarding, she faces a rough road as she follows her dream to compete."
s749,TV Show,"Fresh, Fried & Crispy",,,United States,"June 9, 2021",2021,TV-PG,1 Season,Reality TV,"Passionate about food and ready for fun, critic Daym Drops drops in on America's smokin' hot spots for the best, freshest takes on fried food."
s759,TV Show,Feel Good,Ally Pankiw,"Mae Martin, Charlotte Ritchie, Lisa Kudrow, Sophie Thompson, Tom Andrews, Tobi Bamtefa, Phil Burgers, Ophelia Lovibond, Adrian Lukis, Ritu Arya, Ramon Tikaram",United Kingdom,"June 4, 2021",2021,TV-MA,2 Seasons,"Romantic TV Shows, TV Comedies, TV Dramas","Stand-up comic Mae Martin navigates a passionate, messy new relationship with her girlfriend, George, while dealing with the challenges of sobriety."
s762,TV Show,Human: The World Within,,,,"June 4, 2021",2021,TV-PG,1 Season,"Docuseries, Science & Nature TV",Cutting-edge science and captivating personal stories collide in this illuminating docuseries about the incredible workings of the human body.
s765,Movie,Trippin' with the Kandasamys,Jayan Moodley,"Jailoshini Naidoo, Maeshni Naicker, Madhushan Singh, Mishqah Parthiephal, Koobeshan Naidoo, Yugan Naidoo, Mariam Bassa, Uraysha Ramrachia",South Africa,"June 4, 2021",2021,TV-14,94 min,"Comedies, International Movies, Romantic Movies","To rekindle their marriages, best friends-turned-in-laws Shanthi and Jennifer plan a couples' getaway. But it comes with all kinds of surprises."
s767,Movie,Alan Saldaña: Locked Up,Alex Díaz,Alan Saldaña,Mexico,"June 3, 2021",2021,TV-MA,49 min,Stand-Up Comedy,"Mexican comedian Alan Saldaña is back, poking gentle fun at himself and parceling advice, especially about how to stay married and how to be parents."
s829,Movie,Collateral Beauty,David Frankel,"Will Smith, Edward Norton, Kate Winslet, Michael Peña, Helen Mirren, Naomie Harris, Keira Knightley, Jacob Latimore, Ann Dowd, Liza Colón-Zayas",United States,"May 28, 2021",2016,PG-13,97 min,Dramas,An advertising executive wrestling with grief finds meaning by writing letters to unconventional recipients as caring colleagues plot a ruse.
s834,TV Show,Black Space,,"Guri Alfi, Shai Avivi, Assi Levy, Reut Alush, Meirav Shirom, Yoav Rotman, Liana Ayoun, Noam Karmeli, Hadas Jade Sakori, Yehonatan Vilozny, Gily Itskovitch, Oneg Efron, Suzanna Papian, Ori Biton, Nir Hasdai, Leib Lev Levin, Eyal Shikratzi",Israel,"May 27, 2021",2021,TV-MA,1 Season,"Crime TV Shows, International TV Shows, TV Dramas",A rogue detective with unorthodox means leads an investigation into a massacre committed by unicorn mask-wearing assassins at an Israeli high school.
s842,Movie,Gatao - The Last Stray,Ray Jiang,"Cheng Jen-shuo, Nikki Hsieh, Jack Kao, Lung Shao-hua, Alan Kuo, Alex Ko, Huang Shang-ho, Gary Tang, Chang Zhang-xing, Panda Wu, Samuel Ku, Justin Sheng",,"May 26, 2021",2021,TV-MA,120 min,"Action & Adventure, Dramas, International Movies",Romance unexpectedly blossoms when a freelance photographer arrives late to her assignment at a full moon celebration thrown for a mob boss's newborn.
s857,Movie,Strain,Uduak-Obong Patrick,"Okey Uzoeshi, Angel Unigwe, Nifemi Lawal, Alex Usifo, Gloria Anozie-Young, Shushu Abubakar, Aproko Doctor",,"May 21, 2021",2020,TV-MA,107 min,"Dramas, International Movies","When his son is diagnosed with sickle cell disease, a man and his family struggle to face a new reality as they rediscover their shared love."
s867,Movie,Small Town Crime,"Eshom Nelms, Ian Nelms","John Hawkes, Anthony Anderson, Octavia Spencer, Robert Forster, Clifton Collins Jr., Jeremy Ratchford, James Lafferty, Michael Vartan, Daniel Sunjata, Don Harvey, Stefanie Scott, Caity Lotz, Dale Dickey",United States,"May 19, 2021",2017,R,92 min,Thrillers,"When a disgraced ex-cop discovers a dying woman, he's compelled to track down her killer — an act of self-redemption that takes him down a dark path."
s880,TV Show,Halston,Daniel Minahan,"Ewan McGregor, Bill Pullman, Rebecca Dayan, David Pittu, Krysta Rodriguez, Rory Culkin, Vera Farmiga, Gian Franco Rodriguez, Sullivan Jones, Kelly Bishop, Dilone, James Waterston, Jason Kravits, Mary Beth Peil",United States,"May 14, 2021",2021,TV-MA,1 Season,TV Dramas,His name built an empire. His style defined an era. American fashion designer Halston skyrockets to fame before his life starts to spin out of control.
s922,TV Show,StartUp,,"Adam Brody, Edi Gathegi, Otmara Marrero, Martin Freeman, Ron Perlman, Addison Timlin, Mira Sorvino",United States,"May 4, 2021",2018,TV-MA,3 Seasons,"Crime TV Shows, TV Dramas",An attempt to launder stolen money finances a cryptocurrency that puts entrepreneurs in business with a corrupt FBI agent and a Miami gang.
s928,TV Show,Barney and Friends,,"Bob West, Julie Johnson, David Joyner, Jeff Ayers, Dean Wendt, Carey Stinson, Patty Wirtz, Emilio Mazur",,"May 1, 2021",2010,TV-Y,2 Seasons,Kids' TV,"Barney the purple dinosaur, Baby Bop and B.J. are still bringing smiles to kids' faces with their nonstop adventures, stories, games and guests."
s933,Movie,Green Zone,Paul Greengrass,"Matt Damon, Greg Kinnear, Brendan Gleeson, Amy Ryan, Khalid Abdalla, Jason Isaacs, Said Faraj, Michael O'Neill, Igal Naor, Raad Rawi","United Kingdom, France, Spain, United States","May 1, 2021",2010,R,115 min,Action & Adventure,"A US Army officer uncovers a conspiracy about weapons of mass destruction in Iraq, launching a crusade that creates enemies within his own military."
s966,TV Show,Yasuke,,"LaKeith Stanfield, Takehiro Hira, Maya Tanida, Ian Chen, Gwendoline Yeo, Ming-Na Wen, Noshir Dalal, Paul Nakauchi, Darren Criss, Dia Frampton, William Christopher Stephens, Julie Marcus, Greg Chun, Dan Donohue, Johnny Yong Bosch, Michael Sinterniklaas, Amy Hill, Emily Woo Zeller, Keone Young",,"April 29, 2021",2021,TV-MA,1 Season,"Anime Series, International TV Shows",A peaceful boatman once known as the Black Samurai is pulled back into conflict when he takes a little girl with mysterious powers under his wing.
s995,Movie,This Lady Called Life,Kayode Kasum,"Bisola Aiyeola, Efa Iwara, Molawa Onajobi, Tina Mba, Wale Ojo, Jemima Osunde, Lota Chukwu, Samuel Asa'ah, Michael Ejoor, Uche Elumelu",Nigeria,"April 23, 2021",2020,TV-14,120 min,"Dramas, International Movies, Romantic Movies","Abandoned by her family, young single mother Aiye struggles to survive but stays focused on her dream of becoming an elite chef."
s1003,Movie,Tell Me When,Gerardo Gatica,"Jesús Zavala, Ximena Romo, Verónica Castro, José Carlos Ruiz, Gabriel Nuncio, Rosa María Bianchi, Héctor Bonilla, Andrés Almeida",Mexico,"April 21, 2021",2021,TV-MA,97 min,"Comedies, International Movies",Workaholic Will puts his humdrum life in LA on hold to fulfill his grandpa's last wish: visiting Mexico City's most iconic sights and falling in love.
s1006,Movie,Keymon and Nani in Space Adventure,,,,"April 20, 2021",2013,TV-Y,76 min,"Children & Family Movies, Comedies","For Rohan and his magical pal, Keymon, a trip to visit their grandmother turns into the rescue mission of a lifetime when she is kidnapped by aliens!"
s1011,Movie,Rudra: The Rise of King Pharaoh,,"Shailendra Pandey, Rohan, Mukesh Pandey, Bhakti, Shalini, Ghanshyam Shukla, Sabina Malik",,"April 20, 2021",2019,TV-Y7,91 min,Children & Family Movies,"When a malicious, resurrected mummy begins to steal the energy of young people in Mumbai, kid magician Rudra must use his special powers to stop him."
s1018,Movie,Dhobi Ghat (Mumbai Diaries),Kiran Rao,"Aamir Khan, Monica Dogra, Kriti Malhotra, Prateik Babbar, Aasha Pawar, Jyoti Pawar, Norma Lobo, Kitu Gidwani, Danish Husain, Jehan Manekshaw",India,"April 17, 2021",2010,TV-MA,102 min,"Dramas, International Movies","In this intimate drama, circumstances draw together four people from different castes – which would normally preclude them from forming friendships."
s1023,Movie,Taare Zameen Par,Aamir Khan,"Aamir Khan, Darsheel Safary, Tanay Chheda, Tisca Chopra, Vipin Sharma, Girija Oak, M.K. Raina",India,"April 17, 2021",2007,PG,162 min,"Dramas, International Movies","When daydreamer Ishaan is sent to boarding school, an unconventional art teacher tries to help the imaginative student discover his true identity."
s1035,Movie,Synchronic,"Justin Benson, Aaron Moorhead","Anthony Mackie, Jamie Dornan, Katie Aselton, Ally Ioannides, Ramiz Monsef, Bill Oberst Jr.",United States,"April 16, 2021",2020,R,102 min,Thrillers,Two paramedics begin to question their realities after coming across several bizarre deaths linked to a new narcotic with mind-bending effects.
s1047,Movie,Only Mine,Michael Civille,"Amber Midthunder, Brett Zimmerman, Chris Browning, Walter Fauntleroy, Claudia Ferri, Lorenzo James Henrie, Ellen Wroe, Ashley Holliday Tavares, Nancy Linehan Charles, Jonna Walsh",United States,"April 15, 2021",2019,TV-14,88 min,Thrillers,"After dating a charming cop who turns into an obsessive stalker, a small-town girl must save herself from his deadly ways."
s1056,Movie,Zoot Suit,Luis Valdez,"Daniel Valdez, Edward James Olmos, Charles Aidman, Tyne Daly, John Anderson, Abel Franco, Mike Gomez, Francis X. McCarthy, Alma Martínez, Lupe Ontiveros, Tony Plana",United States,"April 15, 2021",1981,R,103 min,"Cult Movies, Dramas, Music & Musicals","In this drama based on a 1940s trial, the members of a Mexican American gang are sentenced to San Quentin for a murder they may not have committed."
s1057,TV Show,Ajaibnya Cinta,,,,"April 14, 2021",2015,TV-PG,1 Season,"International TV Shows, TV Dramas","Upon returning home from his studies abroad, young grad Akif finds himself involved with four women in this continuation of the series ""Spain Uoolss."""
s1058,TV Show,Dad Stop Embarrassing Me!,,"Jamie Foxx, David Alan Grier, Kyla-Drew, Porscha Coleman, Jonathan Kite, Heather Hemmens, Valente Rodriguez",United States,"April 14, 2021",2021,TV-14,1 Season,TV Comedies,A single dad and cosmetics brand owner figures out fatherhood on the fly when his strong-minded teen daughter moves in with him.
s1069,TV Show,Unnatural Selection,,,United States,"April 14, 2021",2019,TV-MA,1 Season,"Docuseries, Science & Nature TV","From eradicating disease to selecting a child’s traits, gene editing gives humans the chance to hack biology. Meet the real people behind the science."
s1072,Movie,Motu Patlu in Hong Kong: Kung Fu Kings 3,Suhas Kadav,"Saurav Chakraborty, Sankalp Rastogi, Anamaya Varma, Aditya Raaj, Manoj Pandey",,"April 13, 2021",2017,TV-Y7,84 min,"Children & Family Movies, Music & Musicals","With a dangerous villain to defeat in Hong Kong, Motu takes his martial arts skills to the next level, training with a boneless master to face the foe."
s1076,TV Show,My Love: Six Stories of True Love,"Moyoung Jin, Caroline Sá, Deepti Kakkar, Fahad Mustafa, Hikaru Toda, Chico Pereira, Elaine McMillion Sheldon",,"United States, Brazil, Japan, Spain, India","April 13, 2021",2021,TV-PG,1 Season,Docuseries,Six longtime couples in different parts of the world share their decades-long love in these tender portraits filmed over the course of one year.
s1077,Movie,Shiva VS Autobots,Suhas Kadav,,,"April 13, 2021",2018,TV-Y7,80 min,Children & Family Movies,"When an evil enemy gains control of a gadget that sends vehicles destructively spinning out of control, kid superhero Shiva must stop the chaos!"
s1079,Movie,Shiva: The Secret World Of Vedas City,Suhas Kadav,,,"April 13, 2021",2017,TV-Y,78 min,Children & Family Movies,"When the residents of Vedas are ordered to evacuate by a prince who claims the town as his own, young Shiva sets out to save the city and its citizens."
s1085,TV Show,Heaven Official's Blessing,,"Jiang Guangtao, Ma Zhengyang, Wen Sen, Hu Liangwei, Huang Ying",China,"April 9, 2021",2020,TV-14,1 Season,"Anime Series, International TV Shows, Romantic TV Shows","Banished to the mortal realm to exorcise ghosts, a deity must reckon with a demon and soon uncovers a dark secret behind the heavenly gods."
s1091,Movie,Story of Kale: When Someone's in Love,Angga Dwimas Sasongko,"Ardhito Pramono, Aurélie Moeremans, Arya Saloka, Roy Sungkono, Gilbert Pohan, Azizah Hanum, Tanta Ginting",Indonesia,"April 8, 2021",2020,TV-PG,78 min,"Dramas, International Movies, Romantic Movies","After leaving a toxic relationship, Dinda embarks on a romance with Kale, whose view on love soon shatters as he wrestles with his own insecurities."
s1116,Movie,Ferrari Ki Sawaari,Rajesh Mapuskar,"Sharman Joshi, Boman Irani, Ritwik Sahore, Paresh Rawal, Deepak Shirke, Satyadeep Misra, Aakash Dabhade, Nilesh Diwekar, Vidya Balan",India,"April 1, 2021",2012,TV-PG,133 min,"Comedies, International Movies, Sports Movies",A father winds up involved with a stolen Ferrari as he tries to acquire the money to send his son to the leading cricket academy.
s1124,TV Show,Magical Andes,,,"Uruguay, Germany","April 1, 2021",2021,TV-G,2 Seasons,"Docuseries, International TV Shows, Science & Nature TV","From Argentina to Colombia, this stunning documentary follows five characters who share their deep connection to South America's majestic mountains."
s1128,TV Show,Prank Encounters,,Gaten Matarazzo,United States,"April 1, 2021",2021,TV-MA,2 Seasons,"Reality TV, TV Comedies, TV Horror",Monstrous frights meet hilarious reveals on this hidden-camera prank show as real people become the stars of their own full-blown horror movie.
s1140,Movie,The Stepfather,Nelson McCormick,"Dylan Walsh, Sela Ward, Penn Badgley, Amber Heard, Sherry Stringfield, Paige Turco, Jon Tenney, Nancy Linehan Charles, Marcuis Harris, Braeden Lemasters, Deirdre Lovejoy",United States,"April 1, 2021",2009,PG-13,102 min,"Horror Movies, Thrillers",A series of mysterious events makes a teenager suspect that his mother's new boyfriend may be a dangerous serial killer known for preying on families.
s1148,Movie,Not a Game,Jose Gomez,Brendon Mcdonnell,United Kingdom,"March 31, 2021",2020,TV-MA,98 min,"Documentaries, International Movies, Sports Movies","This documentary offers an honest look at our fraught, complex relationship to video games from the perspectives of gamers and their concerned parents."
s1150,TV Show,Yu-Gi-Oh!,,"Dan Green, Eric Stuart, Amy Birnbaum, Darren Dunstan, Wayne Grayson, Tara Sands, Lisa Ortiz, Megan Hollingshead, Madeleine Blaustein, Sam Riegel, Ted Lewis, Gregory Abbey, Jimmy Zoppi",Japan,"March 31, 2021",2005,TV-Y7,1 Season,"Anime Series, Kids' TV","The lives of young Yugi Moto and his friends Joey, Tristan, and Téa are forever changed when a fantasy card game becomes their reality."
s1163,Movie,Keeping the Bees,Eylem Kaftan,"Meryem Uzerli, Feyyaz Duman, Hakan Karsak, Şennur Nogaylar, Burcu Salihoğlu",Turkey,"March 26, 2021",2020,TV-14,93 min,"Dramas, International Movies",Ayşe returns from Germany to her Black Sea hometown and sets out to fulfill her mom's dying wish — to care for her beloved bee farms.
s1176,Movie,Philomena,Stephen Frears,"Judi Dench, Steve Coogan, Sophie Kennedy Clark, Mare Winningham, Barbara Jefford, Ruth McCabe, Peter Hermann, Sean Mahon, Anna Maxwell Martin, Michelle Fairley, Kate Fleetwood","United Kingdom, United States, France","March 22, 2021",2013,PG-13,98 min,"Dramas, Independent Movies, International Movies",A kind-hearted Irishwoman teams with an acerbic journalist to find the son she was forced to give up for adoption 50 years ago.
s1189,Movie,Get the Goat,Vitor Brandt,"Matheus Nachtergaele, Edmilson Filho, Letícia Lima, Leandro Ramos, Evelyn Castro, Valéria Vitoriano, Victor Allen, Renan Medeiros, Eyrio Okura, Jéssica Tamochunas, Marcondes Falcão, Juliano Cazarré",Brazil,"March 18, 2021",2021,TV-14,98 min,"Action & Adventure, Comedies, International Movies","Two hapless cops find themselves in over their heads as they cross paths with dangerous criminals while searching for Celestina, a beloved goat mascot."
s1196,Movie,Operation Varsity Blues: The College Admissions Scandal,Chris Smith,Matthew Modine,United States,"March 17, 2021",2021,R,100 min,Documentaries,Reenactments drive this documentary investigating the mastermind behind a scam to get the kids of rich and famous families into top US universities.
s1200,Movie,Savages,Oliver Stone,"Taylor Kitsch, Aaron Taylor-Johnson, Blake Lively, John Travolta, Benicio Del Toro, Salma Hayek, Demián Bichir, Sandra Echeverría, Emile Hirsch, Joaquín Cosío, Ali Wong",United States,"March 16, 2021",2012,R,131 min,"Dramas, Thrillers","With the help of a shady DEA agent, two weed entrepreneurs take on a merciless cartel leader who wants in on their business and kidnaps their lover."
s1220,Movie,You're Everything To Me,Tolga Örnek,"Tolga Çevik, Cengiz Bozkurt, Melis Birkan, Tuna Çevik",Turkey,"March 12, 2021",2016,TV-PG,107 min,"Comedies, Dramas, Independent Movies","When an old fling shows up with their infant child, a dallying man-child must take on the role of father and create a fairytale world for his daughter."
s1227,TV Show,The Houseboat,,"Olli Schulz, Fynn Kliemann",Germany,"March 9, 2021",2021,TV-14,1 Season,"Docuseries, International TV Shows","With plenty of passion and little know-how, two musicians undertake a daunting project: turn a late singer's houseboat into a creative musical space."
s1254,Movie,LEGO Marvel Spider-Man: Vexed by Venom,"Andrew Duncan, Ken Cunningham","Robbie Daymond, Ben Pronsky, Josh Keaton, Tara Strong, Jennifer Hale, Laura Bailey",United States,"March 1, 2021",2019,TV-Y,22 min,"Children & Family Movies, Comedies","When Green Goblin and Venom team up for a disastrous scheme, Spider-Man calls in a wall-crawling ally and must rely on his Spidey senses to stop them."
s1288,Movie,Fate: The Winx Saga - The Afterparty,,"David Spade, London Hughes, Fortune Feimster, Abigail Cowen, Hannah Van Der Westhuysen, Precious Mustapha, Eliot Salt, Elisha Applebaum",United Kingdom,"February 20, 2021",2021,TV-14,36 min,"Comedies, Dramas","Stars of the fiery hit discuss the show's magic, play trivia and chow down on hot wings. Then, Taylor Tomlinson shares how she would use fairy powers."
s1298,Movie,No Escape Room,Alex Merkin,"Jeni Ross, Mark Ghanimé, Hamza Haq, Kathyrn Davis, Dennis Andres, Brianna Barnes",United States,"February 18, 2021",2018,TV-14,85 min,Horror Movies,A lighthearted bonding opportunity takes a dark and decidedly dangerous turn when a father and daughter try out an escape room in a small town.
s1314,TV Show,Buried by the Bernards,,,United States,"February 12, 2021",2021,TV-14,1 Season,Reality TV,"In this reality series, the bickering but big-hearted Bernards manage their budget-friendly funeral home while helping grieving families say farewell."
s1323,Movie,Growing up and other problems,Clara Martínez-Lázaro,"Silvia Alonso, Bárbara Goenaga, María Esteve, Vito Sanz, Francesco Carril",Spain,"February 11, 2021",2018,TV-14,91 min,"Comedies, Dramas, International Movies",A 30-something woman without a steady partner or income samples stability when her pregnant best friend asks her to be the godmother of her child.
s1340,TV Show,Invisible City,,"Marco Pigossi, Alessandra Negrini, Fábio Lago, Jéssica Córes, Jimmy London, Wesley Guimarães, Áurea Maranhão, Julia Konrad, Thaia Perez, Manu Dieguez, José Dumont, Tainá Medina, Rafael Sieg, Samuel de Assis, Victor Sparapane",Brazil,"February 5, 2021",2021,TV-MA,1 Season,"Crime TV Shows, International TV Shows, TV Dramas","After a family tragedy, a man discovers mythical creatures living among humans — and soon realizes they hold the key to his mysterious past."
s1347,Movie,All My Friends Are Dead,Jan Belcl,"Julia Wieniawa-Narkiewicz, Mateusz Więcławek, Adam Graf Turczyk, Monika Krzywkowska, Nikodem Rozbicki, Kamil Piotrowski, Adam Bobik, Paulina Gałązka, Magdalena Perlińska, Katarzyna Chojnacka, Konrad Żygadło, Szymon Roszak, Michał Sikorski, Aleksandra Pisula, Wojciech Łozowski, Michał Meyer, Adam Woronowicz",Poland,"February 3, 2021",2020,TV-MA,97 min,"Comedies, Dramas, International Movies","A group of friends at a New Year’s Eve party go through a whirlwind of events that exposes secrets, breaks hearts — and leads to a shocking outcome."
s1350,TV Show,"Pablo Escobar, el patrón del mal",,"Andrés Parra, Angie Cepeda, Cecilia Navia, Vicky Hernández, Christian Tappan, Rodolfo Silva, Tommy Vásquez, Toto Vega, Nicolás Montero, Marcela Gallego",Colombia,"February 3, 2021",2012,TV-MA,1 Season,"Crime TV Shows, International TV Shows, Spanish-Language TV Shows","From his days as a petty thief to becoming head of a drug-trafficking empire, this riveting series charts the life of the infamous Pablo Escobar."
s1370,Movie,Finding ‘Ohana,Jude Weng,"Kea Peahu, Alex Aiono, Lindsay Watson, Owen Vaccaro, Kelly Hu, Branscombe Richmond, Ke Huy Quan, Brad Kalilimoku, Chris Parnell, Marc Evan Jackson, Ricky Garcia",United States,"January 29, 2021",2021,PG,123 min,"Children & Family Movies, Comedies","In Oʻahu for the summer, two siblings from Brooklyn connect with their Hawaiian heritage — and their family — on a daring quest for long-lost treasure."
s1373,Movie,June & Kopi,Noviandra Santosa,"Acha Septriasa, Ryan Delon, Makayla Rose Hilli, TJ",Indonesia,"January 28, 2021",2021,TV-PG,90 min,"Children & Family Movies, Dramas, International Movies","A street dog is taken in by a young couple, and the family pit becomes an instant accomplice as she adjusts to her new, loving home."
s1407,Movie,Penguins of Madagascar: The Movie,"Eric Darnell, Simon J. Smith","Tom McGrath, Christopher Knights, Chris Miller, Conrad Vernon, John Malkovich, Benedict Cumberbatch, Ken Jeong, Annet Mahendru, Peter Stormare",United States,"January 15, 2021",2014,PG,92 min,"Children & Family Movies, Comedies","Elite penguin spies Skipper, Kowalski, Rico and Private join forces with the suave agents of the North Wind to defeat power-mad genius Octavius Brine."
s1418,Movie,Al acecho,Francisco D'Eufemia,"Rodrigo de la Serna, Belen Blanco, Walter Jakob, Facundo Aquinos, Patricia Calisaya",Argentina,"January 12, 2021",2019,TV-MA,81 min,"International Movies, Thrillers","Looking for a fresh start, a park ranger gets a new assignment. When he discovers a network of poachers, survival depends on his lethal instincts."
s1422,Movie,The Intouchables,"Olivier Nakache, Éric Toledano","François Cluzet, Omar Sy, Anne Le Ny, Audrey Fleurot, Joséphine de Meaux, Clotilde Mollet, Alba Gaïa Kraghede Bellugi, Cyril Mendy",France,"January 11, 2021",2011,R,112 min,"Comedies, Dramas, International Movies","In need of a caregiver, a wealthy aristocrat with quadriplegia hires the last person anyone expects: an ex-con with no experience. Based on a true story."
s1431,TV Show,Pretend It’s a City,,Fran Lebowitz,United States,"January 8, 2021",2021,TV-14,1 Season,Docuseries,"Wander the New York City streets and fascinating mind of wry writer, humorist and raconteur Fran Lebowitz as she sits down with Martin Scorsese."
s1447,Movie,Bad Grandpa .5,Jeff Tremaine,"Johnny Knoxville, Jackson Nicoll, Greg Harris, Georgina Cates, Kamber Hejlik, Jill Killington, Madison Davis, George Faughnan, Spike Jonze, Catherine Keener",United States,"January 1, 2021",2014,TV-MA,87 min,Comedies,"The geriatric antics of Irving Zisman continue in this next installment of the Jackass franchise, which features unused footage from the first film."
s1473,Movie,Bobby Jasoos,Samar Shaikh,"Vidya Balan, Ali Fazal, Supriya Pathak, Tanvi Azmi, Zarina Wahab, Kiran Kumar, Rajendra Gupta, Arjan Bajwa, Prasad Barve, Aakash Dahiya",India,"December 31, 2020",2014,TV-14,116 min,"Comedies, Dramas, International Movies","With unlimited determination and zero field experience, a small-town detective accepts a lucrative case from a mysterious – and suspicious – stranger."
s1484,TV Show,A Love So Beautiful,,"Kim Yo-han, So Joo-yeon, Yeo Hoi-hyun, Jeong Jin-hwan, Jo Hye-joo, Yun Seo-hyun, Cho Ryun, Kim Sung-gon, Seong Hye-min, Park Ji-won",South Korea,"December 28, 2020",2020,TV-PG,1 Season,"International TV Shows, Romantic TV Shows, TV Comedies","Love is as tough as it is sweet for a lovestruck teenager, whose relationship with her next-door neighbor transforms as they grow into adulthood."
s1492,Movie,AK vs AK,Vikramaditya Motwane,"Anil Kapoor, Anurag Kashyap",India,"December 25, 2020",2020,TV-MA,109 min,"Comedies, Dramas, International Movies","After a public spat with a movie star, a disgraced director retaliates by kidnapping the actor’s daughter, filming the search for her in real time."
s1514,Movie,Atlas Shrugged: Part II,John Putch,"Samantha Mathis, Jason Beghe, Esai Morales, Patrick Fabian, Kim Rhodes, Richard T. Jones, D.B. Sweeney, Paul McCrane, John Rubinstein, Robert Picardo",United States,"December 19, 2020",2012,PG-13,112 min,Dramas,"With the world's economy in dire straits, corporate protagonist Dagny Taggart searches for a solution amid the rubble of a long-abandoned factory."
s1517,TV Show,Home for Christmas,,"Ida Elise Broch, Gabrielle Susanne Solheim Leithaug, Dennis Storhøi, Anette Hoff, Felix Sandman, Ghita Nørby, Hege Schøyen, Bjørn Skagestad, Mads Sjøgård Pettersen",Norway,"December 18, 2020",2020,TV-MA,2 Seasons,"International TV Shows, Romantic TV Shows, TV Comedies","Tired of the constant comments on her relationship status, perpetually single Johanne starts a 24-day hunt for a boyfriend to bring home for Christmas."
s1528,TV Show,Morphle,,,Netherlands,"December 17, 2020",2020,TV-Y,2 Seasons,"British TV Shows, Kids' TV","Little Mila turns playtime into a series of fun and educational adventures with her magical pet Morphle, who transforms into anything she dreams up!"
s1531,TV Show,Schulz Saves America,Alexx Media,Andrew Schulz,United States,"December 17, 2020",2020,TV-MA,1 Season,"Stand-Up Comedy & Talk Shows, TV Comedies",Comedian Andrew Schulz takes on the year's most divisive topics in this fearlessly unfiltered and irreverent four-part special.
s1544,TV Show,Black Ink Crew New York,,"Ceaser Emanuel, Dutchess Lattimore, Puma Robinson, Alex Estevez, Sassy Bermudez",United States,"December 15, 2020",2014,TV-14,2 Seasons,Reality TV,"At a Black-owned-and-operated hotspot for ink in Harlem, tattoo king Ceaser looks to expand his empire while working with a rambunctious crew."
s1545,Movie,Grizzlies,Miranda de Pencier,"Ben Schnetzer, Emerald MacDonald, Booboo Stewart, Will Sasso, Paul Nutarariaq, Ricky Marty-Pahtaykan, Tantoo Cardinal, Eric Schweig",Canada,"December 15, 2020",2018,R,106 min,"Dramas, Independent Movies, Sports Movies",A group of disaffected students form an unlikely bond through the game of lacrosse when a new teacher introduces the sport to their remote Arctic town.
s1559,Movie,Giving Voice,"James D. Stern, Fernando Villena","Viola Davis, Denzel Washington, Stephen Henderson, Freedom Martin, Nia Sarfo, Cody Merridith, Gerardo Navarro, Aaron Guy, Callie Holley",United States,"December 11, 2020",2020,PG-13,91 min,Documentaries,"Six ambitious student actors audition for the prestigious August Wilson Monologue Competition, culminating in a riveting final round on Broadway."
s1560,TV Show,The Mess You Leave Behind,,"Inma Cuesta, Bárbara Lennie, Tamar Novas, Arón Piper, Roberto Enríquez, Roque Ruíz, Isabel Garrido, Fede Pérez, Alfonso Agra, Susana Dans, Xavier Estévez, Xosé Antonio Touriñán, María Tasende, Camila Bossa, María Costas, Abril Zamora, Chelo Falcón, Ana Santos, Mela Casal, César Cambeiro",Spain,"December 11, 2020",2020,TV-MA,1 Season,"International TV Shows, Spanish-Language TV Shows, TV Dramas",A teacher starts her job at a high school but is haunted by a suspicious death that occurred there weeks before... and begins fearing for her own life.
s1563,TV Show,Alice in Borderland,,"Kento Yamazaki, Tao Tsuchiya, Nijiro Murakami, Yuki Morinaga, Keita Machida, Ayaka Miyoshi, Dori Sakurada, Aya Asahina, Shuntaro Yanagi, Yutaro Watanabe, Ayame Misaki, Mizuki Yoshida, Tsuyoshi Abe, Nobuaki Kaneko, Sho Aoyagi, Riisa Naka",Japan,"December 10, 2020",2020,TV-MA,1 Season,"International TV Shows, TV Action & Adventure, TV Mysteries","An aimless gamer and his two friends find themselves in a parallel Tokyo, where they're forced to compete in a series of sadistic games to survive."
s1570,TV Show,Masameer Classics,,"Malik Nejer, Abdulaziz Alshehri",Saudi Arabia,"December 9, 2020",2013,TV-14,4 Seasons,"International TV Shows, TV Comedies","Through dark comedy and eccentric characters, this web series offers a humorous view of the changes and cultural shifts in Saudi Arabia from 2011-2019."
s1576,Movie,André & his olive tree,Josiah Ng,André Chiang,Singapore,"December 8, 2020",2020,TV-PG,104 min,"Documentaries, International Movies","As he prepares to close his restaurant, Michelin-starred Chef André Chiang embarks on a personal and emotional journey of reflection."
s1609,Movie,3 Days to Kill,McG,"Kevin Costner, Amber Heard, Hailee Steinfeld, Connie Nielsen, Tómas Lemarquis, Richard Sammel, Marc Andréoni, Bruno Ricci, Jonas Bloquet, Eriq Ebouaney","United States, France, Serbia","December 1, 2020",2014,PG-13,117 min,Action & Adventure,A terminally ill secret agent accepts a risky mission in exchange for an experimental drug that might save him – if he can survive its side effects.
s1617,Movie,Monster House,Gil Kenan,"Mitchel Musso, Sam Lerner, Spencer Locke, Steve Buscemi, Kathleen Turner, Jason Lee, Jon Heder, Maggie Gyllenhaal, Catherine O'Hara, Fred Willard, Nick Cannon, Kevin James",United States,"December 1, 2020",2006,PG,91 min,"Children & Family Movies, Comedies","A trio of friends sets out to expose the terrors of a vacant neighborhood house, which appears to have a craving for people — and a life of its own."
s1618,Movie,Natalie Palamides: Nate - A One Man Show,Phil Burgers,Natalie Palamides,United States,"December 1, 2020",2020,TV-MA,60 min,Comedies,"Tough talk takes a soft turn as Nate, played by comedian Natalie Palamides, explores humor, heartbreak, sexuality and consent — with a live audience."
s1619,TV Show,Octonauts,,"Keith Wickham, Jo Wyatt, Ross Breen, Simon Greenall, Paul Panting, Rob Rackstraw, Teresa Gallagher, Shelley Longworth","United States, Ireland, United Kingdom, India","December 1, 2020",2015,TV-Y,4 Seasons,"British TV Shows, Kids' TV",A team of brave underwater explorers known as the Octonauts combs the world's oceans for aquatic creatures in desperate need of assistance.
s1624,TV Show,The Bachelorette,,,United States,"December 1, 2020",2010,TV-14,1 Season,"Reality TV, Romantic TV Shows",Beloved “Bachelor” contestant Ali Fedotowsky embarks on her own search for happily ever after and navigates the thrills and spills of reality TV romance.
s1627,Movie,The Happytime Murders,Brian Henson,"Melissa McCarthy, Elizabeth Banks, Maya Rudolph, Bill Barretta, Leslie David Baker, Joel McHale, Dorien Davies, Cynthy Wu, Michael McDonald, Mitch Silpa","United States, China, Canada","December 1, 2020",2018,R,91 min,"Action & Adventure, Comedies","In an LA where puppets and humans coexist, a down-on-his-luck detective teams with his ex-partner to nab a killer targeting the cast of an old TV show."
s1650,TV Show,Great Pretender,,"Chiaki Kobayashi, Junichi Suwabe, Natsumi Fujiwara, Mie Sonozaki",Japan,"November 25, 2020",2020,TV-MA,2 Seasons,"Anime Series, Crime TV Shows, International TV Shows","Supposedly Japan's greatest swindler, Makoto Edamura gets more than he bargained for when he tries to con Laurent Thierry, a real world-class crook."
s1657,Movie,Hillbilly Elegy,Ron Howard,"Amy Adams, Glenn Close, Gabriel Basso, Haley Bennett, Freida Pinto, Bo Hopkins, Owen Asztalos",United States,"November 24, 2020",2020,R,117 min,Dramas,"An urgent phone call pulls a Yale Law student back to his Ohio hometown, where he reflects on three generations of family history and his own future."
s1660,Movie,Hard Kill,Matt Eskandari,"Jesse Metcalfe, Bruce Willis, Natalie Eva Marie, Lala Kent, Texas Battle, Swen Temmel, Sergio Rizzuto, Tyler Jon Olson, Jon Galanis",United States,"November 23, 2020",2020,R,98 min,Action & Adventure,"When a billionaire hires a team of mercenaries for protection, they soon realize world-changing technology and his daughter’s life are also at stake."
s1663,Movie,The Suit,Mohammad Adel,"Tamer Hosny, Akram Hosny, Amina Khalil, Dalal Abdelaziz, Maged El-Masri, Yasser Ali Maher, Salwa Mohammed, Mahmoud El-Bezzawy, Hassan Hosny, Taher Abu Lela, Ahmed Zaher",Egypt,"November 23, 2020",2018,TV-14,97 min,"Action & Adventure, Comedies, International Movies","After a duo of slackers dress up as policemen for a costume party, they decide to prolong their disguise — not knowing that it will lead them to danger."
s1666,Movie,40 Sticks,Victor Gatonye,"Robert Agengo, Mwaura Bilal, Andreo Kamau, Cajetan Boy, Arabron Nyyeneque, Shiviske Shivisi, Xavier Ywaya",Kenya,"November 20, 2020",2019,TV-14,93 min,"International Movies, Thrillers","When their prison bus crashes in a forest on a rainy night, a group of criminals finds themselves battling wild animals and a mysterious killer."
s1672,Movie,The App That Stole Christmas,Monica Floyd,"Jackie Long, Diane Marie Howard, Jaylin Hall, Miguel A. Núñez Jr., Ray J, JayQ The Legend, J. Anthony Brown, Kenny Rhodes, Amber Cosich",United States,"November 20, 2020",2020,TV-PG,64 min,"Children & Family Movies, Comedies","A tech entrepreneur's Christmas shopping app is a smashing success, but he starts to realize his invention might be ruining the holiday spirit."
s1689,TV Show,We Are the Champions,,,United States,"November 17, 2020",2020,TV-MA,1 Season,"Docuseries, Reality TV","Explore an array of unique competitions, from the quirky to the bizarre, and meet their passionate communities in this docuseries."
s1700,Movie,White Christmas,Michael Curtiz,"Bing Crosby, Danny Kaye, Rosemary Clooney, Vera-Ellen, Dean Jagger, Mary Wickes, John Brascia, Anne Whitfield, George Chakiris",United States,"November 15, 2020",1954,TV-G,120 min,"Children & Family Movies, Classic Movies, Comedies","Two war buddies fall for two sisters and follow the girls to a resort owned by their former commanding officer, who is in danger of losing the place."
s1729,Movie,The Endless Trench,"Aitor Arregi, Jon Garaño, Jose Mari Goenaga","Antonio de la Torre, Belén Cuesta, Vicente Vergara, José Manuel Poga, Emilio Palacios","Spain, France, Canada","November 6, 2020",2019,TV-MA,148 min,"Dramas, Independent Movies, International Movies","Fearing retribution, a Republican from the Spanish Civil War hides in his home for more than 30 years with the help of his wife. Based on true events."
s1730,Movie,The Late Bloomer,Kevin Pollak,"Johnny Simmons, Maria Bello, Brittany Snow, Kumail Nanjiani, Beck Bennett, Paul Wesley, Jane Lynch, J.K. Simmons, Lenora Crichlow",United States,"November 6, 2020",2016,R,95 min,Comedies,"A sex therapist with pituitary issues finally gets to experience puberty in all its glory at age 30, when an operation unleashes his raging hormones."
s1731,TV Show,Wrong Kind of Black,,"Clarence Ryan, Aaron L. McGrath, Lisa Flanagan, Tommy Lewis, Nilbi Yasserie, Christopher Ketchup, Boori Monty Pryor, Jacek Koman, Colin Lane, Arthur Angel, Toby Truslove",Australia,"November 6, 2020",2018,TV-MA,1 Season,"International TV Shows, TV Comedies, TV Dramas","In 1970s Melbourne, a DJ named Boori Monty Pryor and his brother Paul navigate racial tensions and police encounters amid disco and discrimination."
s1741,TV Show,Love & Anarchy,,"Ida Engvoll, Björn Mosten, Carla Sehn, Reine Brynolfsson, Gizem Erdogan, Björn Kjellman, Ruben Lopez, Johannes Kuhnke, Elsa Agemalm Reiland, Benjamin Shaps, Disa Östrand, Ejke Blomberg, Lars Väringer",Sweden,"November 4, 2020",2020,TV-MA,1 Season,"International TV Shows, Romantic TV Shows, TV Comedies",A married consultant and a young IT tech kick off a flirty game that challenges societal norms — and leads them to re-evaluate their entire lives.
s1742,Movie,Miss India,Narendra Nath,"Keerthy Suresh, Dr. Rajendra Prasad, Jagapathi Babu, V. K. Naresh, Nadhiya, Naveen Chandra, Sumanth Shailendra, Kamal Kamaraju, Praveen, Pujitha Ponnada, Divya Sripada",India,"November 4, 2020",2020,TV-PG,136 min,"Dramas, International Movies","Uprooted to America, an aspiring Indian entrepreneur confronts disapproval, sexism and rivalry as she draws from her culture to start a tea business."
s1776,Movie,His House,Remi Weekes,"Ṣọpẹ́ Dìrísù, Wunmi Mosaku, Matt Smith, Malaika Wakoli-Abigaba",United Kingdom,"October 30, 2020",2020,TV-14,93 min,"Horror Movies, Independent Movies","As a young couple from war-torn South Sudan seeks asylum and a fresh start in England, they’re tormented by a sinister force living in their new home."
s1781,Movie,Rogue City,Olivier Marchal,"Lannick Gautry, Stanislas Merhar, Kaaris, David Belle, Jean Reno, Claudia Cardinale, Gérard Lanvin, Patrick Catalifo, Moussa Maaskri, Catherine Marchal",France,"October 30, 2020",2020,TV-MA,116 min,"Dramas, International Movies, Thrillers","Caught in the crosshairs of police corruption and Marseille’s warring gangs, a loyal cop must protect his squad by taking matters into his own hands."
s1791,TV Show,Blood of Zeus,,"Derek Phillips, Jason O'Mara, Claudia Christian, Mamie Gummer, Jessica Henwick, Elias Toufexis, Chris Diamantopoulos, Adetokumboh M'Cormack, Matthew Mercer, Melina Kanakaredes, Danny Jacobs, Matt Lowe, Adam Croasdell, Jennifer Hale, David Shaughnessy, Fred Tatasciore, Vanessa Marshall",United States,"October 27, 2020",2020,TV-MA,1 Season,Anime Series,"A commoner living in ancient Greece, Heron discovers his true heritage as a son of Zeus, and his purpose: to save the world from a demonic army."
s1841,TV Show,Someone Has to Die,Manolo Caro,"Carmen Maura, Cecilia Suárez, Ester Expósito, Ernesto Alterio, Alejandro Speitzer, Isaac Hernández, Carlos Cuevas, Mariola Fuentes, Pilar Castro, Juan Carlos Vellido, Eduardo Casanova, Manuel Morón, Javier Pereira","Mexico, Spain","October 16, 2020",2020,TV-MA,1 Season,"Crime TV Shows, International TV Shows, Spanish-Language TV Shows","In conservative 1950s Spain, the alleged relationship between a young man and a Mexican ballerino creates an uproar of harrowing consequences."
s1878,TV Show,Private Lives,,"Seohyun, Ko Kyung-pyo, Kim Hyo-jin, Kim Young-min, Tae Won-seok, Song Sun-mi, Park Seong-geun, Jang Jin-hee, Yoon Sa-bong, Lee Hak-ju, Song Sang-eun, Jang Won-hyeok, Yoo Hee-je, Min Zio, Kim Min-sang, Kim Ba-da, Cha Soo-yeon",South Korea,"October 8, 2020",2020,TV-14,1 Season,"Crime TV Shows, International TV Shows, TV Dramas","In a world where data is no longer private, con artists uncover a sinister surveillance scheme headed by the government and a greedy corporation."
s1881,TV Show,To the Lake,Pavel Kostomarov,"Viktoriya Isakova, Kirill Käro, Aleksandr Robak, Natalya Zemtsova, Maryana Spivak, Yuri Kuznetsov, Eldar Kalimulin, Viktoriya Agalakova, Alexander Yatsenko, Saveliy Kudryashov",Russia,"October 7, 2020",2020,TV-MA,1 Season,"International TV Shows, TV Dramas, TV Mysteries","Facing the end of civilization when a terrifying plague strikes, a group risks their lives, loves — and humanity — in a brutal struggle to survive."
s1919,TV Show,Sword Art Online,,"Yoshitsugu Matsuoka, Haruka Tomatsu, Ayana Taketatsu, Kanae Ito, Rina Hidaka, Ayahi Takagaki, Hiroaki Hirata, Hiroki Yasumoto, Saori Hayami, Koichi Yamadera",Japan,"October 1, 2020",2018,TV-MA,3 Seasons,"Anime Series, International TV Shows",A video game whiz helps create a new technology that enables players to guide their online avatars with their own bodies – but a dark twist emerges.
s1923,TV Show,The Parkers,,"Mo'Nique, Countess Vaughn, Dorien Wilson, Jenna von Oÿ, Ken Lawson, Yvette Wilson",United States,"October 1, 2020",2003,TV-PG,5 Seasons,TV Comedies,"In this ""Moesha"" spinoff, undergraduate Kim is joined at Santa Monica College by her mother Nikki, who decides to go back to school with her daughter."
s1929,TV Show,Black Butler,,"Daisuke Ono, Maaya Sakamoto, Hiroki Touchi, Yuki Kaji, Emiri Kato, Koji Yusa, Shunji Fujimura, Yukari Tamura, Romi Park, Jun Fukuyama",Japan,"September 30, 2020",2010,TV-MA,3 Seasons,"Anime Series, International TV Shows","In Victorian London, 12-year-old business magnate Ciel Phantomhive thwarts dangers to the queen as he's watched over by his demon butler, Sebastian."
s1946,Movie,Manorama Six Feet Under,Navdeep Singh,"Abhay Deol, Gul Panag, Raima Sen, Sarika, Kulbhushan Kharbanda, Vinay Pathak, Yana Gupta, Jogi, Brijendra Kala, Nawazuddin Siddiqui",India,"September 28, 2020",2007,TV-14,129 min,"Dramas, International Movies, Thrillers","A government employee and aspiring crime writer, who is under investigation for corruption, is asked by a politician's wife to spy on her husband."
s1955,TV Show,Sneakerheads,,"Allen Maldonado, Andrew Bachelor, Jearnest Corchado, Matthew Josten, Yaani King Mondschein, Justin Lee, Aja Evans",United States,"September 25, 2020",2020,TV-MA,1 Season,TV Comedies,Family man Devin falls back into his sneaker obsession after his pal Bobby talks him into a wheeling-dealing scheme to score a mythical pair of kicks.
s1963,Movie,A Love Song for Latasha,Sophia Nahli Allison,,United States,"September 21, 2020",2020,TV-PG,20 min,Documentaries,The killing of Latasha Harlins became a flashpoint for the 1992 LA uprising. This documentary evocatively explores the 15-year-old's life and dreams.
s1996,Movie,The Devil All The Time,Antonio Campos,"Tom Holland, Bill Skarsgård, Riley Keough, Robert Pattinson, Mia Wasikowska, Jason Clarke, Sebastian Stan, Haley Bennett, Harry Melling, Eliza Scanlen",United States,"September 16, 2020",2020,R,139 min,"Dramas, Thrillers",Sinister characters converge around a young man devoted to protecting those he loves in a postwar backwoods town teeming with corruption and brutality.
s2007,TV Show,Buddi,,"Greta Jameson, Ralf Jameson, Clementine Laikin, Felix Laikin","United Kingdom, China","September 11, 2020",2020,TV-Y,2 Seasons,"British TV Shows, Kids' TV","The Buddis bounce, spin, glide — and giggle! — through their magical world, learning new things and sharing the joy of friendship."
s2058,Movie,Sky Tour: The Movie,Nguyen Thanh Tung,Son Tung M-TP,Vietnam,"September 2, 2020",2020,TV-G,93 min,"Documentaries, International Movies, Music & Musicals","From the preparations to the performances, this documentary showcases Vietnamese pop idol Sơn Tùng M-TP and the passion behind his Sky Tour concerts."
s2068,Movie,Fate/Grand Order -First Order-,Hitoshi Namba,"Nobunaga Shimazaki, Rie Takahashi, Ayako Kawasumi, Madoka Yonezawa, Kenichi Suzumura, Tomokazu Sugita",Japan,"September 1, 2020",2016,TV-14,72 min,"Action & Adventure, Anime Features, International Movies","Discovering that humanity is facing extinction, a new recruit to the Chaldea Security Organization goes back in time in order to save the future."
s2088,Movie,Santana,"Chris Roland, Maradona Dias Dos Santos","Paulo Americano, Raul Rosario, Rapulana Seiphemo, David O'Hara, Hakeem Kae-Kazim, Neide Vieira, Cigano Satyohamba, Nompilo Gwala","South Africa, Angola","August 28, 2020",2020,TV-MA,107 min,"Action & Adventure, International Movies",Two brothers — one a narcotics agent and the other a general — finally discover the identity of the drug lord who murdered their parents decades ago.
s2115,Movie,Little Singham: Kaal Ka Badla,Prakash Satam,"Anamaya Verma, Arushi Talwar, Ganesh Divekar, Jigna Bhardwaj, Krishna Dasadiya, Neshma Chemburkar, Manoj Pandey, Parminder Ghumman, Pranav Vaidya, Saumya Daan, Sonal Kaushal, Sumriddhi Shukla",,"August 19, 2020",2020,TV-Y7,70 min,"Children & Family Movies, Comedies","Little Singham’s biggest enemy, the demon Kaal, is back and badder than ever — but this time, will he succeed in destroying the world’s best kid cop?"
s2133,Movie,Project Power,"Henry Joost, Ariel Schulman","Jamie Foxx, Joseph Gordon-Levitt, Dominique Fishback, Rodrigo Santoro, Courtney B. Vance, Amy Landecker, Machine Gun Kelly, Tait Fletcher, Allen Maldonado, Andrene Ward-Hammond",United States,"August 14, 2020",2020,R,113 min,Action & Adventure,"An ex-soldier, a teen and a cop collide in New Orleans as they hunt for the source behind a dangerous new pill that grants users temporary superpowers."
s2134,TV Show,Teenage Bounty Hunters,,"Anjelica Bette Fellini, Maddie Phillips, Kadeem Hardison, Virginia Williams, Mackenzie Astin, Shirley Rumierk, Myles Evans, Devon Hales, Spencer House, Eric Graise, Charity Cervantes, Wynn Everett, Method Man",United States,"August 14, 2020",2020,TV-MA,1 Season,"Crime TV Shows, TV Comedies, TV Dramas",Twin sisters Sterling and Blair balance teen life at an elite Southern high school with an unlikely new career as butt-kicking bounty hunters.
s2143,Movie,Mr. Peabody & Sherman,Rob Minkoff,"Ty Burrell, Max Charles, Ariel Winter, Stephen Colbert, Leslie Mann, Stanley Tucci, Allison Janney, Mel Brooks, Patrick Warburton, Stephen Tobolowsky, Lake Bell",United States,"August 11, 2020",2014,PG,93 min,"Children & Family Movies, Comedies, Sci-Fi & Fantasy","Resurrected from the 1960s animated series ""Rocky and Bullwinkle,"" canine genius Mr. Peabody and young Sherman take a dizzying ride through time."
s2145,TV Show,GAME ON: A Comedy Crossover Event,,"Loretta Devine, Tia Mowry-Hardrict, Anthony Alabi, Paul Wight, Allison Munn, Gabriel Iglesias, Sherri Shepherd, Paulina Chávez, Jencarlos Canela",United States,"August 10, 2020",2020,TV-G,1 Season,"Kids' TV, TV Comedies","Worlds collide in this special event featuring familiar faces, surprise cameos and stories of spirited competition from four different comedy series."
s2150,Movie,We Summon the Darkness,Marc Meyers,"Alexandra Daddario, Amy Forsyth, Keean Johnson, Maddie Hasson, Logan Miller, Austin Swift, Johnny Knoxville, Allison McAtee, Tanner Beard","United States, Canada, United Kingdom","August 8, 2020",2020,R,90 min,"Horror Movies, Thrillers",A night at a 1980s heavy metal concert hits a grisly note when new friends find themselves in the middle of a satanic murder spree.
s2165,Movie,Sin City,Pascal Amanfo,"Yvonne Nelson, Kunle Remi, Adjetey Anang, Oscar Provencal, Michelle McKinney Hammond, Rosaline Meurer, Kweku Elliot, Regina Van Helvert, Alhaji Fadika, Isaac Akwesi Awonor",,"August 5, 2020",2019,TV-14,101 min,"International Movies, Thrillers",A busy couple tries to give their love life a boost by taking an impromptu weekend trip only to find their relationship tested in unexpected ways.
s2174,TV Show,Moesha,,"Brandy Norwood, William Allen Young, Sheryl Lee Ralph, Countess Vaughn, Lamont Bentley, Shar Jackson, Marcus T. Paulk, Yvette Wilson",United States,"August 1, 2020",2000,TV-PG,6 Seasons,"TV Comedies, Teen TV Shows","Navigating the twists and firsts of high school, Moesha juggles friendships, romance and the occasional drama while trying to keep her family together."
s2224,TV Show,Killer Women with Piers Morgan,,Piers Morgan,United Kingdom,"July 19, 2020",2017,TV-MA,1 Season,"British TV Shows, Crime TV Shows, Docuseries","Journalist Piers Morgan goes behind prison walls to speak with women convicted of shocking crimes, shedding light on what drove them to murder."
s2250,TV Show,The Epic Tales of Captain Underpants in Space,,"Nat Faxon, Jay Gragnani, Ramone Hamilton, Sean Astin, Dayci Brookshire, Jorge Diaz, Peter Hastings, Evan Kishiyama, David Koechner, Erica Luttrell, Brennan Murray, Nolan North, Gary Anthony Williams, Secunda Wood",United States,"July 10, 2020",2020,TV-Y7,1 Season,"Kids' TV, TV Action & Adventure, TV Comedies",Best friends George and Harold — along with their classmates and tyrannical principal — are recruited for a mysterious mission in outer space.
s2253,Movie,Your Excellency,Funke Akindele,"Akin Lewis, Funke Akindele, Kemi Lala Akindoju, Shaffy Bello, Kunle Coker, Eku Edewor, Alexx Ekubo, Osas Ighodaro Ajibade, Seyi Law, Falz, Chigul, Deyemi Okanlawon, Beverly Osu, Toni Tones, Christian Paul, Bimbo Manuel, Helen Paul",,"July 10, 2020",2019,TV-G,120 min,"Comedies, International Movies","Bumbling through politics, a billionaire businessman's presidential campaign seems destined for disaster until it gets a boost from social media."
s2267,Movie,Blood Money,Vishal Mahadkar,"Manish Chaudhary, Kunal Kemmu, Amrita Puri, Shekar Shukla, Teeshay, Mia Evonne Uyeda",India,"July 5, 2020",2012,TV-14,110 min,"Dramas, International Movies, Romantic Movies","Ambitious Kunal takes a job in the diamond business, but his life is thrown into turmoil when he's drawn into the seedy underworld of his new career."
s2273,Movie,Drishyam,Nishikant Kamat,"Ajay Devgn, Shriya Saran, Tabu, Rajat Kapoor, Ishita Dutta, Mrunal Jadhav, Prasanna Ketkar, Yogesh Sonam, Prathamesh Parab, Rishabh Chaddha",India,"July 5, 2020",2015,TV-14,162 min,"Dramas, International Movies, Thrillers",An unexceptional man becomes a murder suspect when the son of a high-ranking police official who harassed his daughter goes missing.
s2288,Movie,Queen,Vikas Bahl,"Kangana Ranaut, Rajkummar Rao, Lisa Haydon, Mish Boyko, Jeffrey Chee Eng Ho, Marco Canadea, Sabeeka Imam, Yogendra Tikku",India,"July 5, 2020",2014,TV-MA,138 min,"Comedies, Dramas, International Movies","Dumped by her fiancé, a sheltered young woman decides to go on her honeymoon to Europe alone, embarking on an exhilarating journey of self-discovery."
s2289,Movie,Shaitan,Bejoy Nambiar,"Rajeev Khandelwal, Kalki Koechlin, Gulshan Devaiah, Shiv Pandit, Kirti Kulhari, Neil Bhoopalam, Nikhil Chinappa, Rajit Kapoor, Rajkummar Rao, Pavan Malhotra",India,"July 5, 2020",2011,TV-MA,126 min,"Action & Adventure, Dramas, Independent Movies","When they're blackmailed after a hit-and-run, a troubled rich girl and her wild friends stage a fake kidnapping with a plan to collect the ransom."
s2302,TV Show,Supermarket Sweep,,,United States,"July 2, 2020",1993,TV-G,1 Season,Reality TV,"In this iconic game show, contestants answer food trivia questions then race against the clock while stuffing their carts for massive grocery gains."
s2311,Movie,David Foster: Off the Record,Barry Avrich,David Foster,Canada,"July 1, 2020",2019,TV-MA,107 min,"Documentaries, Music & Musicals","From child prodigy to iconic music producer, David Foster shares the stories behind his success with rare footage and interviews with his collaborators."
s2315,Movie,Stardust,Matthew Vaughn,"Claire Danes, Michelle Pfeiffer, Robert De Niro, Charlie Cox, Sienna Miller, Ricky Gervais, Jason Flemyng, Rupert Everett, Peter O'Toole, Mark Strong, Kate Magowan, Ian McKellen","United Kingdom, United States","July 1, 2020",2007,PG-13,128 min,"Action & Adventure, International Movies, Romantic Movies","To win his true love's heart, wide-eyed Tristan Thorn journeys to a forbidden realm to retrieve a fallen star that has taken human form."
s2317,Movie,The Silence of Others,"Almudena Carracedo, Robert Bahar",,"Spain, France, Canada, United States","July 1, 2020",2019,TV-14,96 min,"Documentaries, International Movies","Filmed over six years, this documentary captures the struggles of victims who suffered abuse under Gen. Francisco Franco's regime as they seek justice."
s2318,Movie,Total Recall,Paul Verhoeven,"Arnold Schwarzenegger, Rachel Ticotin, Sharon Stone, Michael Ironside, Ronny Cox, Marshall Bell, Michael Champion, Mel Johnson Jr., Roy Brocksmith, Rosemary Dunsmore","United States, Mexico","July 1, 2020",1990,R,114 min,"Action & Adventure, Sci-Fi & Fantasy","After getting a memory implant, working stiff Douglas Quaid discovers he might actually be a secret agent embroiled in a violent insurrection on Mars."
s2319,TV Show,Trotro,,,France,"July 1, 2020",2004,TV-Y,1 Season,Kids' TV,"Trotro the donkey may be opinionated, but he's as sweet as can be in this animated series that's full of lessons for children."
s2322,Movie,George Lopez: We'll Do It For Half,Troy Miller,George Lopez,United States,"June 30, 2020",2020,TV-MA,52 min,Stand-Up Comedy,"Comedian George Lopez tackles the future and the past of Latinx culture in America, touching on immigration, his tough relatives, aging and much more."
s2345,Movie,Nobody Knows I'm Here,Gaspar Antillo,"Jorge García, Millaray Lobos, Luis Gnecco, Alejandro Goic, Gastón Pauls, Eduardo Paxeco",Chile,"June 24, 2020",2020,TV-MA,92 min,"Dramas, Independent Movies, International Movies","A former child singer, traumatized by his experiences, becomes a recluse, nurturing his hurt until a woman comes into his life and really hears him."
s2355,Movie,Destiny,Youssef Chahine,"Nour El-Sherif, Laila Elwi, Mahmoud Hemeida, Safia el-Emari, Mohamed Mounir, Khaled El Nabawy, Seif Abdelrahman, Abdalla Mahmoud, Ahmed Fouad Selim, Magdi Idris","France, Egypt","June 19, 2020",1997,TV-14,136 min,"Dramas, International Movies","In 12th-century Spain, a philosopher and his profound teachings jeopardize the caliph he serves when political rivals threaten a government upheaval."
s2390,Movie,Asura Guru,A. Raajdheep,"Vikram Prabhu, Subbaraju, Mahima Nambiar, Yogi Babu, Jagan",India,"June 13, 2020",2020,TV-14,117 min,"Dramas, International Movies","For a tech-savvy thief, elaborate robberies and evading the police are second nature until a private detective is hired to investigate his latest heist."
s2400,TV Show,ONE PIECE,,"Mayumi Tanaka, Akemi Okamura, Kazuya Nakai, Kappei Yamaguchi, Hiroaki Hirata, Ikue Otani, Yuriko Yamaguchi, Kazuki Yao, Cho",Japan,"June 12, 2020",2002,TV-14,4 Seasons,Anime Series,Monkey D. Luffy sails with his crew of Straw Hat Pirates through the Grand Line to find the treasure One Piece and become the new king of the pirates.
s2405,TV Show,Curon,,"Valeria Bilello, Luca Lionello, Federico Russo, Margherita Morchio, Anna Ferzetti, Alessandro Tedeschi, Juju Di Domenico, Giulio Brizzi, Max Malatesta",Italy,"June 10, 2020",2020,TV-MA,1 Season,"International TV Shows, TV Dramas, TV Horror","After 17 years, a woman returns home with her teenage twins. When she mysteriously vanishes, her children must reckon with a shadowy family legacy."
s2413,Movie,365 Days,"Barbara Białowąs, Tomasz Mandes","Anna-Maria Sieklucka, Michele Morrone, Bronisław Wrocławski, Otar Saralidze, Magdalena Lamparska, Natasza Urbańska, Grażyna Szapołowska, Tomasz Stockinger, Gianni Parisi, Mateusz Łasowski",Poland,"June 7, 2020",2020,TV-MA,114 min,"Dramas, International Movies, Romantic Movies","A fiery executive in a spiritless relationship falls victim to a dominant mafia boss, who imprisons her and gives her one year to fall in love with him."
s2437,Movie,Mr. Romantic,Ahmed Al-Badry,"Mohamed Emam, Hassan Hosny, Lebleba, Medhat Tekha, Bassem Samra, Dominique Hourani, Saeed Tarabeek, Diaa El Merghany, Nahla Zaki, Saad El Soghayar",,"June 2, 2020",2009,TV-14,97 min,"Comedies, International Movies, Romantic Movies","When a carefree man is left with his uncle's fortune, he can only receive the riches on one condition: he must settle down with a good woman."
s2442,Movie,What's Up?,Izidore K. Musallam,"Hisham Abdulrahman, Turki Al-Yusuf, Mais Hamdan, Khaled Sami, Mishal Al-Mutairi, Hind Muhamed","Saudi Arabia, United Arab Emirates","June 2, 2020",2006,TV-PG,95 min,"Comedies, Dramas, International Movies","Flirting with modernity, a young woman must keep her new romance a secret from her conservative brother, who plans to keep her in line with tradition."
s2454,TV Show,Revolutionary Love,,"Choi Si-won, Kang So-ra, Gong Myoung",South Korea,"June 1, 2020",2017,TV-MA,1 Season,"International TV Shows, Korean TV Shows, Romantic TV Shows",A third-generation chaebol falls in love with a woman who opens his eyes to the struggles of the working class and inspires him to make a difference.
s2457,Movie,High Strung Free Dance,Michael Damian,"Juliet Doherty, Thomas Doherty, Jane Seymour, Harry Jarvis, Joshua Sinclair-Evans, Ace Bhatti, Desmond Richardson, Kika Markham","Romania, United States","May 31, 2020",2019,TV-14,104 min,"Dramas, Music & Musicals, Romantic Movies",A choreographer casts a contemporary dancer and a gifted pianist for a highly anticipated Broadway show as internal drama tries to steal the spotlight.
s2465,Movie,Grandmother's Farm Part 2,Ahmed Zein,"Mansour Al Felei, Saeed Al-Sheryani, Yaser Alneyadi, Khaled Al-Nuaimi, Abdullah Al Hamiri, Abdullah Al-Ramsi, Salama Almazrouei, Am Rashed, Aisha Al Suwaidi, Muhammed Murshed",United Arab Emirates,"May 28, 2020",2015,TV-14,80 min,"Comedies, Horror Movies, International Movies","After their haunting experience on a desert farm, a group of buddies escapes on a faraway getaway to seaside Fujairah — and right into more terror."
s2484,Movie,Fifty Year Old Teenager,Fouad Al Shatti,"Abdulhussain Abdulredah, Haifaa Adel, Dawood Hussain, Mohamed Gaber",,"May 21, 2020",1996,TV-14,204 min,"Comedies, International Movies",The life of a married 50-year-old doctor turns topsy-turvy when he falls in love with a younger woman and begins to act like a teenager.
s2493,Movie,The Witness Who Didn't See Anything,"Muhammad Fadl, Hany Motawie","Adel Imam, Nahed Gabr, Omar El-Hariri, Nazim Sharawy, Badr Nofal, Saeed Tarabeek, Hala Fakher, Samir Waley Eldein, Sami Gawhar, Shawqi Shamekh, Nasr Seif",Egypt,"May 21, 2020",1976,TV-PG,157 min,"Comedies, International Movies","Pressured by cops into testifying as an eyewitness to a neighbor's murder, a children's TV host takes on a new persona after the trial."
s2522,Movie,"I love you, stupid",Laura Mañá,"Quim Gutiérrez, Natalia Tena, Alfonso Bassave, Alba Ribas, Patricia Vico, Ernesto Alterio",Spain,"May 15, 2020",2019,TV-MA,88 min,"Comedies, International Movies, Romantic Movies","After Marcos is dumped by his girlfriend, he attempts to reinvent himself as a modern man with the help of a childhood friend and an online guru."
s2532,Movie,Dilan 1990,"Fajar Bustomi, Pidi Baiq","Vanesha Prescilla, Iqbaal Ramadhan, Debo Andryos, Giulio Parengkuan, Omara Esteghlal, Yoriko Angeline, Zulfa Maharani, Brandon Salim",Indonesia,"May 14, 2020",2018,TV-14,109 min,"Dramas, International Movies, Romantic Movies","At a Bandung high school, charming and rebellious Dilan vies for the affections of shy new student Milea."
s2603,TV Show,The Forest of Love: Deep Cut,Sion Sono,"Kippei Shiina, Shinnosuke Mitsushima, Kyooko Hinami, Eri Kamataki, Young Dais, Natsuki Kawamura, Yuzuka Nakaya, Dai Hasegawa, Chiho Fujii, Sei Matobu, Denden",Japan,"April 30, 2020",2020,TV-MA,1 Season,"Crime TV Shows, International TV Shows, TV Dramas",Nothing's as it seems when a charismatic conman and an aspiring film crew delve into the lives of two emotionally scarred women.
s2604,TV Show,The Victims' Game,"David Chuang, Chen Kuan-chung","Joseph Chang, Hsu Wei-ning, Jason Wang, Ruby Lin, Moon Lee, River Huang, Chen Chia-kuei, Ding Ning, Hsia Ching-ting, Rexen Cheng",Taiwan,"April 30, 2020",2020,TV-MA,1 Season,"Crime TV Shows, International TV Shows, TV Dramas","After discovering his estranged daughter's link to mysterious murders, a forensic detective with Asperger's syndrome risks everything to solve the case."
s2628,TV Show,"Coronavirus, Explained",,,United States,"April 26, 2020",2020,TV-PG,1 Season,"Docuseries, Science & Nature TV","In 2020, the world changed. This topical series examines the coronavirus pandemic, the efforts to combat it and ways to manage its mental health toll."
s2639,Movie,الف مبروك,Ahmed Nader Galal,"Ahmed Helmy, Laila Ezz El Arab, Mahmoud El Fishawy, Mohamed Farraag, Sarrah Abdelrahman, Rahma Hassan, Amir Salah, Hany El Sabagh",Egypt,"April 25, 2020",2009,TV-14,115 min,"Comedies, Dramas, International Movies","On his wedding day, an arrogant, greedy accountant experiences a series of calamities that keep replaying as he lives the same day over and over again."
s2645,Movie,"Yours Sincerely, Kanan Gill",Neville Shah,Kanan Gill,India,"April 24, 2020",2020,TV-MA,72 min,Stand-Up Comedy,"Revisiting life goals set in a letter written as a teen to his future self, comedian Kanan Gill reports back on if he's lived up to his own expectations."
s2677,TV Show,Fauda,,"Lior Raz, Hisham Suliman, Shadi Mar'i, Laëtitia Eïdo, Tsahi Halevi, Yuval Segal, Neta Garty, Tomer Kapon, Itzik Cohen, Rona-Lee Shim'on, Boaz Konforty, Doron Ben-David",Israel,"April 16, 2020",2020,TV-MA,3 Seasons,"Crime TV Shows, International TV Shows, TV Action & Adventure","A top Israeli agent comes out of retirement to hunt for a Palestinian militant he thought he'd killed, setting a chaotic chain of events into motion."
s2692,TV Show,Brews Brothers,,"Alan Aisenberg, Mike Castle, Carmen Flood, Marques Ray",United States,"April 10, 2020",2020,TV-MA,1 Season,TV Comedies,"Two rival brothers must work together to keep their brewery in business, but shenanigans keep foaming up their company with chaos."
s2699,TV Show,Hi Score Girl,,"Kohei Amasaki, Sayumi Suzushiro, Yuuki Hirose, Kazuyuki Okitsu, Daiki Yamashita, Daria Midou, Satomi Arai, Shizuka Ito, Cho, Chinatsu Akasaki, Tomokazu Sugita, Yuichi Nakamura, Kana Ueda, Taketora, Hochu Otsuka, Hiroki Yasumoto",Japan,"April 9, 2020",2019,TV-14,2 Seasons,"Anime Series, International TV Shows, Romantic TV Shows","A chronic gamer abysmally inept in academics and sports finally meets his match at his usual shady arcade – and it’s his rich classmate, Akira."
s2700,TV Show,The Circle France,,,,"April 9, 2020",2020,TV-MA,1 Season,"International TV Shows, Reality TV","Status and strategy collide in this social media competition where online players flirt, befriend and catfish their way toward 100,000 euros."
s2719,TV Show,Community,,"Ken Jeong, Jim Rash, Donald Glover, Joel McHale, Gillian Jacobs, Danny Pudi, Alison Brie, Chevy Chase, Yvette Nicole Brown",United States,"April 1, 2020",2015,TV-14,6 Seasons,TV Comedies,"When his degree is found bogus, lawyer Jeff Winger is sent back to college, where he meets students and teachers with credentials as dubious as his."
s2749,TV Show,Well-Intended Love,,"Xu Kaicheng, Simona Wang, Ian Yi, Huang Qian Shuo, Yang Hao Ming, Liu Jia Xi",China,"April 1, 2020",2020,TV-14,2 Seasons,"International TV Shows, Romantic TV Shows, TV Comedies","To secure a bone marrow donation, an actress diagnosed with leukemia makes a marriage pact with a young CEO – but love and secrets get in the way."
s2752,TV Show,Akbar Birbal,,"Kiku Sharda, Vishal Kotian, Delnaaz Irani",India,"March 31, 2020",2019,TV-G,1 Season,"Kids' TV, TV Comedies, TV Dramas","From battles of wit to fights for justice, Emperor Akbar and his trusty advisor Birbal display their unique bond through adventures in Mughal-era India."
s2755,Movie,Greater,David Hunt,"Neal McDonough, Leslie Easterbrook, Christopher Severio, Michael Parks, Nick Searcy, Peter Gray Lewis, Fredric Lehne, M.C. Gainey, Texas Battle, Josh Emerson",United States,"March 31, 2020",2016,PG,131 min,"Children & Family Movies, Dramas, Sports Movies",Faith and determination transform a talentless football player at the University of Arkansas into an All-American in this inspiring true story.
s2761,Movie,Kannum Kannum Kollaiyadithaal,Desingh Periyasamy,"Dulquer Salmaan, Ritu Varma, Rakshan, Niranjani, Gautham Menon, Anish Kuruvilla",India,"March 29, 2020",2020,TV-14,160 min,"Comedies, Dramas, International Movies","A carefree racing enthusiast’s womanizing ways end when he meets the girl of his dreams, but their newfound peace is disrupted by a dangerous killer."
s2826,TV Show,Dirty Money,,,United States,"March 11, 2020",2020,TV-MA,2 Seasons,"Crime TV Shows, Docuseries","From crippling payday loans to cars that cheat emissions tests, this investigative series exposes brazen acts of corporate greed and corruption."
s2830,Movie,Marc Maron: End Times Fun,Lynn Shelton,Marc Maron,United States,"March 10, 2020",2020,TV-MA,71 min,Stand-Up Comedy,"Marc Maron wades through a swamp of vitamin hustlers, evangelicals and grown male nerd children, culminating in a gleefully filthy end-times fantasy."
s2848,Movie,Freaks,"Adam B. Stein, Zach Lipovsky","Emile Hirsch, Bruce Dern, Lexy Kolker, Grace Park, Amanda Crew, Aleks Paunovic, Michelle Harrison","United States, Canada","March 3, 2020",2018,R,105 min,"Independent Movies, Sci-Fi & Fantasy, Thrillers","Hidden away by her eccentric father, a mysterious young girl uncovers frightening truths when she starts to make contact with the outside world."
s2869,TV Show,Always a Witch,,"Angely Gaviria, Sebastián Eslava, Luis Fernando Hoyos, Verónica Orozco, Lenard Vanderaa, Sofía Araujo, Dylan Fuentes, Valeria Emiliani, Dubán Prado, Carlos Quintero",Colombia,"February 28, 2020",2019,TV-14,2 Seasons,"International TV Shows, Spanish-Language TV Shows, TV Comedies","A young 17th-century witch time travels to the future to save the man she loves, but first must adjust to present-day Cartagena and defeat a dark rival."
s2883,Movie,The Arbitration,Niyi Akinmolayan,"Adesua Etomi, O.C. Ukeje, Ireti Doyle, Sola Fosudo, Somkele Iyamah, Lota Chukwu, Gregory Ojefua, Beverly Naya, Bimbo Ademoye, Pius Fatoke",Nigeria,"February 26, 2020",2016,TV-MA,101 min,"Dramas, International Movies",An arbitration panel is formed after a company CEO in Nigeria is sued for wrongful dismissal and rape by an employee with whom he had an affair.
s2889,TV Show,"Hi Bye, Mama!",,"Kim Tae-hee, Lee Kyoo-hyung, Go Bo-gyeol, Shin Dong-mi, Seo Woo-jin, Lee Si-woo, Oh Eui-sik, Ahn Nae-sang, Kim Mee-kyeong, Park Su-young, Kim Mi-su, Yoon Sa-bong",South Korea,"February 23, 2020",2020,TV-14,1 Season,"International TV Shows, Korean TV Shows, Romantic TV Shows","When the ghost of a woman gains a second chance at life for 49 days, she reappears in front of her remarried husband and young daughter."
s2922,TV Show,Narcos: Mexico,,"Michael Peña, Diego Luna, Tenoch Huerta, Joaquin Cosio, José María Yazpik, Matt Letscher, Alyssa Diaz","Mexico, United States","February 13, 2020",2020,TV-MA,2 Seasons,"Crime TV Shows, TV Action & Adventure, TV Dramas","Witness the birth of the Mexican drug war in the 1980s as a gritty new ""Narcos"" saga chronicles the true story of the Guadalajara cartel's ascent."
s2923,TV Show,Palazuelos mi rey,,Roberto Palazuelos,,"February 13, 2020",2019,TV-14,1 Season,"International TV Shows, Reality TV, Spanish-Language TV Shows","This reality series follows entrepreneur and soap opera star Roberto Palazuelos as he builds his hotel empire and juggles riches, women and drama."
s2933,Movie,Fronteras,Andrew Dean,"Steve Oropeza, Steven Sean Garland, Wade Everett, Randy Green, Cortez Chappell, Tori Osborn, Larry Coulter, Cris Acosta",United States,"February 9, 2020",2018,TV-MA,106 min,"Dramas, Independent Movies, Thrillers","When a new, deadly narcotic sweeps the American Southwest, a Border Patrol agent must contend with a task force that challenges his duties and morals."
s2949,TV Show,The Pharmacist,"Julia Willoughby Nason, Jenner Furst",,United States,"February 5, 2020",2020,TV-MA,1 Season,"Crime TV Shows, Docuseries","After his son's tragic death, a Louisiana pharmacist goes to extremes to expose the rampant corruption behind the opioid addiction crisis."
s2958,Movie,Hum Aapke Hain Koun,Sooraj R. Barjatya,"Madhuri Dixit, Salman Khan, Mohnish Bahl, Renuka Shahane, Anupam Kher, Reema Lagoo, Alok Nath, Bindu",India,"February 1, 2020",1994,TV-14,193 min,"Classic Movies, Dramas, International Movies","Although Nisha falls for Prem, she agrees to marry his older brother for the good of their families. But fate may have other plans for the lovebirds."
s2961,Movie,Justice,Richard Gabai,"Nathan Parsons, Jamie-Lynn Sigler, Ellen Hollman, John Lewis, Niko Foster, Quinton Aaron, Jackson Rathbone, Robert Carradine, Lesley-Anne Down, Stephen Lang",United States,"February 1, 2020",2017,R,92 min,Movies,"A U.S. Marshal arrives at a small town in Nevada, only to learn that his preacher brother is dead after standing up to the town's mayor and outlaws."
s2964,Movie,Misfit 2,Erwin van den Eshof,"Djamila, Niek Roozen, Bente Fokkens, Jolijn Henneman, Fenna Ramos, Jill Schirnhofer, Donny Roelvink, Défano Holwijn",Netherlands,"February 1, 2020",2019,TV-G,82 min,"Children & Family Movies, Comedies, International Movies","When her boyfriend abruptly transfers schools, a gifted musician must pair up with an archrival to battle him in a student music competition."
s2985,TV Show,Omniscient,,"Carla Salle, Sandra Corveloni, Jonathan Haagensen, Guilherme Prates, Luana Tanaka, Marcello Airoldi, Marco Antônio Pâmio",Brazil,"January 29, 2020",2020,TV-MA,1 Season,"International TV Shows, TV Dramas, TV Sci-Fi & Fantasy","In a city where citizens are monitored 24/7, a tech employee must outsmart her surveillance drone in order to investigate a murder."
s3013,TV Show,Nailed It! Germany,,"Angelina Kirsch, Bernd Siefert",Germany,"January 17, 2020",2020,TV-14,1 Season,"International TV Shows, Reality TV","Home cooks try – and inevitably fail – to re-create spectacular confections on this comical competition show, all for a sweet 5,000 euros."
s3018,Movie,Jezebel,Numa Perrier,"Tiffany Tenille, Numa Perrier, Stephen Barrington, Bobby Field, Rockwelle Dortch, Zoe Tyson, Dennis Jaffee, Jessa Zarubica, RiRia, Charlie Taylor, Amy Aitken, Brett Gelman",United States,"January 16, 2020",2019,TV-MA,86 min,"Dramas, Independent Movies","During the internet's infancy, a vulnerable woman follows her sister into the sex industry as a webcam model but her sudden popularity tests their bond."
s3019,Movie,Legend,Brian Helgeland,"Tom Hardy, Emily Browning, David Thewlis, Duffy, Christopher Eccleston, Chazz Palminteri, Paul Bettany, Taron Egerton, Colin Morgan, Tara Fitzgerald","United Kingdom, France, United States","January 16, 2020",2015,R,132 min,"Dramas, International Movies, Thrillers",Identical twins and notorious gangsters Reggie and Ronnie Kray elude the authorities in 1960s London while transfixing and terrifying the public.
s3028,Movie,Leslie Jones: Time Machine,"David Benioff, D.B. Weiss",Leslie Jones,United States,"January 14, 2020",2020,TV-MA,66 min,Stand-Up Comedy,"From trying to seduce Prince to battling sleep apnea, Leslie Jones traces her evolution as an adult in a joyfully raw and outrageous stand-up special."
s3060,Movie,Garfield's Pet Force,Mark A.Z. Dippé,"Frank Welker, Vanessa Marshall, Gregg Berger, Wally Wingert, Audrey Wasilewski, Jason Marsden, Fred Tatasciore, Stephen Stanton, Jennifer Darling, Neil Ross, Greg Eagles, Cathy Cavadini, David Michie, Greg Finley","South Korea, United States","January 1, 2020",2009,G,78 min,"Children & Family Movies, Comedies","When an alien menace and her army of undead minions threaten to enslave the world, Garfield heads a team of comic-strip superheroes to save the day."
s3061,Movie,Ghost Stories,"Anurag Kashyap, Dibakar Banerjee, Karan Johar, Zoya Akhtar","Janhvi Kapoor, Sobhita Dhulipala, Sukant Goel, Gulshan Devaiah, Mrunal Thakur, Avinash Tiwary, Vijay Varma, Sagar Arya, Surekha Sikri, Pavail Gulati",India,"January 1, 2020",2020,TV-MA,145 min,"Horror Movies, International Movies, Thrillers","The directors of Emmy-nominated ""Lust Stories"" (Zoya Akhtar, Anurag Kashyap, Dibakar Banerjee and Karan Johar) reunite for this quartet of thrillers."
s3066,TV Show,Messiah,,"Michelle Monaghan, Mehdi Dehbi, John Ortiz, Tomer Sisley, Melinda Page Hamilton, Stefania LaVie Owen, Sayyid El Alami, Jane Adams, Wil Traval, Fares Landoulsi",United States,"January 1, 2020",2020,TV-MA,1 Season,"TV Dramas, TV Thrillers",A wary CIA officer investigates a charismatic man who sparks a spiritual movement and stirs political unrest. A fictional story not based on true events.
s3071,Movie,Posesif,Edwin,"Putri Marino, Adipati Dolken, Gritte Agatha, Chicco Kurniawan, Yayu Unru, Cut Mini Theo, Ismail Basbeth, Maulidina K. Putri",Indonesia,"January 1, 2020",2017,TV-MA,102 min,"Dramas, International Movies, Romantic Movies",A student diver risks her scholastic future and relationship with her father when she dates a moody transfer student consumed by their romance.
s3078,Movie,Aaviri,Ravi Babu,"Ravi Babu, Neha Chauhan, Sri Muktha, Bharani Shankar, Mukhtar Khan, Priya",India,"December 31, 2019",2019,TV-14,110 min,"Horror Movies, International Movies, Thrillers","After losing their first child in an accident, a couple moves to a palatial home, where their young daughter comes under the spell of an eerie spirit."
s3122,TV Show,Don't F**k with Cats: Hunting an Internet Killer,Mark Lewis,,"United Kingdom, United States","December 18, 2019",2019,TV-MA,1 Season,"Crime TV Shows, Docuseries",A twisted criminal's gruesome videos drive a group of amateur online sleuths to launch a risky manhunt that pulls them into a dark underworld.
s3129,TV Show,Cocomong,,"Jung Sun-hye, Yang Jeong-hwa, Kim Jang, Ryoo Jeom-hee, Hong Bum-ki, Shin Yong-woo",United States,"December 15, 2019",2015,TV-Y,2 Seasons,"Kids' TV, Korean TV Shows","What's in your fridge? In sunny Refrigerator Land, everyday ingredients transform into animal friends who love a good adventure."
s3144,Movie,Luck by Chance,Zoya Akhtar,"Farhan Akhtar, Konkona Sen Sharma, Rishi Kapoor, Dimple Kapadia, Isha Sharvani, Sanjay Kapoor, Juhi Chawla, Hrithik Roshan, Alyy Khan, Sheeba Chaddha",India,"December 15, 2019",2009,TV-14,156 min,"Dramas, International Movies, Romantic Movies","When Vikram gets tapped to play the male lead in a Bollywood film, he can't believe his luck. But it may ruin his relationship with his girlfriend."
s3147,TV Show,Scooby-Doo!: Mystery Incorporated,,"Frank Welker, Mindy Cohn, Grey DeLisle, Matthew Lillard, Patrick Warburton, Gary Cole, Frances Conroy, Vivica A. Fox",United States,"December 15, 2019",2012,TV-Y7,2 Seasons,"Kids' TV, TV Comedies","In this animated update of the cartoon classic, Scooby-Doo, Shaggy and their pals solve spooky mysteries in a hamlet bedeviled by supernatural bedlam."
s3182,Movie,The Irishman: In Conversation,,"Martin Scorsese, Robert De Niro, Al Pacino, Joe Pesci",United States,"December 5, 2019",2019,TV-MA,24 min,Documentaries,"Join director Martin Scorsese as he sits down with stars Robert De Niro, Al Pacino and Joe Pesci for an intimate, intriguing look inside ""The Irishman."""
s3183,TV Show,V Wars,,"Ian Somerhalder, Adrian Holmes, Jacky Lai, Kyle Breitkopf, Peter Outerbridge, Kimberly-Sue Murray, Sydney Meyer, Kandyse McClure, Laura Vandervoort, Michael Greyeyes, Greg Bryk, Teddy Moynihan, Ted Atherton, Jonathan Higgins, Nikki Reed, Samantha Liana Cole, Laura de Carteret, Bo Martyn",United States,"December 5, 2019",2019,TV-MA,1 Season,"TV Action & Adventure, TV Dramas, TV Horror",A fast-spreading disease that turns victims into blood-sucking fiends pits two best friends against each other in a fight for humanity's future.
s3188,TV Show,Nightflyers,,"Eoin Macken, David Ajala, Jodie Turner-Smith, Angus Sampson, Sam Strike, Maya Eshet, Brían F. O'Byrne, Gretchen Mol, Miranda Raison",United States,"December 2, 2019",2018,TV-MA,1 Season,"TV Horror, TV Mysteries, TV Sci-Fi & Fantasy","With humankind's future at stake, a group of scientists and a powerful telepath venture into the void aboard a spaceship full of secrets."
s3205,TV Show,Chocolate,,"Ha Ji-won, Yoon Kye-sang, Jang Seung-jo, Kang Bu-ja, Lee Jae-ryong, Min Jin-woong, Kim Won-hae, Yoo Teo",South Korea,"November 30, 2019",2019,TV-14,1 Season,"International TV Shows, Korean TV Shows, Romantic TV Shows","Brought together by meaningful meals in the past and present, a doctor and a chef are reacquainted when they begin working at a hospice ward."
s3214,Movie,Lagos Real Fake Life,Mike Ezuruonye,"Nonso Diobi, Mike Ezuruonye, Mercy Aigbe, Rex Nosa, Annie Macaulay Idibia, Ik Ogbonna, Nedu Wazobia, Uzee Usman, Odunlade Adekola, Mr Jollof, Efe Irele, Josh 2 Funny, Haillie Sumney, Emmanuella, MC Lively",,"November 29, 2019",2018,TV-MA,118 min,"Comedies, International Movies","Two mooching friends vie for the attention of wealthy, beautiful women only to discover that their lavish lifestyles are bogus."
s3258,TV Show,Miss Culinary,,"Wanida Termthanaporn, Jason Young, Thanawin Teeraphosukarn, Thanabordee Jaiyen, Chonnikan Netjui, Passaranan Ussadamongkol, Janya Thanasawangkun, Jaturong Mokjok, Panadda Wongphudee️️",,"November 19, 2019",2019,TV-14,1 Season,"International TV Shows, Romantic TV Shows, TV Comedies","After ditching her domestic life to become a chef, a clueless maid crosses paths with two charming suitors who help her reach her dreams."
s3289,TV Show,Chief of Staff,,"Lee Jung-jae, Shin Mina, Lee Elijah, Kim Dong-jun, Jung Jin-young, Kim Kap-soo, Jung Woong-in, Im Won-hee, Kim Hong-pa",South Korea,"November 12, 2019",2019,TV-14,2 Seasons,"International TV Shows, Korean TV Shows, TV Dramas","As a chief of staff in the National Assembly, Jang Tae-jun influences power behind the scenes while pursuing his own ambitions to rise to the top."
s3299,TV Show,Wild District,,"Juan Pablo Raba, Cristina Umaña, Camila Sodi, Christian Tappán, Juan Fernando Sánchez, Juan Sebastián Calero, Paula Castaño, Nicolás Quiroga, Alina Lozano, Carolina Acevedo, Julio César Pachón, Roberto Cano",Colombia,"November 8, 2019",2019,TV-MA,2 Seasons,"Crime TV Shows, International TV Shows, Spanish-Language TV Shows","After surrendering to Bogotá police, an ex-guerrilla avoids prison by working undercover to investigate a ruthless enforcer of government corruption."
s3318,Movie,Big Time Movie,Savage Steve Holland,"Kendall Schmidt, James Maslow, Carlos PenaVega, Logan Henderson, Ciara Bravo, Challen Cates, Tanya Chisholm, Stephen Kramer Glickman, Trevor Devall, Christopher Shyer","United States, Canada","November 2, 2019",2012,TV-PG,68 min,"Children & Family Movies, Comedies, Music & Musicals","Big Time Rush heads to London for their first world tour, but when the boys' bags are switched, they get mixed up in a mission to save the world."
s3333,Movie,Christmas Survival,James Dearden,"Julian Ovenden, Gemma Whelan, Joely Richardson, Michael Landes, Sally Phillips, Patricia Hodge, Ronni Ancona, James Fox, Sophie Simnett, Jade Ma",United Kingdom,"November 1, 2019",2018,TV-MA,101 min,Comedies,"With Christmas just around the corner, sisters Miranda and Lyla bring their families to their childhood home, where rivalries don't take a holiday."
s3356,TV Show,KENGAN ASHURA,,"Tatsuhisa Suzuki, Cho, Jouji Nakata, Yumi Uchiyama, Hayato Kaneko, Tetsu Inada, Yasuyuki Kase, Junya Enoki, Daisuke Namikawa, Ryuzo Hasuike","United States, Japan","October 31, 2019",2019,TV-MA,2 Seasons,"Anime Series, International TV Shows","Ohma Tokita enters a hidden world where corporate disputes are settled in brutal gladiator bouts. Forget the money, he just wants to fight – and win."
s3363,Movie,Arsenio Hall: Smart & Classy,Brian Volk-Weiss,Arsenio Hall,United States,"October 29, 2019",2019,TV-MA,63 min,Stand-Up Comedy,"In his first stand-up special, Arsenio Hall discusses getting older, the changing times and culture, social issues and even bothersome baby toes."
s3379,TV Show,Nailed It! Spain,,"La Terremoto de Alcorcón, Christian Escribà",Spain,"October 25, 2019",2019,TV-PG,1 Season,"International TV Shows, Reality TV, Spanish-Language TV Shows","On this competition show, novice bakers try to avoid a fiasco while duplicating stunning sweets. At stake are a trophy and 5,000 euros."
s3383,TV Show,Daybreak,,"Colin Ford, Alyvia Alyn Lind, Sophie Simnett, Austin Crute, Cody Kearsley, Jeanté Godlock, Gregory Kasyan, Krysta Rodriguez, Matthew Broderick",United States,"October 24, 2019",2019,TV-MA,1 Season,"TV Action & Adventure, TV Comedies, TV Horror","Living his best life in post-apocalyptic LA, a slacker strives to find the girl of his dreams while outwitting mindless ghouls and cliquish gangs."
s3456,TV Show,Super Monsters,,"Elyse Maloway, Vincent Tong, Erin Matthews, Andrea Libman, Alessandro Juliani, Nicole Anthony, Ian James Corlett, Britt McKillip, Kathleen Barr, Diana Kaarina",,"October 4, 2019",2019,TV-Y,3 Seasons,Kids' TV,Preschool kids whose parents are the world's most famous monsters try to master their special powers while preparing for kindergarten.
s3459,TV Show,Living Undocumented,,,United States,"October 2, 2019",2019,TV-MA,1 Season,Docuseries,Eight undocumented families' fates roller-coast as the United States' immigration policies are transformed.
s3480,Movie,Cultivating the Seas: History and Future of the Full-Cycle Cultured Kindai Tuna,Mana Yasuda,,,"September 28, 2019",2019,TV-PG,45 min,"Documentaries, International Movies",An in-depth look at the full-cycle breeding program for bluefin Kindai tuna pioneered by Kinki University’s Aqua Culture Research Institute.
s3481,Movie,TUNA GIRL,Mana Yasuda,"Fuka Koshiba, Tom Fujita, Hidetoshi Hoshida, Hiroto Kanai, Ryosuke Yusa, Shuri Tanaka, Chal Inoue, Takashi Taniguchi, Takeshi Masu",Japan,"September 28, 2019",2019,TV-PG,90 min,"Dramas, International Movies",A clumsy but cheerful fisheries student struggles to find her place at a research institute renowned for its tuna cultivation. The work isn't easy.
s3482,TV Show,Bard of Blood,,"Emraan Hashmi, Viineet Kumar, Sobhita Dhulipala, Jaideep Ahlawat, Kirti Kulhari, Sohum Shah, Rajit Kapoor, Danish Hussain",India,"September 27, 2019",2019,TV-MA,1 Season,"International TV Shows, TV Action & Adventure, TV Dramas","Years after a disastrous job in Balochistan, a former Indian spy must confront his past when he returns to lead an unsanctioned hostage-rescue mission."
s3499,Movie,Do Paise Ki Dhoop Chaar Aane Ki Baarish,Deepti Naval,"Manisha Koirala, Rajit Kapoor, Sanaj Naval, Rajendra Gupta, Suhaas Khandke, Nassar Abdulla, Saurabh Dubey, Usha Jadhav, Ashwin Kaushal, Milind Soman",India,"September 22, 2019",2009,TV-MA,121 min,"Dramas, Independent Movies, International Movies","When a sex worker hires a gay songwriter to care for her disabled son, the ensuing bonds that form offer a complex portrayal of love and family."
s3521,Movie,Locked on You,Kıvanç Baruönü,"Ata Demirer, Demet Akbağ, Gonca Vuslateri, İlker Aksum, Tarık Ünlüoğlu, Erkan Can, Hande Dane, Ayten Uncuoğlu, Hakan Salınmış, İştar Gökseven",Turkey,"September 13, 2019",2018,TV-14,105 min,"Comedies, International Movies","When his chatty nature lands him in trouble, an unlucky meatball seller flees Istanbul and finds a new life on a beautiful island."
s3528,TV Show,"The Mind, Explained",,Emma Stone,United States,"September 12, 2019",2019,TV-14,1 Season,"Docuseries, Science & Nature TV","Ever wonder what's happening inside your head? From dreaming to anxiety disorders, discover how your brain works with this illuminating series."
s3529,Movie,Bill Burr: Paper Tiger,Mike Binder,Bill Burr,"United States, United Kingdom","September 10, 2019",2019,TV-MA,67 min,Stand-Up Comedy,"Bill Burr unloads on outrage culture, male feminism, cultural appropriation, robot sex and more in a blistering stand-up special shot in London."
s3530,Movie,Evelyn,Orlando von Einsiedel,,United Kingdom,"September 10, 2019",2019,TV-MA,96 min,"Documentaries, International Movies","Haunted by the suicide of a brother, a director and his kin walk across the U.K. in an emotionally trying, visually sublime journey toward healing."
s3533,Movie,Ee Nagaraniki Emaindi,Tharun Bhascker,"Vishwaksen Naidu, Sushanth Reddy, Abhinav Gomatam, Venkatesh Kakumanu, Anisha Ambrose, Simran Choudhary",India,"September 6, 2019",2018,TV-14,133 min,"Comedies, Independent Movies, International Movies","In Goa and in desperate need of cash, four childhood friends get another shot at making their long-abandoned dreams of becoming filmmakers come true."
s3542,TV Show,Naruto,Hayato Date,"Junko Takeuchi, Chie Nakamura, Noriaki Sugiyama, Kazuhiko Inoue, Toshihiko Seki, Hidekatsu Shibata, Masako Katsuki, Nana Mizuki",Japan,"September 1, 2019",2006,TV-14,9 Seasons,"Anime Series, International TV Shows","Guided by the spirit demon within him, orphaned Naruto learns to harness his powers as a ninja in this anime adventure series."
s3545,Movie,Spookley the Square Pumpkin,Bernie Denk,"Sonja Ball, Craig Francis, Rick Jones, Michel Perron, Holly Gauthier-Frankel, Norman Groulx, Terrence Scammell, Bruce Dinsmore, Jennifer Seguin",United States,"September 1, 2019",2004,G,47 min,Children & Family Movies,"When a storm terrorizes his patch, a pumpkin cast out for his shape must step up to use his smarts to save the day – and to prove himself."
s3568,Movie,American Factory,"Steven Bognar, Julia Reichert",,United States,"August 21, 2019",2019,TV-14,110 min,Documentaries,"In this documentary, hopes soar when a Chinese company reopens a shuttered factory in Ohio. But a culture clash threatens to shatter an American dream."
s3571,Movie,Game Over (Telugu Version),Ashwin Saravanan,"Taapsee Pannu, Vinodhini, Parvathi T, Ramya Subramanian, Sanchana Natarajan, Anish Kuruvilla, David Solomon Raja",,"August 21, 2019",2019,TV-MA,98 min,"Horror Movies, International Movies, Thrillers","As a series of murders hit close to home, a video game designer with PTSD must confront her demons, or risk becoming their victim."
s3579,TV Show,Diagnosis,,Lisa Sanders,United States,"August 16, 2019",2019,TV-14,1 Season,"Docuseries, Science & Nature TV",Dr. Lisa Sanders crowdsources diagnoses for mysterious and rare medical conditions in a documentary series based on her New York Times Magazine column.
s3616,TV Show,Wu Assassins,,"Iko Uwais, Katheryn Winnick, Byron Mann, Tommy Flanagan, Li Jun Li, Celia Au, Lewis Tan, Lawrence Kao, Juju Chan, Tzi Ma, Cranston Johnson, Mark Dacascos, Kevin Durand, Jeff Fahey, Summer Glau",United States,"August 8, 2019",2019,TV-MA,1 Season,"TV Action & Adventure, TV Sci-Fi & Fantasy",An unassuming San Francisco chef becomes the latest in a long line of assassins chosen to keep the mystical Wu powers out of the wrong hands.
s3617,Movie,Badla,Sujoy Ghosh,"Amitabh Bachchan, Taapsee Pannu, Amrita Singh, Tony Luke, Manav Kaul",India,"August 7, 2019",2019,TV-14,117 min,"International Movies, Thrillers","When a woman is accused of killing her lover, a renowned lawyer is hired – but the more they try to  untangle the truth, the more convoluted it becomes."
s3667,TV Show,GRANBLUE FANTASY the Animation,,"Yuki Ono, Nao Toyama, Rie Kugimiya, Miyuki Sawashiro, Hiroaki Hirata, Yukari Tamura, Kazuhiro Yamaji, Rie Tanaka, Emiri Kato, Tomokazu Sugita, Kanae Ito",Japan,"July 15, 2019",2017,TV-PG,1 Season,"Anime Series, International TV Shows","In a world where islands float in the sky, Gran encounters a mysterious girl wanted by the Erste Empire for her ability to summon Primal Beasts."
s3689,TV Show,Bangkok Love Stories: Objects of Affection,,"Apinya Sakuljaroensuk, Kanokchat Munyadon, Gyeon Seo, Nalin Hohler, Thongpoom Siripipat, Chinawut Indracusin, Preeyada Sitthachai, Akarin Akaranitimaytharatt, Adul Charoenrasameekiat, Kanlaya Lertkasemsup",Thailand,"July 2, 2019",2019,TV-14,1 Season,"International TV Shows, Romantic TV Shows, TV Dramas",A kind computer repairman falls for a street-smart graffiti artist whose multiple personality disorder worsens after she witnesses a double murder.
s3708,TV Show,Motown Magic,,,"Australia, United States","June 28, 2019",2019,TV-Y,2 Seasons,"Kids' TV, TV Sci-Fi & Fantasy","Imaginative boy Ben transforms his city by bringing colorful street art to life, armed with a magic paintbrush – and the classic sounds of Motown."
s3709,TV Show,Paquita Salas,,"Brays Efe, Belén Cuesta, Lidia San José, Álex de Lucas, Mariona Terés",Spain,"June 28, 2019",2018,TV-MA,3 Seasons,"International TV Shows, Spanish-Language TV Shows, TV Comedies","One of Spain's best talent agents in the '90s, Paquita now finds herself searching desperately for new stars after suddenly losing her biggest client."
s3721,Movie,EVANGELION: DEATH (TRUE)²,Hideaki Anno,"Megumi Ogata, Kotono Mitsuishi, Megumi Hayashibara, Yuko Miyamura, Yuriko Yamaguchi, Fumihiko Tachiki, Motomu Kiyokawa, Koichi Yamadera, Takehito Koyasu, Hiro Yuki, Miki Nagasawa, Mugihito, Akira Ishida",Japan,"June 21, 2019",1998,TV-MA,69 min,"Action & Adventure, Anime Features, International Movies","Fifteen years after the Second Impact, apathetic teen Shinji joins his father's group NERV to fight the Angels. But the truth may destroy them all."
s3774,Movie,A Silent Voice,Naoko Yamada,"Miyu Irino, Saori Hayami, Aoi Yuki, Kensho Ono, Yuki Kaneko, Yui Ishikawa, Megumi Han, Toshiyuki Toyonaga, Mayu Matsuoka",Japan,"June 5, 2019",2016,TV-14,130 min,"Anime Features, International Movies",A former class bully reaches out to the deaf girl he'd tormented in grade school. He feels unworthy of redemption but tries to make things right.
s3775,TV Show,Black Mirror,,"Jesse Plemons, Cristin Milioti, Jimmi Simpson, Rosemarie DeWitt, Douglas Hodge, Andrea Riseborough, Brenna Harding, Owen Teague, Andrew Gower, Kiran Sonia Sawar, Georgina Campbell, Joe Cole, Maxine Peake, Jake Davies, Clint Dyer, Letitia Wright, Babs Olusanmokun, Bryce Dallas Howard, Alice Eve, Michael Kelly, Cherry Jones, Gugu Mbatha-Raw, Mackenzie Davis, Wyatt Russell, Benedict Wong, Kelly Macdonald, Faye Marsay, Madeline Brewer, Hannah John-Kamen, Malachi Kirby, Alex Lawther, Jerome Flynn, James Norton, Rory Kinnear, Lindsay Duncan, Daniel Kaluuya, Jessica Brown Findlay, Rupert Everett, Toby Kebbell, Jodie Whittaker, Hayley Atwell, Domhnall Gleeson, Lenora Crichlow, Michael Smiley, Daniel Rigby, Chloe Pirrie, Jason Flemyng, Jon Hamm, Oona Chaplin, Rafe Spall",United Kingdom,"June 5, 2019",2019,TV-MA,5 Seasons,"British TV Shows, International TV Shows, TV Dramas","This sci-fi anthology series explores a twisted, high-tech near-future where humanity's greatest innovations and darkest instincts collide."
s3783,TV Show,A Thousand Goodnights,,"Cindy Lien, Nicholas Teo, Yao Ai-ning, Li Chung-lin, Chen Bor-jeng, Miao Ke-li",Taiwan,"June 1, 2019",2019,TV-14,1 Season,"International TV Shows, TV Dramas","To carry out her dad's wish and discover her roots, Dai Tian-qing embarks on a journey around Taiwan and finds love and redemption on the way."
s3788,TV Show,Bad Blood,,"Anthony LaPaglia, Kim Coates, Enrico Colantoni, Paul Sorvino, Maxim Roy, Brett Donahue, Michelle Mylett, Claudia Ferri, Tony Nappo",Canada,"May 31, 2019",2019,TV-MA,2 Seasons,"Crime TV Shows, TV Dramas","This sprawling crime drama follows the true story of the Rizzuto family and its associates, who presided over organized crime in Montreal for decades."
s3818,TV Show,White Gold,,"Ed Westwick, James Buckley, Joe Thomas, Lauren O'Rourke, Linzey Cocker, Nigel Lindsay, Lloyd Hutchinson, Lee Ross",United Kingdom,"May 17, 2019",2019,TV-MA,2 Seasons,"British TV Shows, International TV Shows, TV Comedies","In 1980s Essex, cocky salesman Vincent Swan and his unscrupulous team will do anything to get the sale – including throwing honesty out the window."
s3834,Movie,Shéhérazade,Jean-Bernard Marlin,"Dylan Robert, Kenza Fortas, Idir Azougli, Lisa Amedjout, Sofia Bent, Nabila Bounad, Kader Benchoudar, Nabila Ait Amer",France,"May 11, 2019",2019,TV-MA,111 min,"Dramas, Independent Movies, International Movies","Fresh out of juvenile detention in Marseille, 17-year-old Zach falls for a young prostitute and soon faces a dire dilemma while working as a pimp."
s3853,TV Show,Abyss,,"Park Bo-young, Ahn Hyo-seop, Lee Sung-jae, Lee Si-eon, Han So-hee, Kwon Soo-hyun, Kim Sa-rang, Ahn Se-ha, Yun Yoo-sun",South Korea,"May 7, 2019",2019,TV-14,1 Season,"Crime TV Shows, International TV Shows, Korean TV Shows","After meeting an untimely demise in separate incidents, Cha Min and Go Se-yeon discover they’ve come back to life in new bodies they don’t recognize."
s3860,Movie,All In My Family,Hao Wu,,United States,"May 3, 2019",2019,TV-14,40 min,"Documentaries, LGBTQ Movies","After starting a family of his very own in America, a gay filmmaker documents his loving, traditional Chinese family's process of acceptance."
s3863,Movie,Despite Everything,Gabriela Tagliavini,"Blanca Suárez, Macarena García, Amaia Salamanca, Belén Cuesta, Maxi Iglesias, Juan Diego, Joaquín Climent, Carlos Bardem, Emilio Gutiérrez Caba, Tito Valverde, Teresa Rabal, Rossy de Palma, Marisa Paredes",Spain,"May 3, 2019",2019,TV-MA,79 min,"Comedies, International Movies, Romantic Movies","After their mother's death, four sisters learn a shocking family secret and embark on an adventure to discover the truth about their genealogy."
s3871,TV Show,Code Geass: Lelouch of the Rebellion,,"Jun Fukuyama, Takahiro Sakurai, Yukana, Ami Koshimizu, Kaori Nazuka, Fumiko Orikasa, Sayaka Ohara, Noriaki Sugiyama, Takahiro Mizushima, Soichiro Hoshi, Yuko Goto",Japan,"May 1, 2019",2008,TV-MA,2 Seasons,"Anime Series, International TV Shows",A high-schooler who's granted powers to make anyone instantly obedient dons a mask to lead Japan's rebellion against a long-invading Britannia.
s3890,Movie,Money Trap,Yılmaz Erdoğan,"Yılmaz Erdoğan, Kıvanç Tatlıtuğ, Ezgi Mola, Bensu Soral, Rıza Kocaoğlu, Okan Çabalar, Güven Kıraç, Ahmet Mümtaz Taylan",Turkey,"April 26, 2019",2019,TV-MA,122 min,"Comedies, Dramas, International Movies","When his daughter and son-in-law fall prey to a scam, Istanbul con man Asım Noyan meets his match in a madcap kingpin of an underground gambling world."
s3899,TV Show,Lunatics,,Chris Lilley,Australia,"April 19, 2019",2019,TV-MA,1 Season,"International TV Shows, TV Comedies",This mockumentary series follows the peculiar lives of six eccentric – and sometimes obscene – misfits who march to their own beat.
s3932,TV Show,You vs. Wild,,Bear Grylls,United States,"April 10, 2019",2019,TV-PG,1 Season,"Kids' TV, Reality TV, Science & Nature TV","In this interactive series, you'll make key decisions to help Bear Grylls survive, thrive and complete missions in the harshest environments on Earth."
s3937,TV Show,Derek,,"Ricky Gervais, Kerry Godliman, Karl Pilkington, David Earl, Kay Noone, Tim Barlow, Arthur Nightingale, Sheila Collings, Margaret Towner, Barry Martin, Prem Modgil, Blanche Williams, Ninette Finch, Brett Goldstein, Ruth Bratt, Holli Dempsey",United Kingdom,"April 5, 2019",2015,TV-MA,3 Seasons,"British TV Shows, International TV Shows, TV Comedies",Ricky Gervais created and stars in this heartwarming comedy-drama series as a loyal English nursing home caretaker who sees only the good in everyone.
s3942,TV Show,Rimba Racer,,"Steven Tan, Iain McNally, Chi-Ren Choong, Kevin Adrian Barnaby, Tikriti Shabudin, Sherilyn Pang Li Ching, Azman Zulkiply",Malaysia,"April 5, 2019",2017,TV-PG,1 Season,Kids' TV,"In this animated action series, a rookie driver seeks glory in a world-class auto race, but he’ll need more than just his talent behind the wheel."
s3946,Movie,Unicorn Store,Brie Larson,"Brie Larson, Samuel L. Jackson, Joan Cusack, Bradley Whitford, Mamoudou Athie, Hamish Linklater, Martha MacIsaac, Karan Soni, Annaleigh Ashford",United States,"April 5, 2019",2019,TV-14,92 min,"Comedies, Dramas, Independent Movies","After failing out of art school and taking a humdrum office job, a whimsical painter gets a chance to fulfill her lifelong dream of adopting a unicorn."
s3961,Movie,The Burial of Kojo,"Sam ""Blitz"" Bazawule","Cynthia Dankwa, Ama K. Abebrese, Joseph Otsiman, Kobina Amissah Sam, Mamley Djangmah, Henry Adofo, Anima Misa, Brian Angels","Ghana, United States","March 31, 2019",2018,TV-14,81 min,"Dramas, Independent Movies, International Movies","When a man is left to die inside an illegal gold mine, his daughter travels through a magical landscape to save him."
s3967,Movie,The Highwaymen,John Lee Hancock,"Kevin Costner, Woody Harrelson, Kathy Bates, John Carroll Lynch, Thomas Mann, Kim Dickens, W. Earl Brown, William Sadler",United States,"March 29, 2019",2019,R,132 min,Dramas,Two steely former Texas Rangers are tasked with tracking and killing infamous criminals Bonnie and Clyde in this crime drama based on real events.
s3972,TV Show,Ainori Love Wagon: Asian Journey,,"Becky, Audrey, Mayuko Kawakita, Shimon Okura",Japan,"March 28, 2019",2018,TV-MA,2 Seasons,"International TV Shows, Reality TV, Romantic TV Shows","Seven men and women board a pink bus in search of true love. On a journey through Asia with strangers, their goal is to return to Japan as a couple."
s3979,Movie,Oversize Cops,"Chanon Yingyong, Phuwanit Pholdee","Sarun Cinsuvapala, Pramote Pathan, Suphachai Subprasert, Somyos Matures, Supavitch Nepremwattana, Nachjaree Horvejkul, Jatupone Chompoonich, Chertsak Pratumseesakhon",Thailand,"March 23, 2019",2017,TV-MA,100 min,"Action & Adventure, Comedies, International Movies","While investigating a bank robbery, a squad of overweight police officers undergoes rigorous training to shed pounds."
s3986,Movie,The Dirt,Jeff Tremaine,"Douglas Booth, Iwan Rheon, Colson Baker, Daniel Webber, David Costabile, Pete Davidson",United States,"March 22, 2019",2019,TV-MA,108 min,"Comedies, Dramas, Music & Musicals","In this unflinching biopic based on Mötley Crüe's best-selling book, four LA misfits navigate the monster highs and savage lows of music superstardom."
s4011,Movie,Jeff Dunham's Very Special Christmas Special,Michael Simon,"Jeff Dunham, Brian Haner",United States,"March 15, 2019",2008,TV-MA,85 min,Stand-Up Comedy,"Politically incorrect, sometimes raunchy ventriloquist Jeff Dunham is joined by his irreverent cast of characters in this hilarious Christmas special."
s4020,Movie,Everything About Her,Joyce Bernal,"Angel Locsin, Xian Lim, Vilma Santos, Michael De Mesa, Nonie Buencamino, Khalil Ramos, Devon Seron, Alexa Ilacad, Nor Domingo, Robert Villar",Philippines,"March 14, 2019",2016,TV-MA,127 min,"Comedies, Dramas, International Movies",A hard-driving real estate tycoon who becomes ill with cancer hires a medical caretaker who helps her begin to mend fences with her estranged son.
s4032,Movie,Hajwala 2: Mysterious Mission,"Ibrahim Bin Mohamed, Hasan Aljaberi","Hussain Al Hosani, Ali Almarzouqi, Abdullah Al Yousef, Omar Al Hafidh, Meral Niazi, Yaser Hassan, Fatema Almansoori, Ahmed El Mohammdi",United Arab Emirates,"March 8, 2019",2018,TV-14,116 min,"Action & Adventure, Comedies, International Movies","In this sequel, a group of expert drivers skilled in drifting and high-speed racing is recruited to perform obscure tasks for a shadowy gang."
s4048,Movie,No Other Woman,Ruel S. Bayani,"Anne Curtis, Derek Ramsay, Cristine Reyes, Tirso Cruz III, Carmi Martin, John Arcilla, Marlann Flores, Ron Morales, Kat Alano",Philippines,"March 4, 2019",2011,TV-MA,103 min,"Dramas, International Movies, Romantic Movies","A happily married man gives in to temptation when a wealthy client pursues him, setting off a torrid love triangle."
s4052,Movie,"2,215",Nottapon Boonprakob,Artiwara Kongmalai,Thailand,"March 1, 2019",2018,TV-MA,89 min,"Documentaries, International Movies, Sports Movies","This intimate documentary follows rock star Artiwara Kongmalai on his historic, 2,215-kilometer charity run across Thailand in 2017."
s4079,Movie,The Mistress,Olivia M. Lamasan,"John Lloyd Cruz, Bea Alonzo, Hilda Koronel, Ronaldo Valdez, Anita Linda, Carmi Martin",Philippines,"February 27, 2019",2012,TV-MA,132 min,"Dramas, International Movies, Romantic Movies",The mistress of a wealthy businessman is torn between her loyalty to him and her love for a young architect connected to her in unexpected ways.
s4082,Movie,Life of An Outcast,Pawan K Shrivastava,"Ravi Bhushan Bhartiya, Shalini Mohan, Bhaskar Jha, Manohar Pandey, Siddharth Bharadwaj, Jay Shanker Pandey, Deepak Jha, Komal Singh",India,"February 25, 2019",2018,TV-PG,80 min,"Dramas, Independent Movies, International Movies","When authorities jail his son for rejecting religious bias, a poor father’s struggle to bail him out highlights rural India’s enduring casteism."
s4111,Movie,The Breaker Upperers,"Jackie van Beek, Madeleine Sami","Madeleine Sami, Jackie van Beek, James Rolleston, Celia Pacquola, Ana Scotney, Rima Te Wiata, Carl Bland, Brett O'Gorman, Cohen Holloway, Jemaine Clement",New Zealand,"February 15, 2019",2018,TV-MA,82 min,"Comedies, Independent Movies, International Movies","For the right price, BFFs Jen and Mel will ruthlessly end any romance. But when one of them grows a conscience, their friendship begins to unravel."
s4126,TV Show,The Last of the Schmucks,,"Chico, Ahmed Mekky, Hesham Maged, Bayoumi Fouad, Dina El-Sherbiny",Egypt,"February 7, 2019",2017,TV-MA,1 Season,"International TV Shows, TV Comedies","The year is 2041 and a dispute between a man and his wife has set the human race back. In this battle of the sexes, the primitive life isn't so simple."
s4133,TV Show,Romance is a bonus book,,"Lee Jong-suk, Lee Na-young, Jung Eugene, Wi Ha-jun, Kim Tae-woo, Kim Yu-mi, Cho Han-cheul, Kim Sun-young",South Korea,"February 3, 2019",2019,TV-14,1 Season,"International TV Shows, Korean TV Shows, Romantic TV Shows",A gifted writer who's the youngest editor-in-chief ever at his publishing company gets enmeshed in the life of a former copywriter desperate for a job.
s4149,Movie,Love Off the Cuff,Pang Ho-cheung,"Miriam Chin Wah Yeung, Shawn Yue, Paul Chun, Jiang Mengjie, Wang Xiao Chen, Siu Yam Yam, Kwok Cheung Tsang, Toby Lee, Dada Chan, Hugo Ng","China, Hong Kong","January 31, 2019",2017,TV-MA,120 min,"Comedies, Dramas, International Movies",Cherie and Jimmy's relationship is in a rut – until Cherie's estranged father shows up and a woman from Jimmy's past shows up with a hidden agenda.
s4162,Movie,Surga Yang Tak Dirindukan 2,"Hanung Bramantyo, Meisa Felaroze","Fedi Nuril, Raline Shah, Laudya Cynthia Bella, Reza Rahadian, Nora Danish",Indonesia,"January 28, 2019",2017,TV-14,119 min,"Dramas, Faith & Spirituality, International Movies","In this sequel to the award-winning 2015 film, Pras, Arini and Meirose face new challenges that could change the dynamic of their unique love triangle."
s4193,Movie,Revenger,Lee Seung-won,"Bruce Khan, Park Hee-soon, Yoon Jin-seo, Kim In-kwon, Kim Na-yeon, Park Cheol-min, Jeon Soo-jin, Kim Jae-hyun, Choi Je-heon",South Korea,"January 15, 2019",2018,TV-MA,102 min,"Action & Adventure, International Movies","Hell-bent on avenging the murder of his family, a former detective infiltrates a remote island that serves as a prison for vicious death row criminals."
s4199,Movie,All of You,Dan Villegas,"Jennylyn Mercado, Derek Ramsay, Yayo Aguila, Kean Cipriano, Nico Antonio, Enzo Marcos, Via Antonio, Hannah Ladesma",Philippines,"January 11, 2019",2017,TV-MA,104 min,"Comedies, Dramas, International Movies","Two strangers meet on a dating app and experience instant chemistry, but their relationship unravels as jarring differences catch up to them."
s4236,Movie,Gina Yashere: Skinny B*tch,,Gina Yashere,United Kingdom,"December 31, 2018",2008,TV-MA,58 min,Stand-Up Comedy,"Standup comedian and ""Daily Show"" correspondent Gina Yashere delivers a sharp set of wry observations on the environment, money and more."
s4241,Movie,Sam Kinison: The Scream Continues,,Sam Kinison,United States,"December 31, 2018",2016,TV-MA,29 min,Documentaries,Sam's brother and former manager Bill Kinison speaks about the late comedian's journey from preacher to standup legend.
s4246,Movie,Tim Allen: ReWires America,,Tim Allen,United States,"December 31, 2018",1991,TV-MA,30 min,Stand-Up Comedy,"Standup star Tim Allen storms the stage for a set chock-full of observations about powerful cars, beautiful lawns and more of the things he loves."
s4251,TV Show,Pioneers: First Women Filmmakers*,,,,"December 30, 2018",1925,TV-14,1 Season,TV Shows,"This collection restores films from women who tackled hot-button issues, transcended norms, and left a mark on the history of cinema and the industry."
s4255,TV Show,Hashoter Hatov,,"Moshe Ivgy, Guy Loel, Yuval Semo, Yigal Adika, Avi Shnaidman, Vered Feldman, Liora Rivlin",Israel,"December 28, 2018",2015,TV-MA,1 Season,"Crime TV Shows, International TV Shows, TV Comedies",An honest – though overzealous – police officer strives to do good work while dealing with his bickering parents and incompetent coworkers.
s4271,TV Show,LAST HOPE,,"Tomoaki Maeno, Kana Hanazawa, Kenjiro Tsuda, Nao Toyama, Yuma Uchida, Unsho Ishizuka, Yuuichirou Umehara, Ai Kayano",Japan,"December 21, 2018",2018,TV-14,2 Seasons,"Anime Series, International TV Shows","After causing the near extinction of mankind seven years ago, genius scientist Leon Lau must now fight the ecological disaster he unwittingly created."
s4292,Movie,Kill the Messenger,Michael Cuesta,"Jeremy Renner, Rosemarie DeWitt, Ray Liotta, Tim Blake Nelson, Oliver Platt, Barry Pepper, Michael Sheen, Paz Vega, Michael Kenneth Williams, Mary Elizabeth Winstead, Andy Garcia, Robert Patrick",United States,"December 16, 2018",2014,R,112 min,"Dramas, Thrillers","In the 1980s, a crusading journalist uncovers secret CIA funding for Nicaraguan rebels, but the powers that be silence his investigation."
s4302,Movie,Once in a Lifetime Sessions with Snow Patrol,Matt Askem,"Gary Lightbody, Nathan Connolly, Jonny Quinn, Paul Wilson, Johnny McDaid, Edith Bowman",United States,"December 15, 2018",2018,TV-MA,83 min,"Documentaries, Music & Musicals","In addition to concert scenes and studio recording sessions, this documentary presents exclusive interviews of the five men from the Irish rock band."
s4307,Movie,ROMA,Alfonso Cuarón,"Yalitza Aparicio, Marina de Tavira","Mexico, United States","December 14, 2018",2018,R,135 min,"Dramas, Independent Movies, International Movies","Director Alfonso Cuarón delivers a vivid, emotional portrait of domestic life and social hierarchy set against Mexico's political turmoil of the 1970s."
s4323,Movie,ReMastered: Who Killed Jam Master Jay?,Brian Oakes,,,"December 7, 2018",2018,TV-MA,59 min,"Documentaries, Music & Musicals",Run-DMC DJ Jam Master Jay made a huge impact in music and his community. But friends and family still seek closure years after his unsolved murder.
s4326,Movie,RUSSELL BRAND: RE:BIRTH,Chris Howe,Russell Brand,,"December 4, 2018",2018,TV-MA,63 min,Stand-Up Comedy,Russell Brand gets loquacious in London as he ruminates on the state of the world and marvels over how his life changed the moment he became a father.
s4327,TV Show,The Sound of Your Heart: Reboot,,"Sung Hoon, Kwon Yuri, Tae Hang-ho, Joo Jin-mo, Shim Hye-jin, Ji Su-won, Park Cheol-min, Kim Seong-won, Kang Yoon, Seo Eun-ah, Bae Yoon-kyung",South Korea,"December 3, 2018",2018,TV-14,2 Seasons,"International TV Shows, Korean TV Shows, TV Comedies","Webtoonist Cho Seok is back with more anecdotes of mix-ups, unintended antics, and bathroom blunders in this reboot starring an all-new cast."
s4329,Movie,Teefa in Trouble,Ahsan Rahim,"Ali Zafar, Maya Ali, Javed Sheikh, Mehmood Aslam, Faisal Qureshi, Nayyar Ejaz, Asma Abbas, Marhoom Ahmad Bilal, Simi Raheal, Salman Bokhari",Pakistan,"December 2, 2018",2018,TV-14,155 min,"Action & Adventure, Comedies, International Movies","A gangster hires goon Teefa to abduct his friend’s daughter for an arranged marriage, but things get tricky when Teefa develops feelings for the girl."
s4336,Movie,Chal Bhaag,Prakash Balwant Saini,"Deepak Dobriyal, Tarun Bajaj, Keeya Khanna, Varun Mehra, Sanjay Mishra, Yashpal Sharma, Mukesh Tiwari, Atul Srivastava, Manish Khanna, Kunwar Aziz",India,"December 1, 2018",2014,TV-14,110 min,"Comedies, Dramas, International Movies",Three petty criminals find themselves in a pickle when police wrongly charge them with the murder of an important politician.
s4339,Movie,Don't Go Breaking My Heart 2,Johnnie To,"Louis Koo, Gao Yuanyuan, Miriam Chin Wah Yeung, Vic Chou, Daniel Wu","Hong Kong, China","December 1, 2018",2014,TV-14,113 min,"Comedies, International Movies, Romantic Movies","Zixin is about to marry Qihong, but her gallivanting ex returns to wreak havoc as mistaken identities and love triangles stir up the lovers' paradise."
s4344,Movie,Look for a Star,Andrew Lau Wai-Keung,"Andy Lau, Qi Shu, Zhang Hanyu, Denise Ho, Dominic Lam, Xinyi Zhang, David Chiang, George Lam, Rebecca Pan, Maria Cordero, Tat-Ming Cheung",Hong Kong,"December 1, 2018",2009,TV-14,117 min,"Comedies, International Movies, Romantic Movies","While keeping his identity secret, a real estate billionaire tries to woo an outspoken croupier who talks gamblers out of losing their money."
s4354,TV Show,Death by Magic,,Drummond Money-Coutts,United States,"November 30, 2018",2018,TV-PG,1 Season,Reality TV,"Magician Drummond Money-Coutts travels the globe, sharing his infectious love of his craft and attempting feats that proved fatal to other magicians."
s4383,Movie,Cam,Daniel Goldhaber,"Madeline Brewer, Patch Darragh, Melora Walters, Devin Druid, Imani Hakim, Michael Dempsey, Flora Diaz, Samantha Robinson, Jessica Parker Kennedy, Quei Tann",United States,"November 16, 2018",2018,TV-MA,95 min,"Horror Movies, Independent Movies, Thrillers","After a look-alike takes over her account, a cam girl with a growing fan base sets out to identify the mysterious culprit and reclaim her own identity."
s4388,TV Show,Vai Anitta,,Anitta,Brazil,"November 16, 2018",2018,TV-MA,1 Season,"Docuseries, International TV Shows, Reality TV","Go behind the scenes with Brazilian pop icon Anitta, along with her friends and family, as she aims to create a new song and music video each month."
s4393,Movie,May the Devil Take You,Timo Tjahjanto,"Chelsea Islan, Pevita Pearce, Samo Rafael, Karina Suwandhi, Ray Sahetapy, Ruth Marini, Hadijah Shahab, Clara Bernadeth, Kinaryosih, Nicole Rossi",Indonesia,"November 15, 2018",2018,TV-MA,111 min,"Horror Movies, International Movies","Hoping to find answers to her estranged father's mysterious illness, a young woman visits his old villa and uncovers a horrifying truth from the past."
s4394,Movie,Muzaffarnagar Baaqi Hai,Nakul Singh Sawhney,,India,"November 15, 2018",2015,TV-MA,136 min,"Documentaries, International Movies","Through interviews with locals, this documentary investigates the triggers and outcomes of the 2013 communal riots in the heart of Uttar Pradesh."
s4408,TV Show,Treehouse Detectives,,"Brody Allen, Jenna Davis, Ryan Bartley, Philece Sampler, Leigh Kelly, Abby Trott","South Korea, United States","November 9, 2018",2018,TV-Y,2 Seasons,"Kids' TV, TV Thrillers","When their animal friends need help, brother-and-sister team Toby and Teri use the clues and follow the facts to solve mysteries in their own backyard."
s4412,Movie,Bucket List,Tejas Prabha Vijay Deoskar,"Madhuri Dixit, Sumeet Raghvan, Renuka Shahane, Milind Pathak, Vandana Gupte, Pradeep Velankar, Shubha Khote, Resham Tipnis",India,"November 5, 2018",2018,TV-14,129 min,"Dramas, International Movies","After getting a heart transplant, a 40-year-old homemaker in Pune makes the life-changing decision to complete the bucket list of her 20-year-old donor."
s4422,Movie,Aamir,Raj Kumar Gupta,"Rajeev Khandelwal, Gajraj Rao, Shashanka Ghosh, Jhilmil Hazrika, Gazala Amin, Allauddin Khan",India,"November 1, 2018",2008,TV-14,95 min,"International Movies, Thrillers","In this high-tension thriller, an anonymous caller on a cell phone threatens to harm a man's family if he doesn't carry out every order."
s4439,Movie,Ghanchakkar,Raj Kumar Gupta,"Emraan Hashmi, Vidya Balan, Rajesh Sharma, Namit Das, Parvin Dabas",India,"November 1, 2018",2013,TV-MA,129 min,"Comedies, International Movies, Thrillers","Former con artist Sanju surrounds himself with the finer things, a blissful life troubled by only one thing: his wife, who wants even more."
s4463,Movie,The Untold Tales of Armistead Maupin,Jennifer M. Kroot,"Armistead Maupin, Neil Gaiman, Laura Linney, Ian McKellen, Amy Tan, Margaret Cho, Jonathan Groff, Amanda Palmer",United States,"November 1, 2018",2017,TV-MA,91 min,"Documentaries, LGBTQ Movies","This documentary traces the life of ""Tales of the City"" author Armistead Maupin, from his conservative roots to his rise as an LGBTQ champion."
s4468,Movie,Gun City,Dani de la Torre,"Luis Tosar, Michelle Jenner, Vicente Romero, Manolo Solo, Paco Tous, Adriana Torrebejano, Pep Tosar, Jaime Lorente, Ernesto Alterio, Fernando Cayo","Spain, France","October 31, 2018",2018,TV-MA,126 min,"Dramas, International Movies, Thrillers","In 1921 Barcelona, amid unrest between anarchists and the police, a cop plays both sides to learn who stole army weapons that could ignite a civil war."
s4472,Movie,Been So Long,Tinge Krishnan,"Michaela Coel, Arinzé Kene, George MacKay, Ashley Thomas, Joe Dempsie, Ronke Adekoluejo, Luke Norris, Mya Lewis",,"October 26, 2018",2018,TV-MA,100 min,"Dramas, International Movies, Music & Musicals",A single mother in London's Camden Town hears music when she meets a handsome stranger with a past. But she's not sure she's ready to open her heart.
s4487,Movie,How to Get Over a Breakup,"Joanna Lombardi, Bruno Ascenzo","Gisela Ponce de León, Karina Jordán, Jely Reátegui, Andrés Salas, Christopher Von Uckermann, Carlos Carlín",Peru,"October 20, 2018",2018,TV-MA,104 min,"Comedies, International Movies, Romantic Movies","A heartbroken ad copywriter living in Lima, Peru, is inspired to write a blog about life as a single woman and is surprised by her website's success."
s4490,TV Show,Best.Worst.Weekend.Ever.,,"Sam Ashe Arnold, Cole Sand, Brianna Reed, Brittany Garms, Alison Becker, Larry Bates, Tiffany Espensen, Rachel Gage, Matt Battaglia, Affion Crockett",United States,"October 19, 2018",2018,TV-PG,1 Season,"Kids' TV, TV Comedies","Teenage friends plan an epic trip to Comic-Con to meet their idol, only to get caught in one hilariously awkward predicament after another."
s4514,Movie,Feminists: What Were They Thinking?,Johanna Demetrakas,,United States,"October 12, 2018",2018,TV-MA,86 min,"Documentaries, LGBTQ Movies","Revisiting 1970s photos of women that captured a feminist awakening, this film explores those women's lives and examines the continued need for change."
s4520,Movie,The Kindergarten Teacher,Sara Colangelo,"Maggie Gyllenhaal, Parker Sevak, Gael García Bernal, Michael Chernus, Anna Baryshnikov, Rosa Salazar, Ajay Naidu","United States, Israel, United Kingdom, Canada","October 12, 2018",2018,R,97 min,"Dramas, Independent Movies",A devoted teacher takes interest in a young student's creative potential after hearing his poetry. But she soon crosses the line into obsession.
s4521,TV Show,Ordinary Heroes,,"Giorgio Tirabassi, Marco Bocci, Cristiana Capotondi, Greta Scarano, Michela Cescon, Diane Fleri, Carlo Calderone, Claudio Gioè, Romina Mondello, Orlando Cinque, Luigi Maria Burruano, Riccardo Scamarcio, Lorenza Indovina, Ivana Lotito, Pierfrancesco Poggi, Marco Leonardi, Anna Ferruzzo, Peppino Mazzotta, Giorgio Marchesi",,"October 11, 2018",2018,TV-MA,1 Season,"Crime TV Shows, International TV Shows, TV Dramas","Get an intimate look at four engaged citizens whose courage, sense of civic duty and ultimate sacrifice helped to transform Italian society."
s4568,Movie,Haani,Amitoj Mann,"Sarabjit Cheema, Mahreen Kaleka, Harbhajan Mann, Anuj Sachdeva, Rupan Bal, Sonia Mann",India,"October 1, 2018",2013,TV-14,137 min,"Dramas, International Movies, Music & Musicals","When a man discovers that he can communicate with his grandfather's spirit, it leads to two love stories intertwining 50 years apart."
s4569,Movie,Happy Go Lucky,Amarpreet G S Chabbra,"Amrinder Gill, Harish Verma, Sumeet Sandhu, Gurpreet Guggi, B.N. Sharma, Praneet Bhatt, Kuldeep Sharma",India,"October 1, 2018",2014,TV-14,129 min,"Comedies, International Movies, Music & Musicals","Three sisters seem to be ideal brides for three brothers. But when the girls' father won't allow the marriages, the boys use trickery to pull it off."
s4587,Movie,Mugamoodi,Mysskin,"Jiiva, Pooja Hegde, Narain, Nasser, Girish Karnad, Anupama Kumar, Selvaah",India,"October 1, 2018",2012,TV-14,150 min,"Action & Adventure, International Movies",A martial arts specialist accidentally becomes a superhero when he steps in – in costume – to help the cops catch a criminal.
s4595,Movie,Naughty Jatts,Pankaj Batra,"Neeru Bajwa, Binnu Dhillon, Arya Babbar, Roshan Prince, B.N. Sharma, Karamjit Anmol, Harby Sangha",India,"October 1, 2018",2013,TV-PG,121 min,"Comedies, International Movies, Music & Musicals","When three different boys propose to a lively, strictly reared girl who yearns to be a performer, she agrees to marry the winner of a singing contest."
s4605,TV Show,Strong,,Gabrielle Reece,United States,"October 1, 2018",2016,TV-14,1 Season,Reality TV,Gabrielle Reece hosts a transformative competition of tough fitness challenges as 10 women partner with 10 elite personal trainers.
s4608,Movie,Theeya Velai Seyyanum Kumaru,Sundar C.,"Siddarth, Santhanam, Hansika Motwani, Ganesh Venkatraman, RJ Balaji, Bosskey, Manobala, Chitra Lakshmanan",India,"October 1, 2018",2013,TV-PG,132 min,"Comedies, International Movies, Music & Musicals","When shy Kumar gets stuck on the losing end of a love triangle, the Love Doctor, Mokia, has a strategy for Kumar to win the love of his life."
s4624,TV Show,Skylanders Academy,,"Justin Long, Ashley Tisdale, Jonathan Banks, Chris Diamantopoulos, Bobcat Goldthwait, Richard Steven Horvitz, Norm MacDonald, Daniel Middleton, Catherine O'Hara, Parker Posey, Jonny Rees, Jason Ritter, Susan Sarandon, Harland Williams, Daniel Wu, Dee Bradley Baker, Chris Cox, Jim Cummings, Felicia Day, John DiMaggio, Grey Griffin","South Korea, United States","September 28, 2018",2018,TV-Y7,3 Seasons,"Kids' TV, TV Comedies",Travel the vast Skylander universe in this animated series as a ragtag group of academy graduates build trust and heart in their fight against evil.
s4631,Movie,Quincy,"Rashida Jones, Alan Hicks",Quincy Jones,United States,"September 21, 2018",2018,TV-MA,124 min,"Documentaries, Music & Musicals","This documentary profiles music and culture icon Quincy Jones, offering unprecedented access to his private life and stories from his unparalleled career."
s4632,Movie,Rafinha Bastos: Ultimatum,,Rafinha Bastos,Brazil,"September 21, 2018",2018,TV-MA,63 min,Stand-Up Comedy,"An off-color joke nearly cost him everything. Brazilian comic Rafinha Bastos talks about that and much more, from his divorce to finding love again."
s4634,TV Show,Mobile Suit Gundam UC,,"Kouki Uchiyama, Ayumi Fujimura, Hiro Shimono, Haruka Tomatsu, Daisuke Namikawa, Megumi Toyoguchi, Yuhko Kaida, Shuichi Ikeda, Tetsuya Kakihara",Japan,"September 20, 2018",2014,TV-PG,1 Season,"Anime Series, International TV Shows","When Banagher Links meets the mysterious Audrey Burne, he inherits the Unicorn Gundam and is swept up into the battle for space colony independence."
s4639,TV Show,Ingobernable,,"Kate del Castillo, Eréndira Ibarra, Alberto Guerra, Erik Hayser, Luis Roberto Guzmán, Álvaro Guerrero, Aida López, Fernando Luján, Maxi Iglesias, Marianna Burelli, Maria del Carmen Farías, Tamara Mazarraza, Marina de Tavira, Marco Antonio Treviño, Alicia Jaziz, Harold Torres, Alessio Valentini, Diego Cadavid, Hernán Del Riego",Mexico,"September 14, 2018",2018,TV-MA,2 Seasons,"Crime TV Shows, International TV Shows, Spanish-Language TV Shows","The first lady of Mexico is a woman of conviction and ideals. But when she loses faith in her husband, she'll need all her strength to uncover the truth."
s4668,Movie,​​Kuch Bheege Alfaaz,Onir,"Geetanjali Thapa, Zain Khan Durrani, Shray Rai Tiwari, Mona Ambegaonkar, Chandreyee Ghosh, Barun Chanda, Saheb Bhattacharjee, Shefali Chauhan",India,"September 1, 2018",2018,TV-14,110 min,"Dramas, Independent Movies, International Movies","After accidentally connecting over the Internet, two strangers form a tight friendship – not knowing they already share a bond."
s4688,TV Show,Take My Brother Away,Han Qing,"Sun Qian, Joseph Zeng, Lv Xiao Yu, Hu Yong Tao, Wang Xu Dong, Ma Bai Quan",China,"August 24, 2018",2018,TV-14,1 Season,"International TV Shows, TV Comedies, TV Dramas","Bickering siblings Shi Miao and Shi Fen tackle friendship matters, school drama and the pitfalls of growing up with little parental supervision."
s4716,Movie,Flavors of Youth: International Version,"Xiaoxing Yi, Yoshitaka Takeuchi, Haoling Li","Taito Ban, Mariya Ise, Minako Kotobuki, Haruka Shiraishi, Hiroki Yasumoto, Takeo Otsuka, Ikumi Hasegawa, Takayuki Nakatsukasa","China, Japan","August 4, 2018",2018,TV-PG,74 min,"Anime Features, International Movies, Romantic Movies","Memories in a bowl of steaming noodles, a fading beauty finding her way and a bittersweet first love – all in these stories of city life in China."
s4739,TV Show,Becoming Champions,,,Mexico,"August 1, 2018",2018,TV-G,1 Season,"Docuseries, International TV Shows",This series looks at the stories behind the athletes and countries that have achieved World Cup champion status.
s4748,TV Show,Kath and Kim,,"Jane Turner, Gina Riley, Glenn Robbins, Peter Rowsthorn, Magda Szubanski",Australia,"July 28, 2018",2007,TV-MA,6 Seasons,TV Comedies,"As Kath prepares to wed fine-meats purveyor Kel, her daughter Kim moves back home after becoming disillusioned with her two-month marriage to Brett."
s4757,Movie,Iliza Shlesinger: Elder Millennial,Steve Paley,Iliza Shlesinger,United States,"July 24, 2018",2018,TV-MA,72 min,Stand-Up Comedy,"Newly engaged comic Iliza Shlesinger dives into undeniable truths about life at age 35, the insanity of the road traveled and what's to come."
s4767,Movie,El club de los buenos infieles,,"Raúl Fernández, Fele Martínez, Juanma Cifuentes, Hovik Keuchkerian, Albert Ribalta, Jordi Vilches, Adrián Lastra, Raquel Salvador, Marta Brucart, Betsy Turnez",Spain,"July 19, 2018",2018,TV-MA,85 min,"Comedies, International Movies",Four childhood buddies in passionless marriages try a counterintuitive idea: a secret club for men who want to cheat – to regain lust for their wives.
s4813,Movie,TAU,Federico D'Alessandro,"Maika Monroe, Ed Skrein, Gary Oldman",United States,"June 29, 2018",2018,R,98 min,"Sci-Fi & Fantasy, Thrillers","Kidnapped by an inventor who uses her as a test subject to perfect his robotic AI, a street-smart young woman tries to escape her high-tech prison."
s4849,TV Show,Something in the Rain,,"Son Ye-jin, Jung Hae-in, Jang So-yeon",South Korea,"May 26, 2018",2018,TV-MA,1 Season,"International TV Shows, Korean TV Shows, Romantic TV Shows","Reunited with her best friend’s younger brother, who’s back from a stint abroad, a recently dumped career woman begins to see him in a new light."
s4861,Movie,Aiyaary,Neeraj Pandey,"Sidharth Malhotra, Manoj Bajpayee, Rakul Preet Singh, Pooja Chopra, Adil Hussain, Kumud Mishra, Naseeruddin Shah, Anupam Kher, Vikram Gokhale, Juhi Babbar",India,"May 15, 2018",2018,TV-MA,158 min,"Action & Adventure, Dramas, International Movies","When his protégé goes rogue and poses a grave threat to the government he serves, a veteran officer of the Indian Army tries to stop him at all costs."
s4862,Movie,Lupin the 3rd: The Castle of Cagliostro: Special Edition,Hayao Miyazaki,"Yasuo Yamada, Kiyoshi Kobayashi, Eiko Masuyama, Makio Inoue, Goro Naya, Sumi Shimamoto, Taro Ishida, Kohei Miyauchi, Ichiro Nagai",Japan,"May 15, 2018",1979,PG-13,100 min,"Action & Adventure, Anime Features, Classic Movies","Lupin, his sidekick, Jigen, and the samurai warrior Goemon set out to take over an evil counterfeit operation at Count Cagliostro's fortress."
s4863,TV Show,Saint Seiya: The Lost Canvas,,"Tetsuya Kakihara, Hiro Shimono, Aya Hirano, Atsushi Abe, Sanae Kobayashi, Kenta Miyake, Tomohiro Tsuboi, Nana Mizuki, Shigeru Chiba",Japan,"May 15, 2018",2009,TV-MA,1 Season,"Anime Series, International TV Shows",This anime adventure follows the battle between a saint of Athena and an avatar of Hades who's working on a painting that could destroy the world.
s4864,Movie,Ali Wong: Hard Knock Wife,Jay Karas,Ali Wong,United States,"May 13, 2018",2018,TV-MA,64 min,Stand-Up Comedy,"Two years after the hit ""Baby Cobra,"" Ali Wong is back with another baby bump – and a torrent of hilarious truths about marriage and motherhood."
s4872,Movie,My Fuhrer,Dani Levy,"Helge Schneider, Ulrich Mühe, Sylvester Groth, Adriana Altaras, Stefan Kurt, Ulrich Noethen, Lambert Hamel, Udo Kroschwald, Torsten Michaelis, Axel Werner",Germany,"May 7, 2018",2007,TV-14,91 min,"Comedies, International Movies",Germany's most celebrated actor is commissioned by Nazi propagandist Joseph Goebbels to prepare the leader of the Third Reich to deliver a speech.
s4882,Movie,Manhunt,John Woo,"Zhang Hanyu, Masaharu Fukuyama, Qi Wei, Ji-won Ha, Jun Kunimura, Angeles Woo, Nanami Sakuraba","China, Hong Kong","May 4, 2018",2017,TV-MA,109 min,"Action & Adventure, International Movies",A Chinese pharmaceutical lawyer framed for a vile crime teams up with a sharp-witted Japanese detective to stop a dangerous corporate plot.
s4886,Movie,Ajji,Devashish Makhija,"Sushama Deshpande, Abhishek Banerjee, Smita Tambe, Sharvani Suryavanshi, Vikas Kumar, Sadiya Siddiqui, Sudhir Pandey, Manuj Sharma",India,"May 1, 2018",2017,TV-MA,105 min,"Dramas, International Movies","When her small granddaughter is sexually assaulted by a powerful man and no justice is served, a poor, frail old woman plots her violent revenge."
s4901,TV Show,Spiritual House,,"Hiroyuki Ehara, Miki Sumiyoshi, Sato Kondo, Kazuhiro Kiyohara, Noriko Sakai, Moe Oshikiri, Homare Sawa, Mariko Hayashi",,"May 1, 2018",2017,TV-PG,1 Season,"International TV Shows, Stand-Up Comedy & Talk Shows","Psychic Hiroyuki Ehara leads various celebrities through spiritual consultations, probing into their issues and spotlighting their accomplishments."
s4902,Movie,The Clapper,Dito Montiel,"Ed Helms, Amanda Seyfried, Tracy Morgan, Brenda Vaccaro, P.J. Byrne, Leah Remini, Mickey Gooch Jr., Adam Levine, Russell Peters, Alan Thicke",United States,"May 1, 2018",2017,R,90 min,"Comedies, Dramas, Independent Movies","A newcomer ekes out a living in LA as a professional audience member on infomercials, but life gets complicated when he's thrust into the spotlight."
s4903,Movie,Toc Toc,Vicente Villanueva,"Paco León, Alexandra Jiménez, Rossy de Palma, Nuria Herrero, Adrián Lastra, Oscar Martínez, Inma Cuevas, Ana Rujas, Carolina Lapausa",Spain,"May 1, 2018",2017,TV-MA,96 min,"Comedies, International Movies","A group of patients with OCD wait for their flight-delayed doctor to arrive for their appointments, forcing them to endure each other's oddball quirks."
s4908,Movie,Candy Jar,Ben Shelton,"Christina Hendricks, Helen Hunt, Uzo Aduba, Sami Gayle, Jacob Latimore",United States,"April 27, 2018",2018,TV-14,93 min,"Children & Family Movies, Dramas, Romantic Movies",Dueling high school debate champs who are at odds on just about everything forge ahead with ambitious plans to get into the colleges of their dreams.
s4914,TV Show,Trio and a Bed,,"Annabelle Kong, Amber Chia, Carmen Soo, Danny Wan, Daniel Tan, Jeffrey Cheng",,"April 27, 2018",2016,TV-PG,1 Season,"International TV Shows, Romantic TV Shows, TV Comedies","After graduation, three women from distinct backgrounds find themselves in the real world, facing the challenges of work, romance and unexpected fame."
s4933,Movie,Greg Davies: You Magnificent Beast,Peter Orton,Greg Davies,United Kingdom,"April 10, 2018",2018,TV-MA,66 min,Stand-Up Comedy,"British comedian Greg Davies revisits terrifying dates, manscaping disasters, his father's pranks and more in a savagely funny stand-up special."
s4971,Movie,"Game Over, Man!",Kyle Newacheck,"Adam DeVine, Anders Holm, Blake Anderson, Utkarsh Ambudkar, Aya Cash, Neal McDonough, Daniel Stern, Jamie Demetriou, Rhona Mitra, Sam Richardson, Steve Howey, Mac Brandt, Geno Segers, Roe Hartrampf",United States,"March 23, 2018",2018,TV-MA,102 min,"Action & Adventure, Comedies",Three buddies with big dreams go from underachieving slackers to badass warriors when their posh hotel is taken over by terrorists.
s4984,Movie,Jag älskar dig: En skilsmässokomedi,Johan Brisinger,"Björn Kjellman, Christine Meltzer, Rodolfo Corsato, Martina Haag, Sven-Bertil Taube, Anita Wall, Nour El-Refai",Sweden,"March 15, 2018",2016,TV-MA,91 min,"Comedies, Dramas, International Movies","Tired of her passionless marriage, Marianne wants a separation from her husband, Gustav, who, in response, decides to make a big change of his own."
s4990,Movie,Ricky Gervais: Humanity,John L. Spencer,Ricky Gervais,United Kingdom,"March 13, 2018",2018,TV-MA,79 min,Stand-Up Comedy,"In his first special in seven years, Ricky Gervais slings his trademark snark at celebrity, mortality and a society that takes everything personally."
s4996,Movie,Ladies First,Uraaz Bahl,,India,"March 8, 2018",2018,TV-G,40 min,"Documentaries, International Movies, Sports Movies","Born amid poverty and limited women's rights in the village of Ratu, India, Deepika Kumari rose to become the No.1 female archer in the world at 18."
s4997,Movie,Bullet Head,"Paul Solet, Rick Benattar","Adrien Brody, John Malkovich, Rory Culkin, Antonio Banderas, Ori Pfeffer, Alexandra Dinu, Owen Davis, Deyan Petrov","Bulgaria, United States","March 7, 2018",2017,R,94 min,"International Movies, Thrillers","After a daring heist, three fugitives lock themselves in a warehouse hoping to evade the police, but find a worse threat as they fight to stay alive."
s5007,Movie,Battle Drone,Mitch Gould,"Louis Mandylor, Daniel Southworth, Richard Alan Reid, Oleg Taktarov, Natassia Malthe, Jason Earles, Dominique Swain, Michael Paré",United States,"March 1, 2018",2018,TV-MA,94 min,"Action & Adventure, Independent Movies, Sci-Fi & Fantasy","A team of mercenaries working with the CIA accepts an off-the-books mission in Chernobyl, where deadly human-controlled droids prepare an ambush."
s5012,Movie,Schubert In Love,Lars Büchel,"Olaf Schubert, Mario Adorf, Marie Leuenberger, Jochen Barkas, Bert Stephan, Martina Hill, Christoph Jungmann, Luise Wolfram, Hildegard Schroedter, Imke Buchel",Germany,"March 1, 2018",2016,TV-14,94 min,"Comedies, International Movies","The last of his family line, Olaf Schubert doesn't have time for a girlfriend but dutifully searches for one when his father demands offspring."
s5029,Movie,Mute,Duncan Jones,"Alexander Skarsgård, Paul Rudd, Justin Theroux","United Kingdom, Germany","February 23, 2018",2018,TV-MA,127 min,"Sci-Fi & Fantasy, Thrillers","When his girlfriend vanishes, a mute man ventures into a near-future Berlin's seamy underworld, where his actions speak louder than words."
s5034,Movie,FullMetal Alchemist,Fumihiko Sori,"Ryosuke Yamada, Tsubasa Honda, Dean Fujioka, Misako Renbutsu, Kanata Hongo, Shinji Uchiyama, Jun Kunimura, Yo Oizumi, Ryuta Sato, Fumiyo Kohinata, Yasuko Matsuyuki",Japan,"February 19, 2018",2017,TV-PG,134 min,"Action & Adventure, Dramas, International Movies","While alchemist Edward Elric searches for a way to restore his brother Al's body, the military government and mysterious monsters are watching closely."
s5041,Movie,Love Per Square Foot,Anand Tiwari,"Vicky Kaushal, Angira Dhar, Alankrita Sahai, Raghuvir Yadav, Ratna Pathak Shah, Supriya Pathak",India,"February 14, 2018",2018,TV-14,133 min,"Comedies, International Movies, Romantic Movies","Individually, bank employees Sanjay and Karina don't earn enough to be able to buy a home, so they decide to enter into a marriage of convenience."
s5045,Movie,When We First Met,Ari Sandel,"Adam DeVine, Alexandra Daddario, Shelley Hennig, Robbie Amell, Andrew Bachelor",United States,"February 9, 2018",2018,TV-14,97 min,"Comedies, Romantic Movies","Using a magical photo booth that sends him back in time, Noah relives the night he met Avery over and over, trying to persuade her to fall for him."
s5063,Movie,Sebastián Marcelo Wainraich,"Raúl Campos, Jan Suter",Sebastián Marcelo Wainraich,Argentina,"January 26, 2018",2018,TV-MA,49 min,Stand-Up Comedy,"Argentine comedian Sebastián Wainraich highlights the comedy in everyday life, from minibars to reasons why funerals are better than weddings."
s5071,TV Show,Love and Hong Kong,,"Eiko Koike, Ryo Yoshizawa, Fumika Baba, Moga Mogami, Tomo Yanagishita, Kaoru Nagata, Ryo Iwamatsu",Japan,"January 20, 2018",2017,TV-PG,1 Season,"International TV Shows, Romantic TV Shows, TV Dramas",The lives of five strangers become intertwined forever when a starlet filming a documentary is kidnapped on the streets of Hong Kong.
s5073,Movie,Step Sisters,Charles Stone III,"Megalyn Echikunwoke, Eden Sher, Lyndon Smith, Gage Golightly, Matt McGorry, Marque Richardson, Alessandra Torresani, Naturi Naughton, Nia Jervier, Robert Curtis Brown",United States,"January 19, 2018",2018,PG-13,108 min,Comedies,"With her Harvard Law dreams on the line, a black sorority leader agrees to help a rhythmically challenged sisterhood win a step dance championship."
s5104,TV Show,La Mante,,"Carole Bouquet, Fred Testot, Pascal Demolon, Manon Azem, Frédérique Bel, Élodie Navarre, Jacques Weber",France,"December 29, 2017",2017,TV-MA,1 Season,"Crime TV Shows, International TV Shows, TV Dramas","Decades after her capture, a serial killer offers to help solve a string of copycat murders – but only if her son, now a cop, will work by her side."
s5107,Movie,Bibi & Tina: Tohuwabohu Total,Detlev Buck,"Lina Larissa Strahl, Lisa-Marie Koroll, Louis Held, Lea van Acken, Emilio Sakraya, Michael Maertens, Martin Seifert",Germany,"December 27, 2017",2017,TV-14,106 min,"Children & Family Movies, Music & Musicals",Teen witch Bibi and her pal Tina return to the screen to reconcile a runaway girl with her narrow-minded family and save Falkenstein Castle from chaos.
s5122,Movie,Christmas Inheritance,Ernie Barbarash,"Eliza Taylor, Jake Lacy, Andie MacDowell, Michael Xavier, Neil Crone, Anthony Sherwood, Joanna Douglas, Martin Roach",United States,"December 15, 2017",2017,TV-G,105 min,"Dramas, International Movies, Romantic Movies","To inherit her father's company, socialite Ellen must first visit his small hometown, where she learns the value of hard work and helping others."
s5126,TV Show,Wormwood,,"Peter Sarsgaard, Molly Parker, Christian Camargo, Scott Shepherd, Tim Blake Nelson, Jimmi Simpson, Bob Balaban, Michael Chernus",United States,"December 15, 2017",2017,TV-14,1 Season,"Crime TV Shows, Docuseries","In this genre-bending tale, Errol Morris explores the mysterious death of a U.S. scientist entangled in a secret Cold War program known as MK-Ultra."
s5165,Movie,"Jim & Andy: The Great Beyond - Featuring a Very Special, Contractually Obligated Mention of Tony Clifton",Chris Smith,Jim Carrey,"Canada, United States","November 17, 2017",2017,TV-MA,94 min,Documentaries,"Through the lens of his stunningly immersive performance as Andy Kaufman, Jim Carrey ponders the meaning of life, reality, identity and career."
s5170,TV Show,The Irregular at Magic High School,,"Yuichi Nakamura, Saori Hayami, Yumi Uchiyama, Takuma Terashima, Satomi Sato, Atsushi Tamaru, Sora Amamiya, Yuiko Tatsumi, Marina Inoue, Ryohei Kimura, Junichi Suwabe, Kana Hanazawa, Mai Nakahara, Saki Ogasawara, Haruka Tomatsu, Tomokazu Sugita, Yoshitsugu Matsuoka, Ayumu Murase",Japan,"November 15, 2017",2014,TV-14,1 Season,"Anime Series, International TV Shows, Teen TV Shows","Siblings Tatsuya and Miyuki enroll at Magic High School, where Miyuki's honors status comes between her and her underachieving older brother."
s5186,TV Show,Alias Grace,,"Sarah Gadon, Edward Holcroft, Paul Gross, Anna Paquin, Rebecca Liddiard, Zachary Levi, Kerr Logan, David Cronenberg",Canada,"November 3, 2017",2017,TV-MA,1 Season,"Crime TV Shows, International TV Shows, TV Dramas","In 19th-century Canada, a psychiatrist weighs whether a murderess should be pardoned due to insanity. Based on Margaret Atwood's award-winning novel."
s5191,Movie,The Bittersweet,D Ho,"Min-ho Lee, Zhu Xuan",China,"November 1, 2017",2017,TV-MA,98 min,"Action & Adventure, Dramas, International Movies","As a killer stalks the streets, a troubled young courier suspects that a doctor may be the long-lost sister he hasn't seen since childhood."
s5207,TV Show,W1A,,"Hugh Bonneville, Monica Dolan, Jessica Hynes, Rufus Jones, Sarah Parish, Nina Sosanya, Jason Watkins, Hugh Skinner, David Westhead, Jonathan Bailey, Ophelia Lovibond, David Tennant",United Kingdom,"October 24, 2017",2017,TV-MA,3 Seasons,"British TV Shows, TV Comedies","The new Head of Values at the BBC deals with redefining the company's purpose, events like the arrival of Prince Charles and issues with new programs."
s5220,TV Show,Seven and Me,,"Leila Jolene, Flavio Parenti, Josefin Asplund",France,"October 15, 2017",2017,TV-Y,1 Season,Kids' TV,A little girl discovers she’s the modern-day descendant of Snow White when seven dwarfs arrive at her suburban home to serve as her guardian angels.
s5221,Movie,Singapore,Shakti Samanta,"Shammi Kapoor, Padmini, Maria Menado, Shashikala, Agha, K.N. Singh, Madan Puri, Helen","India, Malaysia","October 15, 2017",1960,TV-PG,158 min,"Comedies, Dramas, International Movies","When his employee disappears in Singapore, Shyam travels from India to investigate the absence and becomes entangled in a deadly plot."
s5222,TV Show,West Coast Customs,,"Ryan Friedlinghaus, Hunter Clancey",United States,"October 15, 2017",2015,TV-G,6 Seasons,"Docuseries, Reality TV","West Coast Customs, a mecca for well-heeled car lovers, stars as their team creates some of the most luxurious, outrageous vehicles on the planet."
s5230,Movie,Bomb Scared,Borja Cobeaga,"Javier Cámara, Julián López, Miren Ibarguren, Gorka Otxoa, Tina Sáinz, Ramón Barea",Spain,"October 12, 2017",2017,TV-MA,89 min,"Comedies, Independent Movies, International Movies","In this dark comedy, a dysfunctional group of wannabe Basque terrorists awaits word about a new mission while Spain makes a run at the World Cup title."
s5235,Movie,Rodney Carrington: Here Comes the Truth,Brandon Jones,Rodney Carrington,United States,"October 3, 2017",2017,TV-MA,66 min,Stand-Up Comedy,"Raunchy country comic and musician Rodney Carrington jokes and sings about life in his 40s, poking fun at sex, relationships and gaining weight."
s5236,Movie,26 Years,Geun-hyun Cho,"Goo Jin, Hye-jin Han, Soo-bin Bae, Seul-ong Im, Kyeong-yeong Lee, Gwang Jang, Deok-jae Jo, Eui-sung Kim, Seok-Hwan An, Bok-gi Min",South Korea,"October 1, 2017",2012,TV-MA,135 min,"Dramas, International Movies, Thrillers","Twenty-six years after the 1980 massacre at Gwangju, South Korea, three relatives of the victims come together to avenge the infamous orchestrator."
s5242,Movie,Ghost Patrol,Karen J. Lloyd,"Scott McNeil, Vincent Tong, Travis Turner, Shannon Chan-Kent, Lili Beaudoin",Canada,"October 1, 2017",2016,TV-Y7,47 min,"Children & Family Movies, Comedies",Two kids and their pet dog (aka the Ghost Patrol) get a call about an old manor and soon find they are investigating their first real haunted house.
s5246,TV Show,Star Trek: Voyager,,"Kate Mulgrew, Robert Beltran, Roxann Dawson, Jennifer Lien, Robert Duncan McNeill, Ethan Phillips, Robert Picardo, Tim Russ, Jeri Ryan, Garrett Wang, Tarik Ergin",United States,"October 1, 2017",2000,TV-PG,7 Seasons,"TV Action & Adventure, TV Sci-Fi & Fantasy","On Voyager's 75-year journey back to Earth, the crew members encounter unknown species as they draw closer to a mysterious quadrant of space."
s5251,TV Show,What She Put on the Table,,"Amber An, Sun Ke-fang, Chang Yao-jen, Wang Man-chiao, Hans Chung, Chris Lee, Yan Yu-lin, Kiki Chen, Steven Chiang",Taiwan,"October 1, 2017",2017,TV-14,1 Season,"International TV Shows, TV Dramas","Based on the life of TV chef Fu Pei-mei, this drama follows two women – one rich, the other poor – who fortuitously cross paths in 1950s Taiwan."
s5256,Movie,Our Souls at Night,Ritesh Batra,"Robert Redford, Jane Fonda, Bruce Dern, Matthias Schoenaerts, Iain Armitage, Judy Greer, Phyllis Somerville",United States,"September 29, 2017",2017,TV-14,103 min,"Dramas, Romantic Movies","After widowed neighbors Addie and Louis begin sleeping in bed together platonically to alleviate their loneliness, a real romance begins to blossom."
s5263,TV Show,Terrace House: Aloha State,,"You, Reina Triendl, Ryota Yamasato, Yoshimi Tokui, Azusa Babazono, Kentaro","United States, Japan","September 26, 2017",2017,TV-14,4 Seasons,"International TV Shows, Reality TV","The beautiful island of Oahu is host to a new batch of six strangers who share a single roof, multiple conflicts and no script in this reality series."
s5269,Movie,Jerry Before Seinfeld,Michael Bonfiglio,Jerry Seinfeld,United States,"September 19, 2017",2017,TV-14,62 min,Stand-Up Comedy,"Jerry Seinfeld returns to the club that gave him his start in the 1970s, mixing iconic jokes with stories from his childhood and early days in comedy."
s5272,Movie,Strong Island,Yance Ford,,"United States, Denmark","September 15, 2017",2017,TV-MA,108 min,Documentaries,"The forces of family, grief and racial injustice converge in this powerful documentary exploring the murder of filmmaker Yance Ford's brother."
s5274,Movie,Ghost of the Mountains,Ben Wallis,Antoine Fuqua,United States,"September 13, 2017",2017,G,78 min,"Children & Family Movies, Documentaries",An international group of filmmakers sets out on a mission to get up close and personal with a family of elusive snow leopards.
s5287,TV Show,Frequency,,"Peyton List, Riley Smith, Mekhi Phifer, Devin Kelley, Lenny Jacobson, Daniel Bonjour, Anthony Ruivivar",United States,"September 4, 2017",2016,TV-14,1 Season,"Crime TV Shows, TV Dramas, TV Mysteries","A detective seizes a precious opportunity to change the past when she finds she can communicate with her deceased, estranged father via a time warp."
s5295,Movie,Brother's Shadow,Todd S. Yellin,"Scott Cohen, Judd Hirsch, Susan Floyd, Elliot Korte, Ruben Santiago-Hudson, James Murtaugh, Ato Essandoh, Toby Poser, Diane Kagan, John Di Benedetto, Jerry Matz, Lisa Emery",United States,"September 1, 2017",2006,TV-MA,90 min,"Dramas, Independent Movies","After serving time in jail, a disgraced son returns to the family business in New York, where he struggles to fill the shoes of his late twin brother."
s5314,Movie,The Lost Brother,Israel Adrián Caetano,"Leonardo Sbaraglia, Daniel Hendler, Ángela Molina, Alián Devetac, Pablo Cedrón, Alejandra Flechner","Argentina, Uruguay, Spain, France","September 1, 2017",2017,TV-MA,113 min,"Dramas, International Movies","While settling the affairs of his murdered mother and brother, a man partners with a local thug in a life insurance scam, putting him on a dark path."
s5325,TV Show,20 Minutes,,"Tuba Büyüküstün, Ilker Aksum, Bülent Emin Yarar, İpek Bilgin, Müjde Uzman, Firat Çelik, Ayten Uncuoglu, Cihat Tamer",Turkey,"August 15, 2017",2013,TV-MA,1 Season,"Crime TV Shows, International TV Shows, TV Dramas","When his wife is convicted of murder, a horrified family man races to prove her innocence while a dogged investigator sets out to uncover the truth."
s5338,Movie,Baahubali: The Beginning (Hindi Version),S.S. Rajamouli,"Prabhas, Rana Daggubati, Anushka Shetty, Tamannaah Bhatia, Sathyaraj, Nassar, Ramya Krishnan, Sudeep",India,"August 7, 2017",2015,TV-14,159 min,"Action & Adventure, Dramas, International Movies",Villagers in the kingdom of Mahismati rescue a baby who is destined to embark on a heroic quest in this Hindi version of S.S. Rajamouli's epic.
s5345,Movie,Message from the King,Fabrice Du Welz,"Chadwick Boseman, Luke Evans, Teresa Palmer, Alfred Molina, Natalie Martinez, Tom Felton, Dale Dickey, Sibongile Mlambo","United Kingdom, France, Belgium, United States","August 4, 2017",2017,R,103 min,"Independent Movies, Thrillers","On a relentless quest to avenge his sister's murder, a man from Cape Town infiltrates a sprawling network of lowlifes and elites in Los Angeles."
s5352,Movie,Handsome Devil,John Butler,"Fionn O'Shea, Nicholas Galitzine, Andrew Scott, Michael McElhatton, Moe Dunford, Ruairí O'Connor, Jay Duffy, Mark Lavery, Jamie Hallahan, Ardal O'Hanlon, Amy Huberman",Ireland,"August 1, 2017",2016,TV-MA,95 min,"Comedies, Dramas, International Movies","A self-described outsider is sent to a rugby-obsessed boarding school, where he forms an unexpected bond with the star player."
s5382,TV Show,Degrassi: Next Class,Stefan Brogren,"Amanda Arcuri, Amir Bageria, Soma Bhatia, Jamie Bloch, Stefan Brogren, Chelsea Clark, Reiya Downs, Ana Golja, Nikki Gould, Ricardo Hoyos, Ehren Kassam, Andre Kim, Lyle Lettau, Spencer MacPherson, Eric Osborne, Dante Scott, Olivia Scriven, Sara Waisglass, Richard Walters",Canada,"July 7, 2017",2017,TV-14,4 Seasons,"International TV Shows, TV Dramas, Teen TV Shows","Degrassi's next generation of high-tech newbies and returning students navigates real-world high school drama. If you're a teen, this is your life."
s5401,Movie,Professor,Lekh Tandon,"Shammi Kapoor, Kalpana, Lalita Pawar, Parveen Choudhary, Salim, Pratima Devi, Rashid Khan, Bir Sakuja, Bela Bose, Ratnamala",India,"July 1, 2017",1962,TV-PG,163 min,"Comedies, Dramas, International Movies",A college grad in need of money must disguise himself as an old man to tutor two young women who are under the watchful eye of their strict aunt.
s5408,TV Show,World at Your Feet,,"Ha Yu, Tay Ping Hui, Jeanette Aw, Elvin Ng, Yvonne Lim, Zhang Zhenhuan, Vivian Lai, Ian Fang, Xu Bin",Singapore,"July 1, 2017",2014,TV-14,1 Season,"International TV Shows, TV Dramas","A group of struggling individuals are united by a love of soccer. At the center is Renxin, a reclusive widower and former coach who needs new hope."
s5413,TV Show,Criminal Minds,,"Mandy Patinkin, Joe Mantegna, Thomas Gibson, Shemar Moore, Matthew Gray Gubler, Kirsten Vangsness, A.J. Cook, Paget Brewster, Lola Glaudini, Jennifer Love Hewitt, Jeanne Tripplehorn","United States, Canada","June 30, 2017",2017,TV-14,12 Seasons,"Crime TV Shows, TV Dramas, TV Mysteries",This intense police procedural follows a group of extraordinary FBI profilers who spend their days getting into the minds of psychopathic criminals.
s5423,TV Show,Pac-Man and the Ghostly Adventures,,"Erin Mathews, Sam Vincent, Andrea Libman, Ashleigh Ball, Ian James Corlett, Brian Drummond, Lee Tockar, Matt Hill","United States, Japan, Canada","June 20, 2017",2014,TV-Y7,2 Seasons,"Kids' TV, TV Comedies",Teenage Pac and his loyal crew face the ups and downs of adolescence while protecting Pac-World from a ghostly army led by the evil Betrayus.
s5479,Movie,Laerte-se,"Lygia Barbosa da Silva, Eliane Brum",Laerte Coutinho,Brazil,"May 19, 2017",2017,TV-MA,101 min,"Documentaries, International Movies, LGBTQ Movies","After living as a man for nearly 60 years, Laerte Coutinho, one of Brazil's most brilliant cartoonists, introduces herself to the world as a woman."
s5485,Movie,Natascha Kampusch: The Whole Story,Alina Teodorescu,,United States,"May 15, 2017",2010,TV-14,51 min,Movies,A Viennese child who was kidnapped and held captive in a basement before escaping after eight years reveals her headline-making story of survival.
s5486,Movie,Ram Jaane,Rajiv Mehra,"Shah Rukh Khan, Juhi Chawla, Vivek Mushran, Pankaj Kapur, Puneet Issar, Tinnu Anand, Deven Verma, Gulshan Grover, Amrit Pal, Arun Bali",India,"May 15, 2017",1995,TV-14,142 min,"Dramas, International Movies, Music & Musicals","Two boyhood pals – one righteous, the other a criminal – take very different paths to adulthood. Their love for the same woman may prove disastrous."
s5494,Movie,Handsome: A Netflix Mystery Movie,Jeff Garlin,"Jeff Garlin, Natasha Lyonne, Amy Sedaris, Steven Weber, Christine Woods, Eddie Pepitone, Timm Sharp, Brad Morris, Leah Remini, Ava Acres",United States,"May 5, 2017",2017,TV-MA,81 min,Comedies,Homicide detective Gene Handsome sets out to solve a woman's murder while searching for clues about what's missing from his personal life.
s5495,TV Show,Kazoops!,,"Reece Pockney, Scott Langley, Alex Babic, Gemma Harvey, Jessica Hann, Emma Tate",Australia,"May 5, 2017",2017,TV-Y,3 Seasons,Kids' TV,Music meets imagination in this inventive animated series about thinking outside the box and having fun.
s5500,Movie,Chaahat,Mahesh Bhatt,"Naseeruddin Shah, Shah Rukh Khan, Pooja Bhatt, Anupam Kher, Ramya Krishnan, Avtar Gill, Mushtaq Khan",India,"May 1, 2017",1996,TV-14,148 min,"Dramas, International Movies, Romantic Movies",A vulnerable singer is forced to choose between the girl he loves and another who has developed an unhealthy obsession with him.
s5506,Movie,Loev,Sudhanshu Saria,"Shiv Pandit, Dhruv Ganesh, Siddharth Menon, Rishabh Chaddha",India,"May 1, 2017",2015,TV-MA,89 min,"Dramas, Independent Movies, International Movies",Lives are upended when a hiking trip leads a Wall Street hotshot to explore his true feelings for an old pal who’s disenchanted with his boyfriend.
s5522,TV Show,Hot Girls Wanted: Turned On,"Jill Bauer, Ronna Gradus, Rashida Jones",,United States,"April 21, 2017",2017,TV-MA,1 Season,Docuseries,"Personal stories reveal how the intersection of sex, technology and intimate relationships is rewiring us in fundamental ways."
s5524,TV Show,The Mr. Peabody and Sherman Show,,"Chris Parnell, Max Charles, Dieter Jansen, Da'Vine Joy Randolph",United States,"April 21, 2017",2017,TV-Y7,4 Seasons,"Kids' TV, TV Comedies","Mr. Peabody and Sherman host a zany late-night comedy show from a swanky penthouse, with time-traveling historical figures and a live audience."
s5533,Movie,Our Lovers,Miguel Ángel Lamata,"Eduardo Noriega, Michelle Jenner, Fele Martínez, Amaia Salamanca",Spain,"April 14, 2017",2016,TV-MA,92 min,"Comedies, Dramas, International Movies","A love-challenged man and a woman he meets at a bookshop bar begin dating, but only at the shop – and without knowing anything about each other."
s5545,Movie,Deuces,Jamal Hill,"Larenz Tate, Meagan Good, Lance Gross, Antonique Smith, La La Anthony, Rick Gonzalez, Rotimi, Andra Fuller",United States,"April 1, 2017",2016,TV-MA,88 min,Dramas,"Assigned to go undercover to take down an impenetrable crime ring, a detective finds himself falling under the sway of its enigmatic leader."
s5548,Movie,Killa,Avinash Arun,"Amruta Subhash, Archit Deodhar, Parth Bhalerao, Gaurish Gawade, Atharva Upasni, Swandand Raikar, Shrikant Yadav, Umesh Jagtap, Shivalati Bokil, Jui Kahate",India,"April 1, 2017",2014,TV-14,107 min,"Dramas, International Movies",Growing up poses challenges for Chinu when he moves from city to country and encounters a youth culture far different from what he's used to.
s5563,TV Show,Dave Chappelle,Stan Lathan,Dave Chappelle,United States,"March 21, 2017",2017,TV-MA,1 Season,"Stand-Up Comedy & Talk Shows, TV Comedies","Comedy icon Dave Chappelle makes his triumphant return to the screen with a pair of blistering, fresh stand-up specials."
s5575,Movie,One 2 Ka 4,Shashilal K. Nair,"Shah Rukh Khan, Juhi Chawla, Jackie Shroff, Nirmal Pandey, Dilip Joshi, Sahila Chaddha, Suresh Chatwal, Bharat Dabholkar, Baby Gazala, Akash Khurana",India,"March 15, 2017",2001,TV-14,160 min,"Action & Adventure, Comedies, Dramas","When his partner is killed, a young cop is forced to care for the man's four children, and solicits the help of a woman who moves in with them."
s5585,Movie,Nila,Selvamani Selvaraj,"Sruthi Hariharan, Vicky R",India,"March 1, 2017",2016,TV-MA,94 min,"Dramas, International Movies, Romantic Movies","When a cabbie chances upon his childhood sweetheart, he tries to rekindle old feelings but finds that mature love is a more complicated matter."
s5590,Movie,Operações Especiais,Tomas Portella,"Cleo Pires, Marcos Caruso, Thiago Martins, Fabrício Boliveira, Fabiula Nascimento, Antonio Pedro Tabet, Fábio Lago, Analú Prestes, Gillray Coutinho, Augusto Madeira",Brazil,"February 25, 2017",2015,TV-MA,99 min,"Action & Adventure, International Movies","In a crime-plagued area of Rio de Janeiro, a team of honest cops, including a determined rookie, fights corruption and mistrust on all sides."
s5598,Movie,Tini: The New Life of Violetta,Juan Pablo Buscarini,"Martina Stoessel, Jorge Blanco, Adrián Salzedo, Mercedes Lambre, Diego Ramos, Clara Alonso, Sofia Carson, Leonardo Cecchi, Ridder van Kooten, Beatrice Arnera, Georgina Amorós","Spain, Italy, Argentina","February 19, 2017",2016,G,99 min,"Children & Family Movies, Music & Musicals","After completing a world tour, a teen pop star spends the summer at an Italian villa to recover from heartbreak and grow into a mature artist."
s5614,Movie,"Michael Bolton's Big, Sexy Valentine's Day Special","Scott Aukerman, Akiva Schaffer","Michael Bolton, Andy Samberg, Will Forte, Kenny G, Maya Rudolph, Adam Scott, Janeane Garofalo, Brooke Shields, Sinbad, Michael Sheen, Tim Robinson, Bob Saget, Mary Holland, Andy Richter, Colton Dunn, David Theune, Randall Park, Sarah Silverman, Mary Sohn, Fred Armisen, Matthew Kimbrough, Maya Erskine, Louie Anderson, Claudia O'Doherty, Kate Berlant, Baron Vaughn, Zachary Oyama, Casey Wilson, Sarah Shahi, Jimmy Graham, Luka Jones, Akiva Schaffer, Eric André, Scott Aukerman, Nicole Byer, Dave Ferguson, Tim Kalpakis, Mike Hanford, Mircea Monroe, Chris Parnell, Sal Stowers",United States,"February 7, 2017",2017,TV-MA,54 min,"Comedies, Music & Musicals, Romantic Movies","After Santa tells him he needs 75,000 new babies by Christmas to meet toy supply, Michael Bolton hosts a telethon to inspire the world to make love."
s5636,Movie,We Are Young. We Are Strong.,Burhan Qurbani,"Jonas Nay, Trang Le Hong, Devid Striesow, Joel Basman, Saskia Rosendahl, Paul Gäbler, David Schütter, Jakob Bieber, Swantje Kohlhof, Mai Duong Kieu",Germany,"January 15, 2017",2014,TV-MA,123 min,"Dramas, International Movies","In 1992, three radically different residents of Rostock, Germany, become entangled in a violent xenophobic riot that rocks the beleaguered city."
s5647,Movie,Jen Kirkman: Just Keep Livin’?,Lance Bangs,Jen Kirkman,United States,"January 3, 2017",2017,TV-MA,69 min,Stand-Up Comedy,"Incisive comic Jen Kirkman gets real about women's bodies, the value of alone time and an Italian private tour guide who may have been a ghost."
s5665,Movie,3 Türken & ein Baby,Sinan Akkuş,"Kostja Ullmann, Eko Fresh, Kida Khodr Ramadan, Sabrina Klüber, Sami Nasser, Kayla Rybicka, Jytte-Merle Böhrnsen, Emrah Erdogru, Tim Grothe, Hülya Duyar",Germany,"December 15, 2016",2015,TV-MA,93 min,"Comedies, International Movies",The lives of three dissatisfied brothers running a family bridal shop turn topsy-turvy when one of them has to care for his ex-girlfriend's baby.
s5675,TV Show,Merlin,James Hawes,"Colin Morgan, Bradley James, Katie McGrath, Angel Coulby, Richard Wilson, Anthony Head, John Hurt, Nathaniel Parker",United Kingdom,"December 15, 2016",2012,TV-PG,5 Seasons,"British TV Shows, International TV Shows, TV Action & Adventure","This family-oriented retelling of the King Arthur legend finds Merlin arriving in Camelot, where he hones his magic skills with the help of his uncle."
s5690,Movie,Reggie Watts: Spatial,Benjamin Dickinson,Reggie Watts,United States,"December 6, 2016",2016,TV-MA,62 min,"Music & Musicals, Stand-Up Comedy","The comic innovator delivers a surreal set blending experimental songs, jokes about grits, guns and drugs, and other improvised comedy adventures."
s5702,Movie,Interrogation,Vetrimaaran,"Dinesh Ravi, Samuthirakani, Kishore Kumar, Anandhi, Murugadoss, Ajay Ghosh",India,"December 1, 2016",2015,TV-MA,116 min,"Dramas, International Movies, Thrillers","In this fact-based drama, politically motivated cops in Andhra Pradesh set out to frame four Tamil laborers for a crime, torturing them to no avail."
s5703,Movie,Rainbow Time,Linas Phillips,"Linas Phillips, Melanie Lynskey, Timm Sharp, Tobin Bell, Jay Duplass, Lauren Weedman, Artemis Pebdani, Reagan Yates, Austin Fryberger",United States,"December 1, 2016",2016,TV-MA,92 min,"Comedies, Dramas, Independent Movies","A developmentally disabled man obsessed with the Fonz, guns and all things kinky poses a challenge for his arrogant brother when he moves in with him."
s5711,Movie,The Land of Cards,Qaushiq Mukherjee,"Joyraj Bhattacharya, Rii, Soumyak Kanti DeBiswas, Anubrata Basu, Tillotama Shome, Maya Tideman, Tinu Verghese, Immaduddin Shah, Sayani Gupta",India,"November 22, 2016",2012,TV-14,113 min,"Dramas, Independent Movies, International Movies",A royal prince arrives on an island of fascist rule and inspires a rebellion among its women in this hallucinogenic adaptation of a classic play.
s5723,TV Show,Case,,"Steinunn Ólína Þorsteinsdóttir, Magnús Jónsson, Þorsteinn Bachmann, Jóhanna Vigdís Arnardóttir, Birna Rún Eiríksdóttir, Elma Stefania Agustsdottir, Bergur Þór Ingólfsson, Halldóra Geirharðsdóttir, Arnar Jónsson, Davíð Freyr Þórunnarson, Björn Stefánsson, Nína Dögg Filippusdóttir, Hjortur Jóhann Jónsson",Iceland,"November 9, 2016",2015,TV-MA,1 Season,"Crime TV Shows, International TV Shows, TV Dramas",A smart lawyer whose drinking and recklessness send him on a path of self-destruction finds new purpose investigating a teenager's apparent suicide.
s5724,TV Show,Danger Mouse,,"Alexander Armstrong, Kevin Eldon, Stephen Fry, Ed Gaughan, Shauna Macdonald, Dave Lamb, Morwenna Banks",United Kingdom,"November 9, 2016",2016,TV-Y7,2 Seasons,"British TV Shows, Kids' TV",The world's greatest super-spy returns to save the world with the help of hapless hamster Penfold and a collection of state-of-the-art gadgetry.
s5730,TV Show,Love Around,,"George Hu, Annie Chen, Mandy Tao, Jack Lee, Tan Ai-Chen, Jian Chang, Wang Chuan",Taiwan,"November 1, 2016",2013,TV-14,1 Season,"International TV Shows, Romantic TV Shows, TV Comedies","After a chance meeting at a ballpark, the kind son of a former gangster tries to help an outgoing radio DJ get over her recent heartbreak."
s5737,Movie,Pup Star,Robert Vince,"Makenzie Moss, Jed Rees, David DeLuise, Carla Jimenez, Tom Everett Scott, Diedrich Bader, George Newbern, Bonnie Somerville, John Ratzenberger",Canada,"October 29, 2016",2016,G,92 min,"Children & Family Movies, Comedies","After a singing pup with big dreams of stardom gets dognapped and escapes with a friend's help, her journey home is a fun, music-filled adventure."
s5742,TV Show,Trailer Park Boys: Out of the Park: Europe,,"Mike Smith, John Paul Tremblay, Robb Wells",Canada,"October 28, 2016",2016,TV-MA,1 Season,"International TV Shows, TV Comedies","The Trailer Park Boys are thrilled to get a free trip to Europe, until they arrive and learn about their corporate sponsor's unusual requirements."
s5767,TV Show,Fall in Love with Me,,"Aaron Yan, Tia Lee, Jack Lee, Katherine Wang, Beatrice Fang, Vince Kao, Chen Bor Jeng",Taiwan,"October 1, 2016",2014,TV-14,1 Season,"International TV Shows, Romantic TV Shows, TV Comedies",The head of a struggling ad agency finds herself torn between a hotshot executive and a kind stranger – not realizing they're the same person.
s5770,TV Show,Masha's Spooky Stories,,,"United States, Russia","October 1, 2016",2012,TV-Y,1 Season,Kids' TV,"Masha explains why there's no need to be scared of things like monsters, the dark, going to a new school, thunder and other common childhood fears."
s5776,Movie,Pac's Scary Halloween,,"Erin Mathews, Sam Vincent, Andrea Libman, Ashleigh Ball, Ian James Corlett, Brian Drummond, Lee Tockar, Matt Hill",,"October 1, 2016",2016,TV-Y7,44 min,Movies,"When sinister Dr. Pacenstein schemes to swap bodies with Pac during a Halloween party, Spiral, Cyli and Count Pacula scramble to save their pal."
s5779,Movie,Umrika,Prashant Nair,"Suraj Sharma, Tony Revolori, Smita Tambe, Adil Hussain, Rajesh Tailang, Prateik Babbar, Pramod Pathak, Amit Sial, Sauraseni Maitra",India,"October 1, 2016",2015,TV-MA,96 min,"Dramas, Independent Movies, International Movies","An ambitious man leaves his small Indian village for America. But when his letters to home stop coming, his brother sets out on his own adventure."
s5787,Movie,"Karol Modzelewski, Łukasz „Lotek” Lodkowski No Offense",,"Karol Modzelewski, Łukasz ""Lotek” Lodkowski",,"September 19, 2016",2016,TV-MA,65 min,Stand-Up Comedy,"Charismatic comedy pals Karol Modzelewski and Łukasz ""Lotek"" Lodkowski bring their mischievous brand of humor to Warsaw's Klub Hybrydy."
s5801,TV Show,Kulipari: An Army of Frogs,,"Mark Hamill, Keith David, Wendie Malick, Josh Keaton, Mikey Kelley, Phil LaMarr, Laraine Newman, Jess Harnell, Charles Adler, Amy Margolis, Cree Summer, Lacey Chabert, Rolonda Watts, Kevin Michael Richardson, Candi Milo",United States,"September 2, 2016",2016,TV-Y7,1 Season,Kids' TV,"In a tale of bravery and heroism, fearless frogs go to war against the sinister scorpions and spiders that have teamed up to conquer the amphibians."
s5805,Movie,Saudi Arabia Uncovered,,,United Kingdom,"September 1, 2016",2016,TV-14,52 min,Documentaries,"Undercover cameras expose public floggings, executions and other brutality in Saudi Arabia, and introduce those risking their own lives for change."
s5808,TV Show,Glitter Force,,"Laura Bailey, Kate Higgins, Alex Cazares, Colleen O'Shaughnessey, Danielle Nicole, Debi Derryberry, Mary Elizabeth McGlynn, Patrick Seitz, Keith Silverstein",Japan,"August 26, 2016",2016,TV-Y7,2 Seasons,"Anime Series, Kids' TV",Five preteen girls learn they're a legendary superhero squad known as the Glitter Force. Their mission? To defend Earth from evil fairy-tale villains.
s5813,TV Show,Caught on Camera,,Nick Wallis,United Kingdom,"August 15, 2016",2015,TV-MA,3 Seasons,"British TV Shows, Crime TV Shows, Docuseries","Nick Wallis presents crimes caught on CCTV, cell phones and other devices and reveals how investigators use the recordings to solve tough cases."
s5817,Movie,Jim Gaffigan: King Baby,Troy Miller,Jim Gaffigan,United States,"August 11, 2016",2009,TV-PG,71 min,Stand-Up Comedy,"Jim Gaffigan offers up his take on bacon, bowling and other weighty topics in this stand-up performance filmed live in Austin on his 2008 comedy tour."
s5835,TV Show,Kuromukuro,Tensai Okamura,"Yohei Azakami, M・A・O, Reina Ueda, Asami Seto, Kaito Ishikawa, Yusuke Kobayashi, Shunsuke Takeuchi, Manami Sugihira, Momo Asakura, Kanako Tojo, Ryohei Kimura, Hikaru Ueda, Taiten Kusunoki",Japan,"July 4, 2016",2016,TV-14,2 Seasons,"Anime Series, International TV Shows","When mecha attack a research center, its students, pilots, and researchers must fight back with the help of mysterious artifacts and a young samurai."
s5844,TV Show,Hibana: Spark,,"Kento Hayashi, Kazuki Namioka, Mugi Kadowaki, Masao Yoshii, Hideaki Murata, Nahana, Sayaka Yamamoto, Shota Sometani, Tomorowo Taguchi, Kaoru Kobayashi",Japan,"June 2, 2016",2016,TV-MA,1 Season,"International TV Shows, TV Dramas",A dramatic series about friendship and conflict between two comedians who search for meaning in life and comedy. Based on the prize-winning book.
s5853,Movie,Hush,Mike Flanagan,"John Gallagher Jr., Kate Siegel, Michael Trucco, Samantha Sloyan, Emma Graves",United States,"April 8, 2016",2016,R,82 min,"Horror Movies, Thrillers",A deaf writer who retreated into the woods to live a solitary life must fight for her life in silence when a masked killer appears in her window.
s5858,Movie,Kung Fu Panda: Secrets of the Scroll,Rodolphe Guenoden,"Jack Black, Dustin Hoffman, Seth Rogen, David Cross, Lucy Liu, Tara Macri, James Hong, Randall Duk Kim",United States,"March 25, 2016",2016,TV-PG,23 min,"Children & Family Movies, Comedies","When a twist of fate brings five unlikely animals together, they find that combining their unique kung fu styles as a team makes the perfect weapon!"
s5863,TV Show,Netflix Presents: The Characters,,"Lauren Lapkus, John Early, Henry Zebrowski, Kate Berlant, Natasha Rothwell, Paul W. Downs, Tim Robinson, Dr. Brown",United States,"March 11, 2016",2016,TV-MA,1 Season,TV Comedies,We asked eight up-and-coming comedians for their wildest sketch and improv routines – and got a new comedy series unlike anything else.
s5880,Movie,The Ridiculous 6,Frank Coraci,"Adam Sandler, Terry Crews, Jorge Garcia, Taylor Lautner, Rob Schneider, Luke Wilson, Will Forte, Steve Zahn, Harvey Keitel, Nick Nolte, Jon Lovitz, Whitney Cummings, David Spade, Danny Trejo, Nick Swardson, Blake Shelton, Vanilla Ice, Julia Jones, Saginaw Grant, Lavell Crawford, Steve Buscemi",United States,"December 11, 2015",2015,TV-14,120 min,"Action & Adventure, Comedies","When his outlaw dad is kidnapped, Tommy “White Knife” Stockburn sets off across the West on a rescue mission with five brothers he never knew he had."
s5930,Movie,Print the Legend,"Luis Lopez, Clay Tweel",,United States,"September 26, 2014",2014,TV-14,100 min,Documentaries,"This award-winning, original documentary chronicles the race for market leadership in 3D printing, the next wave of technological evolution."
s5937,Movie,Shrek the Musical,Jason Moore,"Brian d'Arcy James, Daniel Breaker, Sutton Foster, Christopher Sieber, John Tartaglia, Rozi Baker, Ryan Duncan, Leah Greenhaus, Chris Hoch, Marissa O'Donnell, Denny Paschall",United States,"December 29, 2013",2013,TV-G,130 min,"Children & Family Movies, Comedies, Music & Musicals","The greatest fairy tale never told comes to life in this colorful, song-filled, Tony Award-winning Broadway production based on the hit movie."
s5943,Movie,A Stoning in Fulham County,Larry Elikann,"Ken Olin, Jill Eikenberry, Maureen Mueller, Gregg Henry, Nicholas Pryor, Noble Willingham, Peter Michael Goetz, Ron Perlman, Theodore Bikel, Olivia Burnette, Bill Allen, Brad Pitt",United States,"October 1, 2011",1988,TV-14,95 min,Dramas,"After reckless teens kill an Amish child, a prosecutor attempts to bring the youths to justice despite the condemnation he faces from the community."
s5949,Movie,The Ryan White Story,John Herzfeld,"Judith Light, Lukas Haas, Michael Bowen, Nikki Cox, George Dzundza, Valerie Landsburg, Sarah Jessica Parker, Mitchell Ryan",United States,"October 1, 2011",1989,TV-PG,94 min,Dramas,"After contracting HIV from a tainted blood treatment, teenaged hemophiliac Ryan White is forced to fight for his right to attend public school."
s5956,Movie,Splatter,Joe Dante,"Corey Feldman, Tony Todd, Tara Leigh, Erin Way, Mark Alan, Stuart Pankin",United States,"November 18, 2009",2009,TV-MA,29 min,Horror Movies,"After committing suicide, a washed-up rocker returns from the grave to torment the five people who betrayed him in life."
s5992,Movie,14 Cameras,"Scott Hussion, Seth Fuller","Neville Archambault, Amber Midthunder, Brytnee Ratledge, Hank Rogerson, Chelsea Edmundson, John-Paul Howard, Lora Martinez-Cunningham, Brianne Moncrief",United States,"October 27, 2018",2018,TV-MA,89 min,"Horror Movies, Thrillers","Upping the “13 Cameras” ante, this sequel finds a family renting a vacation house that’s been customized to violate their privacy."
s6035,Movie,A Family Man,Mark Williams,"Gerard Butler, Gretchen Mol, Alison Brie, Willem Dafoe, Alfred Molina, Maxwell Jenkins, Anupam Kher, Dustin Milligan","Canada, United States","December 15, 2019",2016,R,110 min,Dramas,A ruthless corporate headhunter battles his rival for a promotion while dealing with a family crisis that threatens to derail his career.
s6044,Movie,A Leaf of Faith,Chris Bell,,United States,"August 27, 2018",2018,TV-MA,87 min,Documentaries,"This documentary takes a deep dive into the benefits, dangers and lingering questions around Kratom leaf as an alternative to opioid painkillers."
s6061,Movie,A Thin Line Between Love & Hate,Martin Lawrence,"Martin Lawrence, Lynn Whitfield, Regina King, Bobby Brown, Della Reese, Daryl Mitchell, Roger Mosley, Malinda Williams, Roger E. Mosley, Simbi Khali, Tangie Ambrose, Wendy Raquel Robinson, Stacii Jae Johnson, Faizon Love, Miguel A. Núñez Jr., Tracy Morgan",United States,"December 1, 2020",1996,R,108 min,"Comedies, Romantic Movies","When a philandering club promoter sets out to woo a rich, glamorous woman, he has no clue just how much mayhem he's about to unleash on his life."
s6126,Movie,Alpha and Omega: The Legend of the Saw Tooth Cave,Richard Rich,"Debi Derryberry, Ben Diskin, Kate Higgins, Lindsay Torrance, Larry Thomas, Bill Lader, Cindy Robinson","United States, India","January 1, 2020",2014,TV-Y7,45 min,Children & Family Movies,"When a wolf pup named Runt sneaks off to explore a mysterious cave, he meets and befriends a wolf driven from her pack because she's blind."
s6134,Movie,American Anarchist,Charlie Siskel,William Powell,United States,"June 23, 2017",2016,TV-MA,81 min,Documentaries,"This documentary profiles William Powell, who wrote the ""The Anarchist Cookbook"" in the early 1970s and spent his later life regretting his actions."
s6150,Movie,Amy,Asif Kapadia,"Amy Winehouse, Lauren Gilbert",United Kingdom,"July 26, 2018",2015,R,128 min,"Documentaries, International Movies, Music & Musicals",Rare home videos and interviews with Amy Winehouse's inner circle offer an intimate look at her journey from charismatic teen to troubled star.
s6152,Movie,An American Tail,Don Bluth,"Erica Yohn, Nehemiah Persoff, Amy Green, Phillip Glasser, Christopher Plummer, John Finnegan, Will Ryan, Hal Smith, Dom DeLuise, Madeline Kahn",United States,"April 1, 2018",1986,G,80 min,Children & Family Movies,"Fievel, a young Russian mouse, immigrates to America and must make his own way in the strange and sometimes perilous new world."
s6175,TV Show,Anthony Bourdain: Parts Unknown,,Anthony Bourdain,United States,,2018,TV-PG,5 Seasons,Docuseries,This CNN original series has chef Anthony Bourdain traveling to extraordinary locations around the globe to sample a variety of local cuisines.
s6177,Movie,Anwar,Manish Jha,"Siddharth Koirala, Nauheed Cyrusi, Manisha Koirala, Rajpal Yadav, Yashpal Sharma, Vijay Raaz, Hiten Tejwani, Sudhir Pandey, Sanjay Mishra, Lalit Tiwari",India,"December 31, 2019",2007,TV-14,134 min,"Dramas, Independent Movies, International Movies","Seeking refuge in a Hindu temple after the tragic death of the girl he loved, a Muslim youth is caught by the police, who mistake him for an enemy."
s6206,Movie,Babel,Alejandro G. Iñárritu,"Brad Pitt, Cate Blanchett, Gael García Bernal, Koji Yakusho, Adriana Barraza, Rinko Kikuchi, Said Tarchani, Boubker Ait El Caid, Elle Fanning, Nathan Gamble, Mohamed Akhzam","France, United States, Mexico","January 1, 2019",2006,R,143 min,"Dramas, Independent Movies","When an American couple vacationing in Morocco falls victim to a random act of violence, a series of events unfolds across four countries."
s6208,Movie,Back and Forth,José Eduardo Belmonte,"Ingrid Guimarães, Fábio Assunção, Alice Braga, Rosanne Mulholland, Caroline Abras, João Assunção",Brazil,"January 5, 2017",2016,NR,95 min,"Comedies, Dramas, International Movies","When their car breaks down en route to São Paulo, a father and son accept a ride from four beautiful telemarketers who are headed there on holiday."
s6225,Movie,Bana Masal Anlatma,Burak Aksak,"Hande Doğandemir, Fatih Artman, Devrim Yakut, Cengiz Bozkurt, Erdal Tosun, Berat Yenilmez, Ercan Yazgan, Sadi Celil Cengiz, Cihan Ercan, Burcu Biricik, Tarık Ünlüoğlu, Gürkan Uygun, Gökçe Bahadır",Turkey,"March 10, 2017",2015,TV-14,103 min,"Comedies, International Movies, Romantic Movies","Minibus driver Riza is a steady presence in his close-knit neighborhood, until he brings home a dreamy beauty and throws everything into chaos."
s6235,Movie,Barbie & Her Sisters in a Pony Tale,Kyran Kelly,"Kelly Sheridan, Kazumi Evans, Claire Corlett, Ashlyn Drummond, Alex Kelly, Tabitha St. Germain, Shannon Chan-Kent",United States,"October 1, 2017",2013,TV-Y,74 min,Children & Family Movies,"Barbie and her sisters set off on a Swiss adventure to the majestic Alps, where they're excited to spend the summer at a fun-filled riding academy!"
s6253,TV Show,Battle Creek,,"Josh Duhamel, Dean Winters, Aubrey Dollar, Edward Fordham Jr., Kal Penn, Janet McTeer, Liza Lapira, Damon Herriman, Meredith Eaton",United States,"December 31, 2015",2015,TV-14,1 Season,"Crime TV Shows, TV Comedies, TV Dramas","A polished FBI agent must team up with a cynical cop when he's dispatched to Battle Creek, Michigan, to set up an office at the local precinct."
s6268,Movie,Bebe's Kids,Bruce W. Smith,"Faizon Love, Vanessa Bell Calloway, Wayne Collins, Jonell Green, Marques Houston, Tone-Loc, Myra J., Nell Carter",United States,"November 20, 2019",1992,PG-13,73 min,Comedies,"When ladies' man Robin meets Jamika, he falls head over heels, but she greets him with four surprises: her son and her girlfriend Bebe's three kids."
s6282,TV Show,Ben 10,,"Tara Strong, Montse Hernandez, David Kaye, Roger Craig Smith, Todd Haberkorn, Dwight Schultz, Daryl Sabara",United States,"September 30, 2018",2016,TV-Y7,1 Season,Kids' TV,Ben can transform into ten types of aliens. He'll try 'em all while adventuring across the country with his cousin Gwen and Grandpa Max.
s6291,Movie,Bewildered Bolbol,Khaled Marei,"Ahmed Helmy, Zeina, Shery Adel, Emy Samir Ghanim, Yousef Fawzy, Yasser El Tobgy, Wael Sami, Maryam Saleh",Egypt,"June 20, 2019",2010,TV-14,112 min,"Comedies, International Movies, Romantic Movies",A man suffering from amnesia can't seem to choose between the women playing tricks on him.
s6297,Movie,Bhagam Bhag,Priyadarshan,"Akshay Kumar, Govinda, Lara Dutta, Paresh Rawal, Rajpal Yadav, Jackie Shroff, Arbaaz Khan, Tanushree Dutta, Asrani, Shakti Kapoor",India,"December 31, 2019",2006,TV-14,151 min,"Comedies, International Movies, Romantic Movies","A theater group lands in trouble when its new actress takes her own life, two of its members are framed for murder and no one is who they appear to be."
s6305,TV Show,"Big Dreams, Small Spaces",,Monty Don,United Kingdom," July 26, 2019",2017,TV-G,3 Seasons,"British TV Shows, International TV Shows, Reality TV",Writer and presenter Monty Don helps England's budding horticulturists plant and grow the gardens of their dreams.
s6337,Movie,Blood Father,Jean-François Richet,"Mel Gibson, Erin Moriarty, Diego Luna, Michael Parks, William H. Macy, Miguel Sandoval, Dale Dickey, Richard Cabral, Daniel Moncada, Ryan Dorsey",France,"March 26, 2020",2016,R,88 min,"Action & Adventure, International Movies",An ex-convict and estranged father finds the chance to prove himself when his daughter seeks his help shaking off a dangerous group of drug dealers.
s6351,Movie,Bobby,Raj Kapoor,"Rishi Kapoor, Dimple Kapadia, Pran, Prem Nath, Sonia Sahni, Durga Khote, Aruna Irani, Prem Chopra, Farida Jalal",India,"December 31, 2019",1973,TV-14,168 min,"Classic Movies, Dramas, International Movies","Raj, the son of strict, wealthy parents, falls in love with Bobby, the daughter of a poor Christian fisherman – a romance his parents oppose."
s6358,TV Show,Bondi Rescue,,"Andrew Günsberg, Dean Gladstone, Bruce Hopkins, Trent 'Maxi' Maxwell, Andrew Reid, Ryan Clark, Chris Chapman, Anthony 'Harries' Caroll",Australia," November 1, 2019",2016,TV-PG,1 Season,Reality TV,"This reality series follows elite professional lifeguards on Sydney's Bondi Beach, as they take on everything from animal stings to criminals."
s6379,TV Show,Bringing Sexy Back,,Samantha Armstrong,,"October 2, 2019",2015,TV-14,1 Season,"International TV Shows, Reality TV","In this reality series, everyday individuals adopt healthier lifestyles and transform their bodies to reclaim their confidence – with dramatic results."
s6392,Movie,Burlesque: Heart of the Glitter Tribe,Jon Manning,,United States,"June 1, 2017",2017,TV-MA,76 min,Documentaries,"This revealing documentary probes the onstage personas of Portland, Oregon, burlesque performers who practice wildly different art forms."
s6396,Movie,Butterfield 8,Daniel Mann,"Elizabeth Taylor, Laurence Harvey, Eddie Fisher, Dina Merrill, Mildred Dunnock, Betty Field, Jeffrey Lynn, Susan Oliver",United States,"November 1, 2019",1960,TV-14,108 min,"Classic Movies, Dramas, Romantic Movies","Elizabeth Taylor won an Oscar as Gloria Wandrous, a stylish call girl who yearns to go straight, especially after she thinks she's found Mr. Right."
s6417,TV Show,Cannabis,,"Jean-Michel Correia, Yasin Houicha, Pedro Casablanc, Christophe Paou, Kate Moran, Santi Pons",France,"December 15, 2016",2016,TV-MA,1 Season,"Crime TV Shows, International TV Shows, TV Dramas","When a huge marijuana shipment falls prey to thieves, the aftermath touches players from all ranks of the drug trade between Morocco and Europe."
s6419,Movie,Cappuccino,Noushad,"Dharmajan Bolgatty, Aneesh Menon, Sunil Sukhada, Anita Lukmance, Kottayam Pradeep, Natasha Doshi, Hareesh Perumanna, Sharanya, Vineeth Mohan, Sudhi Koppa",India,"July 1, 2018",2017,TV-PG,126 min,"Comedies, Dramas, International Movies","Richi is a director of commercials whose computer memory drive is accidentally switched with that of Sneha, a woman he soon falls in love with."
s6424,Movie,Carrie,Brian De Palma,"Sissy Spacek, Piper Laurie, Amy Irving, William Katt, John Travolta, Nancy Allen, Betty Buckley, P.J. Soles, Priscilla Pointer, Sydney Lassick, Stefan Gierasch, Michael Talbott, Doug Cox, Harry Gold, Noelle North",United States,"June 1, 2019",1976,R,98 min,"Classic Movies, Cult Movies, Horror Movies","An outcast teen with telekinetic ability lashes out with her deadly power when the high school ""in crowd"" torments her with a sick joke at the prom."
s6436,Movie,Cave,Henrik Martin Dahlsbakken,"Heidi Toini, Benjamin Helstad, Mads Sjogard Pettersen, Ingar Helge Gimle",Norway,"June 15, 2017",2016,TV-MA,77 min,"Action & Adventure, International Movies, Thrillers","Torn between old camaraderie and recent tensions, three ex-soldiers reunite to explore a deadly cave but soon discover terror beyond all expectations."
s6465,Movie,Chhota Bheem Kungfu Dhamaka,"Rajiv Chilaka, Binayak Das","Sonal Kaushal, Rupa Bhimani, Jigna Bharadhwaj, Sabina Malik, Julie Tejwani, Rajesh Kava, Vaibhav Thakkar, Samriddhi Shuklaa, Aditya Raj Sharma, Vinod Kulkarni",India,"August 15, 2019",2019,TV-Y7,112 min,Children & Family Movies,Chhota Bheem is in China for a martial arts competition but his real challenge: to save the emperor’s daughter from being kidnapped by the villain Zuhu!
s6469,Movie,Child's Play,Tom Holland,"Catherine Hicks, Alex Vincent, Brad Dourif, Chris Sarandon, Dinah Manoff, Tommy Swerdlow, Jack Colvin, Neil Giuntoli, Juan Ramírez, Alan Wilder",United States,"December 31, 2019",1988,R,87 min,"Cult Movies, Horror Movies","When a rash of murders unfolds, 6-year-old Andy knows that his toy doll Chucky is the killer, but neither his mom nor the cops believe him."
s6477,Movie,Christian Mingle,Corbin Bernsen,"Lacey Chabert, Jonathan Patrick Moore, Saidah Arrika Ekulona, Stephen Tobolowsky, John O'Hurley, David Keith, Morgan Fairchild, Corbin Bernsen",United States,"June 6, 2019",2014,PG,99 min,"Comedies, Faith & Spirituality, Romantic Movies",A career woman who has everything but romance finds her values challenged when she starts dating a good man she met on a Christian matchmaking site.
s6490,Movie,City of Tiny Lights,Pete Travis,"Riz Ahmed, Billie Piper, James Floyd, Cush Jumbo, Roshan Seth, Hannah Rae, Antonio Aakeel, George Sargeant, Alexander Siddig, Vincent Regan, Barry Aird",United Kingdom,"July 21, 2017",2016,TV-MA,110 min,"Dramas, International Movies, Thrillers","In moody London, a burned-out sleuth sinks into a world of corruption and murderous romance when he tackles a mysterious case of a missing sex worker."
s6495,Movie,Class Rank,Eric Stoltz,"Olivia Holt, Skyler Gisondo, Kristin Chenoweth, Bruce Dern, Nick Krause, Kathleen Chalfant, Peter Maloney, Rod McLachlan, Hawn Tran, Danni Wang",United States,"September 18, 2018",2018,TV-MA,103 min,Comedies,"When her class rank threatens her college plans, an ambitious teen convinces a nerdy peer to run for the school board to abolish the ranking system."
s6513,Movie,Coffee with D,Vishal Mishra,"Sunil Grover, Zakir Hussain, Anjana Sukhani, Dipannita Sharma, Pankaj Tripathi, Rajesh Sharma, Vinod Ramani, Guru Singh",India,"November 1, 2017",2017,TV-PG,120 min,"Comedies, Independent Movies, International Movies",Low TV ratings drive a well-known journalist to concoct a plan to interview a notorious underworld figure who is also a suspected terrorist.
s6537,Movie,Coraline,Henry Selick,"Dakota Fanning, Teri Hatcher, John Hodgman, Jennifer Saunders, Dawn French, Keith David, Robert Bailey Jr., Ian McShane",United States,"March 16, 2017",2009,PG,101 min,Children & Family Movies,Curious young Coraline unlocks a door in her family's home and is transported to a universe that strangely resembles her own – only better.
s6538,Movie,Counterfeiting in Suburbia,Jason Bourque,"Sarah Butler, Larissa Albuquerque, Kayla Wallace, Matthew MacCaull, James Dean, Alison Wandzura, Bruce Blain, Natalie Grace, Phillip Mitchell",Canada,"July 1, 2018",2018,TV-14,88 min,"Dramas, Thrillers","Two teenagers print counterfeit money in their high school art room, but things go terribly wrong when their debt-ridden teacher becomes suspicious."
s6539,TV Show,Court Justice,,Chris Bourke,Australia,"October 2, 2019",2017,TV-MA,1 Season,"Crime TV Shows, Docuseries, International TV Shows","In a bustling local court in Sydney, 12 magistrates preside over different levels of criminal offenses and deliver life-changing verdicts."
s6549,Movie,Dad,Gary David Goldberg,"Jack Lemmon, Ted Danson, Olympia Dukakis, Kathy Baker, Kevin Spacey, Ethan Hawke, Zakes Mokae, J.T. Walsh, Peter Michael Goetz, John Apicella, Richard McGonagle, Bill Morey, Mary Fogarty",United States,"April 1, 2018",1989,PG,117 min,Dramas,"Family bonds are revived after a father is diagnosed with cancer in this bittersweet drama. Dutiful son John cares for his aging father, Jake, but not without complaint."
s6567,Movie,Dark Places,Gilles Paquet-Brenner,"Charlize Theron, Nicholas Hoult, Chloë Grace Moretz, Tye Sheridan, Sterling Jerins, Corey Stoll, Christina Hendricks, Drea de Matteo, Sean Bridgers, Andrea Roth","United States, United Kingdom, France","July 26, 2018",2015,R,113 min,"Dramas, International Movies, Thrillers","Years after surviving a brutal crime as a child, Libby Day comes to believe that the brother she testified against for committing it may be innocent."
s6568,Movie,Darna Mana Hai,Prawal Raman,"Aftab Shivdasani, Antara Mali, Boman Irani, Isha Koppikar, Nana Patekar, Raghuvir Yadav, Rajpal Yadav, Revathy, Saif Ali Khan, Sameera Reddy, Sanjay Kapoor, Shilpa Shetty, Sohail Khan, Vivek Oberoi",India,"August 1, 2019",2003,TV-MA,116 min,"Horror Movies, International Movies, Thrillers","Stranded in a jungle when their car breaks down, six friends pass their time exchanging horror stories, unaware that they may be part of one themselves."
s6576,Movie,De Palma,"Noah Baumbach, Jake Paltrow",Brian De Palma,United States,"November 21, 2018",2015,R,110 min,Documentaries,"Iconoclastic film director Brian DePalma takes a look back at the production of such classic movies as ""Carrie,"" ""Scarface"" and ""The Untouchables."""
s6579,Movie,Deadly Scholars,Danny J. Boyle,"Kennedy Lea Slocum, Corey Fogelmanis, Alexa Mansour, Peyton Clark, Sheryl Lee, Sherri Saum, Eric Stanton Betts, Paris Berelc, Pedro Correa, Alissa Latow",United States,"February 15, 2019",2018,TV-14,86 min,"Dramas, Thrillers","After a series of strange deaths, a high school reporter tries to pin down the killer who's targeting students eligible for a prestigious scholarship."
s6593,Movie,Den of Thieves,Christian Gudegast,"Gerard Butler, Pablo Schreiber, O'Shea Jackson Jr., 50 Cent, Meadow Williams, Maurice Compte, Brian Van Holt, Evan Jones, Mo McRae, Kaiwi Lyman",United States,"May 1, 2020",2018,R,140 min,Action & Adventure,A highly skilled crew of bank robbers plotting a heist at the supposedly impenetrable Federal Reserve faces off against an elite unit of L.A. cops.
s6606,Movie,Di Renjie zhi Sidatianwang,Hark Tsui,"Mark Chao, Feng Shaofeng, Kenny Lin, Carina Lau, Ethan Juan, Sandra Ma","China, Hong Kong","February 6, 2019",2018,TV-14,132 min,"Action & Adventure, International Movies, Sci-Fi & Fantasy","Framed by an empress who plans to steal a dragon-taming mace, imperial magistrate Dee Renjie soon uncovers a greater plot that threatens the kingdom."
s6622,Movie,Dolphin Kick,Philip Marlatt,"Axle McCoy, Travis McCoy, Tyler Jade Nixon, Alexis Louder, DeVaughn Gow, LaVaughn Hamilton, Maya Simmons, Quddus Newton, Jordan Padreira, Derek Lee Nixon",United States,"June 5, 2019",2019,TV-PG,90 min,Children & Family Movies,"After losing his mom, 10-year-old Luke abandons competitive swimming. It takes a friendly dolphin to get him back in the water – and help him heal."
s6652,TV Show,"Drugs, Inc.",,Mike Secher,United States,"March 23, 2019",2015,TV-MA,1 Season,"Crime TV Shows, Docuseries","This absorbing documentary series follows the entire supply chain of the illicit drug trade, tracing its production, export, sale and consumption."
s6659,TV Show,Earth to Luna!,,"Angelina Carballo, Raul-Gomez Pina, Eric Anderson",Brazil,"April 10, 2020",2014,TV-Y,1 Season,Kids' TV,"Curious about everything and excited about science, 6-year-old Luna, her brother Jupiter and pet Clyde explore nature to learn about the world."
s6703,Movie,Equals,Drake Doremus,"Nicholas Hoult, Kristen Stewart, Jacki Weaver, Guy Pearce, Rebecca Hazlewood, Scott Lawrence, Kai Lennox, Rizwan Manji","United States, Indonesia","October 28, 2018",2015,PG-13,102 min,"Dramas, Romantic Movies, Sci-Fi & Fantasy",Two young lovers depart from the norm simply by having romantic feelings for each other in a society where humans have been relieved of all emotions.
s6709,Movie,Euphoria,Valeria Golino,"Riccardo Scamarcio, Valerio Mastandrea, Isabella Ferrari, Valentina Cervi, Jasmine Trinca, Andrea Germani, Marzia Ubaldi, Iaia Forte",Italy,"November 1, 2019",2018,R,110 min,"Dramas, International Movies, LGBTQ Movies","An entrepreneur prone to partying and his estranged brother, a teacher resigned to a humdrum life, begin to bond under fragile circumstances."
s6714,Movie,Everybody Knows,Asghar Farhadi,"Penélope Cruz, Javier Bardem, Ricardo Darín, Eduard Fernández, Bárbara Lennie, Inma Cuesta, Elvira Mínguez, Ramón Barea, Carla Campra, Sara Sálamo, Roger Casamajor, José Ángel Egido","Spain, France, Italy","June 6, 2019",2019,R,133 min,"Dramas, International Movies, Thrillers","Journeying back to her small Spanish hometown for her sister's wedding, Laura must grapple with long-buried secrets when her daughter is abducted."
s6728,Movie,Eyyvah Eyyvah 3,Hakan Algül,"Demet Akbağ, Ata Demirer, Özge Borak, Salih Kalyon, Tanju Tuncel, Serra Yılmaz, Tarık Ünlüoğlu, Ayşenil Şamlıoğlu",Turkey,"March 10, 2017",2014,TV-PG,103 min,"Comedies, International Movies","Life is tough for Hüseyin after marrying his true love. He works day and night to support his growing family, while singer Firuzan copes with fame."
s6729,TV Show,Ezel,,"Kenan İmirzalıoğlu, Cansu Dere, Haluk Bilginer, Yiğit Özşener, Barış Falay, Burçin Terzioğlu, Bade İşçil, Sarp Akkaya, İpek Bilgin, Salih Kalyon, Tuncel Kurtiz, Sedef Avcı, Berrak Tüzünataç, İsmail Filiz",Turkey,"December 26, 2016",2009,TV-14,1 Season,"Crime TV Shows, International TV Shows, TV Dramas",A young man framed for a crime escapes a prison sentence by faking his own death and assuming a new identity as he seeks revenge.
s6746,Movie,Feel Rich,Peter Spirer,"Quincy Jones, Common, Russell Simmons, Fat Joe, Paul Wall, Quincy Jones III",United States,"August 23, 2017",2017,TV-MA,70 min,Documentaries,"Talking squarely to the hip-hop generation, musicians, athletes and others outline the benefits of exercise, a healthy diet and spiritual wellness."
s6750,Movie,Figures of Speech,Ari Levinson,Chris Pine,United States,"December 21, 2016",2016,TV-PG,92 min,Documentaries,"In this documentary, passionate high schoolers travel the country and come of age during a turbulent yearlong prep for a national speech competition."
s6753,Movie,Filosofi Kopi The Movie,Angga Dwimas Sasongko,"Chicco Jerikho, Rio Dewanto, Julie Estelle, Jajang C. Noer, Slamet Rahardjo, Otig Pakis, Arash Buana, Hazel Raditya, Dimas Harya, Westny Dj",Indonesia,"October 11, 2018",2015,TV-PG,118 min,"Dramas, International Movies",The level-headed owner of a struggling coffee shop finds his future at risk when his partner – a talented but cocky barista – makes a major bet.
s6772,Movie,Flying Guillotine 2,"Kang Cheng, Shan Hua","Feng Ku, Chung Wang, Szu Shih, Lung Ti, Lo Lieh, Szu-Chia Chen",Hong Kong,"July 31, 2018",1978,TV-MA,88 min,"Action & Adventure, International Movies","The emperor's reign of terror expands. Heroic outlaw Ma Teng joins a squad of female rebels, whose leader is torn between family loyalties."
s6798,Movie,Fred Claus,David Dobkin,"Vince Vaughn, Paul Giamatti, John Michael Higgins, Miranda Richardson, Rachel Weisz, Kathy Bates, Trevor Peacock, Ludacris, Elizabeth Banks",United States,"January 1, 2021",2007,PG,115 min,"Children & Family Movies, Comedies",The holiday season is ruined for Santa Claus when his cranky older brother – a repo man with a sizable rap sheet – visits him at the North Pole.
s6799,Movie,Free Willy,Simon Wincer,"Jason James Richter, Lori Petty, Jayne Atkinson, August Schellenberg, Michael Madsen, Michael Ironside, Richard Riehle, Mykelti Williamson, Michael Bacall, Danielle Harris","United States, France, Mexico","January 1, 2020",1993,PG,112 min,"Children & Family Movies, Dramas","Ordered to clean up the graffiti he painted at a marine theme park, a troubled young boy unexpectedly bonds with a killer whale on exhibit."
s6821,TV Show,Gabru: Hip Hop Revolution,,"Amol Parashar, Harleen Sethi, Chaitanya Sharma, Priya Malik, Pratik Dixit",India,"June 1, 2018",2018,TV-14,1 Season,"International TV Shows, TV Dramas","Three young, aspiring Indian rappers make their way in a cutthroat music industry, dreaming of fame, stardom and ultimate hip-hop domination ."
s6823,TV Show,Galavant,,"Joshua Sasse, Timothy Omundson, Vinnie Jones, Mallory Jansen, Karen David, Luke Youngblood",United States," September 7, 2016",2016,TV-PG,2 Seasons,"TV Action & Adventure, TV Comedies","In a time of legend, Galavant the knight embarks on a quest to save his fair lady and become a hero in this tongue-in-cheek musical comedy."
s6825,TV Show,Game Winning Hit,,"Lego Lee, Alice Ko, Afalean Lu, Tsai Chen-nan, Wang Chuan, Leiya Gao, Charlize Lin",Taiwan,"September 1, 2016",2009,TV-MA,1 Season,"International TV Shows, TV Comedies, TV Dramas",An army deserter hiding out in a small coastal town becomes the coach of a youth baseball team and develops warm relationships in his new community.
s6826,TV Show,Gangs of Hassepur,,"Ragini Khanna, Mandira Bedi, Tanishaa Mukerji",India,"April 15, 2017",2014,TV-PG,1 Season,"International TV Shows, Stand-Up Comedy & Talk Shows, TV Comedies","Training a keen eye on hot-button political topics, this variety show features stand-up comedy, sketches and sarcastic celebrity impersonations."
s6835,TV Show,Genius of the Ancient World,,Bettany Hughes,United Kingdom,"August 1, 2017",2015,TV-PG,1 Season,"British TV Shows, Docuseries, International TV Shows","Historian Bettany Hughes travels to India, Greece and China to explore the lives and times of Buddha, Socrates and Confucius."
s6848,Movie,Ghost Rider,Mark Steven Johnson,"Nicolas Cage, Eva Mendes, Wes Bentley, Sam Elliott, Donal Logue, Matt Long, Peter Fonda, Brett Cullen, Raquel Alessi, Laurence Breuls","United States, Australia","October 1, 2020",2007,PG-13,110 min,"Action & Adventure, Sci-Fi & Fantasy","After selling his soul to save a loved one, daredevil biker Johnny Blaze pays the price by becoming a flame-skulled bounty hunter for Mephistopheles."
s6863,Movie,God's Not Dead: A Light in Darkness,Michael Mason,"David A.R. White, John Corbett, Shane Harper, Ted McGinley, Jennifer Taylor, Benjamin A. Onyango, Tatum O'Neal, Cissy Houston",United States,"December 4, 2018",2018,PG,106 min,"Dramas, Faith & Spirituality","After a fire breaks out at his church, a pastor faces a legal battle against university leaders who wish to push the congregation off the campus."
s6865,Movie,Gol Maal,Hrishikesh Mukherjee,"Amol Palekar, Bindiya Goswami, Deven Verma, Utpal Dutt, Shubha Khote, Manju Singh, Dina Pathak, Pushpa, David Abraham, Asrani",India,"December 31, 2019",1979,TV-PG,137 min,"Classic Movies, Comedies, International Movies","When circumstances at work compel Ram to pretend to have a twin, his lie works – until the boss wants his daughter to marry Ram’s fictitious brother."
s6871,Movie,Golmaal: Fun Unlimited,Rohit Shetty,"Ajay Devgn, Tusshar Kapoor, Arshad Warsi, Sharman Joshi, Paresh Rawal, Rimi Sen, Sushmita Mukherjee, Vrajesh Hirjee",India,"December 31, 2019",2006,TV-14,148 min,"Comedies, International Movies","Between thwarting crooks and wooing the belle next door, four pranksters get in over their heads when they bamboozle their way into a couple’s bungalow."
s6889,Movie,Gran Torino,Clint Eastwood,"Clint Eastwood, Bee Vang, Ahney Her, Christopher Carley, John Carroll Lynch, Brian Haley, Geraldine Hughes, Brian Howe, William Hill, Dreama Walker","Germany, United States","October 1, 2020",2008,R,117 min,Dramas,A newly widowed Korean War veteran faces his racism and his past when the son of the Hmong family next door tries to steal his beloved 1972 Gran Torino.
s6898,Movie,Green White Green (And All the Beautiful Colours in My Mosaic of Madness),Abba T. Makama,"Ifeanyi Dike Jr., Jamal Ibrahim, Samuel Robinson, Cristabel Goddy, Okey Uzoeshi, Bimbo Manuel, Meg Otanwa, Eric Didie, Donatus Ekwuazi, Omoye Uzamere",Nigeria,"January 1, 2018",2016,TV-MA,102 min,"Comedies, Independent Movies, International Movies","Three young Nigerian bohemians, each from one of the country's major ethnic groups, explore the directions in which their lives could go."
s6901,Movie,Gun Runners,Anjali Nayar,,Canada,"February 1, 2017",2015,TV-PG,90 min,"Documentaries, International Movies, Sports Movies",Two roaming Kenyan bandits attempt to change the course of their lives by exchanging their rifles for running shoes.
s6932,Movie,Harriet the Spy: Blog Wars,Ron Oliver,"Jennifer Stone, Kristin Booth, Wesley Morgan, Doug Murray, Shauna MacDonald, Jason Blicker, Jayne Eastwood, Melinda Shankar, Alexander Conti, Vanessa Morgan","United States, Canada","April 15, 2018",2010,TV-G,87 min,"Children & Family Movies, Comedies",Intrepid writer Harriet Welsch is determined to become the class blogger despite stiff competition from her snooty archrival.
s6936,TV Show,Hart of Dixie,,"Rachel Bilson, Jaime King, Cress Williams, Wilson Bethel, Scott Porter, Tim Matheson, Kaitlyn Black, Ross Philips",United States," December 15, 2015",2014,TV-PG,4 Seasons,"TV Comedies, TV Dramas",Fast-talking city girl Zoe Hart winds up patching up the locals of a tiny town in the Deep South when she inherits a medical practice in Alabama.
s6964,TV Show,Herrens veje,,"Lars Mikkelsen, Ann Eleonora Jorgensen, Simon Sears, Morten Hee Andersen, Fanny Bernth, Joen Højerslev, Camilla Lau, Maj-Britt Mathiesen, Solbjørg Højfeldt, Johanne Dal-Lewkovitch",Denmark,"June 1, 2019",2018,TV-MA,2 Seasons,"International TV Shows, TV Dramas",A family with a storied history of service to the Church of Denmark fractures under the tyrannical rule and ambition of its hard-driving patriarch.
s6966,TV Show,Hidden Singer,,"Hyun-moo Jun, Solbi, Dong-hyuk Jang, Young-hoon Joo",South Korea,"May 19, 2017",2015,TV-Y7,1 Season,"International TV Shows, Korean TV Shows, Reality TV",Pop stars and impersonators face off to be the last one standing as the audience tries to determine the real singer by listening to their voices only.
s6969,Movie,Highly Strung,Scott Hicks,,Australia,"February 1, 2017",2015,TV-14,80 min,"Documentaries, International Movies, Music & Musicals","Fiery passions take center stage in this intimate look at the Australian String Quartet and, perhaps more vital, the priceless instruments they guard."
s6977,TV Show,History's Greatest Hoaxes,,,Australia,"July 12, 2019",2016,TV-PG,1 Season,"British TV Shows, Docuseries","Using previously unseen footage, this documentary series offers new insights into some of the biggest scams and forgeries in human history."
s7022,Movie,Hulk Vs.,"Sam Liu, Frank Paur","Fred Tatasciore, Matthew Wolf, Graham McTavish, Grey DeLisle, Kari Wahlgren, Bryce Johnson, Janyse Jaud, Jay Brazeau, Jonathan Holmes, Paul Dobson, Michael Adamthwaite, French Tickner, Nicole Oliver, Qayam Devji, Steve Blum, Mark Acheson, Colin Murdock, Nolan North, Tom Kane",United States,"June 1, 2020",2009,PG-13,83 min,"Action & Adventure, Sci-Fi & Fantasy",This action-packed animated double feature pits the Hulk against two of the Marvel Universe's most powerful characters: Wolverine and Thor.
s7034,TV Show,Hyori's Bed & Breakfast,,"Hyo-ri Lee, Sang-soon Lee, Ji-eun Lee",,"March 29, 2018",2018,TV-14,2 Seasons,"International TV Shows, Korean TV Shows, Reality TV","K-pop diva Lee Hyo-ri and her husband open up their home on the beautiful Jeju Island to welcome travelers for free stays, meals and late-night chats."
s7039,Movie,I Am Maris,Laura VanZee Taylor,Maris Degener,United States,"April 1, 2019",2018,TV-14,54 min,Documentaries,"Through her own words and art, a young woman details the healing power of yoga in her struggle with anorexia and her journey to self-acceptance."
s7051,TV Show,I'm Sorry,,"Andrea Savage, Tom Everett Scott, Olive Petrucci",United States,"September 13, 2019",2019,TV-MA,2 Seasons,TV Comedies,"Life is a series of awkward situations for comedy writer and mom Andrea, thanks to plenty of neuroses and a knack for sticking her foot in her mouth."
s7066,Movie,Inconceivable,Jonathan Baker,"Gina Gershon, Faye Dunaway, Nicolas Cage, Nicky Whelan, Natalie Eva Marie, Jonathan Baker, James Van Patten","United Kingdom, United States","March 1, 2018",2017,R,106 min,Thrillers,A couple trying to conceive invite a woman with a mysterious past to move in with them. But it's an invitation they might come to regret.
s7110,Movie,Jaan-E-Mann: Let's Fall in Love... Again,Shirish Kunder,"Salman Khan, Akshay Kumar, Preity Zinta, Anupam Kher, Aman Verma, Javed Sheikh, Soni Razdan, Nawab Shah",India,"December 31, 2019",2006,TV-14,163 min,"Dramas, International Movies, Romantic Movies","To avoid alimony payments, an aspiring actor schemes for his ex-wife to marry an unlikely suitor, but soon realizes he may not be ready to lose her."
s7118,Movie,Jal,Girish Malik,"Purab Kohli, Tannishtha Chatterjee, Kirti Kulhari, Yashpal Sharma, Mukul Dev, Saidah Jules, Ravi Gossain, Rahul Singh",India,"October 15, 2017",2013,TV-14,132 min,"Dramas, Independent Movies, International Movies",A gifted young man from a drought-stricken village helps a group of ecologists find water for migrating flamingoes.
s7129,Movie,Jewel's Catch One,C. Fitz,Jewel Thais-Williams,United States,"May 1, 2018",2016,TV-MA,84 min,"Documentaries, LGBTQ Movies","The story of famed L.A. nightclub Catch One and owner Jewel Thais-Williams, who defied all odds and provided a safe space for black LGBT communities."
s7146,Movie,Judy Moody and the Not Bummer Summer,John Schultz,"Jordana Beatty, Heather Graham, Parris Mosteller, Preston Bailey, Kristoffer Ryan Winters, Garrett Ryan, Jaleel White, Ashley Boettcher, Taylar Hender, Cameron Boyce, Jenica Bergere, Janet Varney",United States,"August 8, 2019",2011,PG,91 min,"Children & Family Movies, Comedies","In this family film, never-dull third-grader Judy Moody embarks on a summer adventure with her brother, Stink, and always-up-for-fun Aunt Opal."
s7168,Movie,Kalki,Dhilip Kumar,"Kishore Kumar G., Yasmin Ponnappa, Mithraboomi Saravanan",India,"March 1, 2018",2017,TV-14,41 min,"Dramas, Independent Movies, International Movies",A scientist trying to solve one of the universe's greatest puzzles begins a romance with a much younger colleague that's haunted by a dark secret.
s7170,Movie,Karzzzz,Satish Kaushik,"Himesh Reshammiya, Urmila Matondkar, Shweta Kumar, Dino Morea, Raj Babbar, Danny Denzongpa, Gulshan Grover, Rohini Hattangadi, Asrani, Smita Bansal",India,"October 22, 2017",2008,TV-14,137 min,"International Movies, Music & Musicals, Romantic Movies","When flashbacks reveal that he's the reincarnation of a man murdered by his wife, rock star Monty sets out to get revenge for the decades-old crime."
s7182,Movie,Kevyn Aucoin: Beauty & the Beast in Me,Lori Kaye,"Kevyn Aucoin, Cindy Crawford, Naomi Campbell, Gwyneth Paltrow, Andie MacDowell, Paulina Porizkova, Amber Valletta",United States,"January 1, 2019",2017,TV-MA,90 min,"Documentaries, LGBTQ Movies",Makeup artist Kevyn Aucoin worked with top supermodels in the 1980s and 1990s. Personal videos merged with interviews provide a peek into his life.
s7188,TV Show,Khotey Sikkey,,"Vikas Kumar, Hassan Zaidi, Sukhmani Sadana, Puru Chibber, Dilkhush, Mark Farokh Parakh",India,"March 15, 2018",2011,TV-14,1 Season,"Crime TV Shows, International TV Shows, TV Dramas",Five affluent youths find a new sense of purpose as they team up with a Mumbai police officer on crime-busting missions around the city.
s7208,Movie,King Jack,Felix Thompson,"Charlie Plummer, Cory Nichols, Christian Madsen, Danny Flaherty, Erin Davie, Chloe Levine",United States,"July 1, 2016",2015,NR,81 min,"Dramas, Independent Movies","Already coping with a bully, a mercurial older brother and summer school, 15-year-old Jack is saddled with his young cousin for an eventful weekend."
s7212,Movie,Kings,Deniz Gamze Ergüven,"Halle Berry, Daniel Craig, Lamar Johnson, Kaalan Walker, Rachel Hilson, Issac Ryan Brown, Callan Farris, Serenity Reign Brown, Reece Cody, Aiden Akpan","France, Belgium, China, United States","October 29, 2018",2017,R,87 min,Dramas,A foster mom and her houseful of kids befriend a bitter neighbor after the Rodney King verdict is handed down in 1992 Los Angeles.
s7221,Movie,Knowing,Alex Proyas,"Nicolas Cage, Chandler Canterbury, Rose Byrne, Lara Robinson, D.G. Maloney, Nadia Townsend, Alan Hopgood, Adrienne Pickering","United States, United Kingdom, Australia","October 1, 2019",2009,PG-13,121 min,"Sci-Fi & Fantasy, Thrillers",An MIT astrophysics professor and his son unearth a string of numbers from a time capsule that seem to reveal a cataclysm that will wipe out humanity.
s7230,Movie,Krish Trish and Baltiboy: Comics of India,Tilak Shetty,"Damandeep Singh Baggan, Smita Malhotra, Baba Sehgal",,"September 8, 2017",2012,TV-Y7,61 min,Children & Family Movies,"In three comic-strip-style tales, a boy tries to sell wisdom, a demon is released from captivity, and a king assigns impossible tasks to his minister."
s7290,Movie,LEGO House - Home of the Brick,"Anders Falck, Stinus Morell Vithner",Bjarke Ingels,,"June 15, 2018",2018,TV-G,48 min,"Documentaries, International Movies","In Billund, Denmark, a nearly 130,000-square-foot house is constructed with 25 million Lego bricks, capturing the awe of kids of all ages."
s7324,Movie,Lo and Behold: Reveries of the Connected World,Werner Herzog,Werner Herzog,United States,"December 23, 2016",2016,PG-13,98 min,Documentaries,"Filmmaker Werner Herzog presents a history of the internet, starting with its birth in 1969, and ponders the joys and sorrows of its social influence."
s7360,TV Show,Lucky Days,,"Chris Wang, Tammy Chen, Fan Kuang-yao, Chen Bor Jeng, Lin Mei-hsiu, Ma Nien-hsien",China,"September 1, 2016",2010,TV-PG,1 Season,"International TV Shows, Romantic TV Shows, TV Comedies","When laidback Ren, who is about to divorce his money-crazy wife, finds a time-traveling computer, he decides to use it to reboot his marriage."
s7367,Movie,Macchli Jal Ki Rani Hai,Debaloy Dey,"Swara Bhaskar, Bhanu Uday, Murli Sharma, Deep Raj Rana, Reema Debnath, Hemant Pandey, Saurabh Dubey, Sakha Kalyani",India,"October 15, 2017",2014,TV-MA,118 min,"Horror Movies, International Movies","After relocating to a different town with her husband, a housewife begins to sense the existence of a mysterious presence in their new house."
s7383,TV Show,Maharakshak: Aryan,,"Aakarshan Singh, Vikramjeet Virk, Reena Aggarwal, Khalid Siddiqui, Abigail Jain, Rishabh Jain",India,"April 1, 2017",2014,TV-14,1 Season,"International TV Shows, TV Action & Adventure, TV Sci-Fi & Fantasy","Shy nerd Aryan learns soon after his 18th birthday that he has inherited superpowers, which he must use to vanquish a variety of evil threats."
s7395,Movie,Mandobasar Galpo,Tathagata Banerjee,"Paoli Dam, Parambrata Chattopadhyay, Indrasish Roy, Koushik Sen, Biswajit Chakraborty",India,"April 1, 2018",2017,TV-14,103 min,"Dramas, International Movies, Romantic Movies","With the assistance of a psychiatrist, an acclaimed filmmaker struggles to come to terms with a mysterious romantic trauma."
s7404,Movie,Marauders,Steven C. Miller,"Bruce Willis, Christopher Meloni, Dave Bautista, Adrian Grenier, Johnathon Schaech, Lydia Hull, Tyler Jon Olson, Christopher Rob Bowen, Richie Chance","Canada, United States","December 1, 2020",2016,R,107 min,Action & Adventure,A series of high-stakes thefts at banks owned by a manipulative millionaire sparks an FBI agent to suspect a sinister plan behind the deadly heists.
s7434,Movie,Medium,Jacek Koprowicz,"Władysław Kowalski, Michał Bajor, Jerzy Zelnik, Jerzy Stuhr, Grażyna Szapołowska, Jerzy Nowak, Ewa Dałkowska, Piotr Machalica, Zygmunt Zintel, Henryk Bista","Poland, West Germany","October 1, 2019",1985,TV-MA,90 min,"Horror Movies, International Movies, Thrillers","In 1930s Poland, a powerful psychic steers a group of strangers toward a fated convergence that ensures survival for one and annihilation for others."
s7441,Movie,Memoir of a Murderer,Shin-yeon Won,"Kyung-gu Seol, Nam-gil Kim, Seol-hyun Kim, Dal-su Oh, Seok-jeong Hwang, In-Gum Jung, Ki-jun Shin, Jin-young Jang, Rina Shin, Hye-yoon Kim",South Korea,"February 19, 2018",2017,TV-MA,118 min,"Dramas, International Movies, Thrillers","Hiding his own murderous past, a man suffering from Alzheimer's must protect his daughter from her boyfriend, who he suspects is also a serial killer."
s7477,Movie,Mohawk,Ted Geoghegan,"Kaniehtiio Horn, Eamon Farren, Justin Rain, Ezra Buzzington, Noah Segan, Ian Colletti, Robert Longstreet, Jon Huber, Jack Gwaltney, Sheri Foster, David La Haye",United States,"June 30, 2018",2017,TV-MA,92 min,"Action & Adventure, Horror Movies, Independent Movies","During the War of 1812, two Native Americans and their British ally are pursued into enemy territory by American soldiers thirsting for revenge."
s7497,Movie,Monster High: Ghouls Rule,"Mike Fetterly, Steve Sacks","Laura Bailey, Hank Banks, Cam Clarke, Erin Fitzgerald, Dee Dee Green, Kate Higgins, Andrew Duncan",United States,"March 1, 2018",2012,TV-Y7,71 min,Children & Family Movies,"After learning that monsters and ""Normies"" used to spend Halloween together, Frankie Stein and her pals rally both groups for a frightfully good time."
s7509,Movie,Moonwalkers,Antoine Bardou-Jacquet,"Ron Perlman, Rupert Grint, Robert Sheehan, Stephen Campbell Moore, Eric Lampaert, Kevin Bishop, Tom Audenaert, Erika Sainte","France, Belgium","September 8, 2017",2015,R,96 min,"Action & Adventure, Comedies, International Movies","A brain-addled war vet, a failing band manager and a Stanley Kubrick impersonator help the CIA construct an epic scam by faking the 1969 moon landing."
s7512,Movie,Mortified Nation,Michael Mayer,,United States,"February 1, 2018",2013,TV-MA,84 min,Documentaries,"This comic documentary follows the Mortified movement, a series of stage events where adults share awkward childhood moments in front of strangers."
s7528,Movie,Murder Party,Jeremy Saulnier,"Alex Barnett, Macon Blair, Paul Goldblatt, Stacy Rock, William Lacey, Beau Sia, Skei Saulnier, Chris Sharp, Bill Tangradi",United States,"September 1, 2018",2007,NR,79 min,"Comedies, Cult Movies, Horror Movies","A mild-mannered office drone plucks a Halloween party invitation off the street and suddenly finds himself the main event at a ""murder party."""
s7532,Movie,My Babysitter's a Vampire: The Movie,Bruce McDonald,"Matthew Knight, Vanessa Morgan, Atticus Mitchell, Cameron Kennedy, Kate Todd, Joe Dinicol, Ella Jonas Farlinger, Ari Cohen, Laura de Carteret, Hrant Alianak",Canada,"October 17, 2018",2010,TV-PG,80 min,"Children & Family Movies, Comedies","When their parents head out for the evening, Ethan and his little sister get the babysitter of their nightmares: a fledgling vampire named Sarah."
s7536,Movie,My Entire High School Sinking Into the Sea,Dash Shaw,"Jason Schwartzman, Lena Dunham, Reggie Watts, Maya Rudolph, Susan Sarandon, Thomas Jay Ryan, Alex Karpovsky, Louisa Krause, John Cameron Mitchell, Matthew Maher",United States,"January 23, 2018",2016,PG-13,77 min,"Comedies, Independent Movies","After an earthquake sends their school building drifting into the sea, a group of high-schoolers struggles to survive and overcome clique wars."
s7584,Movie,Night Comes On,Jordana Spiro,"Dominique Fishback, Tatum Marilyn Hall, Nastashia Fuller, Angel Bismark Curiel, John Earl Jelks, Max Casella, James McDaniel, Cymbal Byrd",United States,"August 27, 2020",2018,TV-MA,87 min,"Dramas, Independent Movies",A teen fresh out of juvenile detention tries to rescue her sister from foster care in order to exact revenge on their father for their mother's murder.
s7607,Movie,NOVA: Eclipse Over America,Martin Gorst,,United States,"July 1, 2019",2017,TV-G,53 min,Documentaries,"Scientists reveal how the 2017 solar eclipse provided new clues into how the sun works, from its scorching atmosphere to its deadly solar storms."
s7632,Movie,Nymphomaniac: Volume II,Lars von Trier,"Charlotte Gainsbourg, Stellan Skarsgård, Stacy Martin, Shia LaBeouf, Christian Slater, Jamie Bell, Uma Thurman, Willem Dafoe, Mia Goth, Sophie Kennedy Clark, Michael Pas, Stellan Skarsgard","Denmark, Germany, Belgium, United Kingdom, France, Sweden","August 25, 2018",2013,TV-MA,124 min,"Dramas, Independent Movies, International Movies",The second half of Lars von Trier's epic follows Joe as her reignited sex addiction destroys her family and thrusts her toward a surprising new trade.
s7670,Movie,Open Season,"Roger Allers, Jill Culton","Martin Lawrence, Ashton Kutcher, Gary Sinise, Debra Messing, Billy Connolly, Georgia Engel, Jon Favreau, Jane Krakowski, Gordon Tootoosis, Patrick Warburton",United States,"September 1, 2019",2006,PG,86 min,"Children & Family Movies, Comedies","After saving a deer from a hunter's clutches, a domesticated grizzly finds himself relocated to the wild – and unprepared for the real world."
s7678,Movie,Operator,Logan Kibens,"Martin Starr, Mae Whitman, Nat Faxon, Cameron Esposito, Retta, Christine Lahti, Kate Cobb, Kristopher Lofton, Tim Hopper, Trevor Dawkins",United States,"February 16, 2017",2016,TV-MA,91 min,"Comedies, Dramas, Independent Movies","When a programmer uses his wife's sympathetic voice for his company's customer service app, he starts to rely more on her idealized self than her."
s7728,Movie,Perfect Bid: The Contestant Who Knew Too Much,C.J. Wallis,Theodore Slauson,Canada,"April 30, 2019",2017,TV-MA,72 min,Documentaries,"A ""Price Is Right"" superfan brings a bit of scandal to the long-running show by figuring out the answers to the questions before they're asked."
s7740,Movie,Phullu,Abhishek Saxena,"Sharib Hashmi, Nutan Surya, Jyotii Sethi, Inaamulhaq, Trisha Kale, Namya Saxena, Shivam Pradhan, Kimti Anand, Paras Raj Gandhi",India,"December 31, 2019",2017,TV-14,96 min,"Dramas, Independent Movies, International Movies","Struck by the lack of clean resources for menstruating women in his village, a jobless loafer braves social stigmas to create low-cost sanitary napkins."
s7750,Movie,Planet Hulk,Sam Liu,"Rick D. Wasserman, Lisa Ann Beley, Mark Hildreth, Liam O'Brien, Kevin Michael Richardson, Sam Vincent, Advah Soudack, Michael Kopsa, Paul Dobson, Marc Worden",United States,"June 1, 2020",2010,TV-14,81 min,"Action & Adventure, Sci-Fi & Fantasy","When Earth's superheroes exile the volatile Incredible Hulk to a distant planet called Sakaar, the muscle-bound green monster is sold into slavery."
s7754,Movie,Playing Hard,Jean-Simon Chartier,,"Canada, United States","April 5, 2019",2018,TV-MA,92 min,"Documentaries, International Movies","Step inside the Ubisoft offices, and follow designer Jason VandenBerghe's fight to create the video game ""For Honor"" over four years."
s7765,TV Show,Power Rangers in Space,,"Tracy Lynn Cruz, Patricia Ja Lee, Christopher Khayman Lee, Justin Nimmo, Roger Velasco, Selwyn Ward, Melody Perkins, Paul Schrier, Jason Narvy, Mioko Fujiwara, Soichiro Hoshi, Yuji Kishimoto, Sanae Kobayashi, Tsuyoshi Takishita, Lex Lang","United States, France, Japan","January 1, 2016",1998,TV-Y7,1 Season,Kids' TV,"With the Power Chamber destroyed, former Turbo Power Rangers T.J., Cassie, Carlos and Ashley search for Zordon, who's been abducted by Dark Specter."
s7769,TV Show,Power Rangers Mystic Force,,"Firass Dirani, Angie Diaz, Richard Brancatisano, Melanie Vallejo, Nic Sampson, John Tui, Peta Rutter, Antonia Prebble, Barnie Duncan, Kelson Henderson, Donogh Rees, Geoff Dolan, Holly Shanahan",United States,"January 1, 2016",2006,TV-Y7,1 Season,Kids' TV,"When the wicked Undead Army is unleashed, sorceress Udonna empowers five teenagers – the Mystic Force Power Rangers – to save mankind."
s7776,Movie,Power Rangers Samurai: Clash of the Red Rangers,,"Alex Heartman, Erika Fong, Hector David Jr., Najee De-Tiege, Brittany Anne Pirtle, Rene Naufahu",United States,"January 1, 2016",2011,TV-Y7,46 min,Children & Family Movies,The Samurai Rangers team up with the RPM Ranger Red to fight off Master Xandred's Mooger army and a robotic villain from the RPM Ranger's dimension.
s7777,Movie,Power Rangers Samurai: Party Monsters (Halloween Special),,"Alex Heartman, Erika Fong, Hector David Jr., Najee De-Tiege, Brittany Anne Pirtle, Steven Skyler, Rene Naufahu, Felix Ryan, Paul Schrier, Ricardo Medina Jr.",United States,"January 1, 2016",2011,TV-Y7,24 min,Movies,"On Halloween night, the creepiest creatures from the Netherworld trade war stories about their battles with the Samurai Power Rangers."
s7783,TV Show,Power Rangers Time Force,,"Jason Faunt, Erin Cahill, Kevin Kleinberg, Deborah Estelle Phillips, Michael Copon, Daniel Southworth, Vernon Wells, Kate Sheldon, Edward Lawrence Albert, Brianne Siddall, Terence J. Rotolo, Eddie Frierson",United States,"January 1, 2016",2001,TV-Y7,1 Season,Kids' TV,"The team launches a new campaign against evil in the year 3000, when the imprisoned criminal mastermind Ransik is freed by his daughter."
s7809,TV Show,Qué pena tu serie,,"Ariel Levy, Andrea Velasco, Lucy Cominetti, Ignacia Allamand, Paz Bascuñán, Claudia Celedón, Nicolás Martínez",United States,"November 4, 2016",2015,TV-MA,1 Season,"International TV Shows, Romantic TV Shows, Spanish-Language TV Shows","Javier is happily in love with Sofia, so when she breaks up their perfect life, he has to get her back – or maybe try finding a new perfect love."
s7811,TV Show,Queen of No Marriage,,"Ethan Juan, Cheryl Yang, Harry Chang, Sylvia Yang, James Wen, Patrick Lee",Taiwan,"August 1, 2016",2009,TV-MA,1 Season,"International TV Shows, Romantic TV Shows, TV Comedies",Sparks begin to fly when a successful 33-year-old single woman and a 25-year-old romantic with few prospects navigate love and differences.
s7815,Movie,R.L. Stine's Mostly Ghostly,Richard Correll,"Madison Pettis, Sterling Beaumon, Luke Benward, Brian Stepanek, David DeLuise, Kim Rhodes, Adam Hicks, Ali Lohan, Sabrina Bryan, Rachel Winfree, Diego Acuña",United States,"August 1, 2018",2008,PG,98 min,"Children & Family Movies, Comedies","After discovering a pair of young ghosts, a nebbish 11-year-old agrees to help the sibling spirits solve the mystery surrounding their demise."
s7820,Movie,Radiopetti,Hari Viswanath,"Lakshmanan, TVV Ramanujam, Shobana, Nivas Adithan, Indhumathi, Baby Maya, Master Rohan",India,"January 1, 2017",2015,TV-PG,83 min,"Dramas, International Movies","An elderly, hearing-impaired Indian man stays connected to the world of the past through the beloved valve radio he has owned since childhood."
s7838,Movie,Ready,Anees Bazmee,"Salman Khan, Asin, Paresh Rawal, Mahesh Manjrekar, Anuradha Patel, Manoj Pahwa, Manoj Joshi, Puneet Issar, Sharat Saxena, Akhilendra Mishra, Zarine Khan, Arya Babbar",India,"October 22, 2017",2011,TV-PG,144 min,"Comedies, International Movies, Romantic Movies","Bollywood superstar Salman Khan plays Prem, an heir to a perfume fortune who falls in love with the wrong woman in this romantic comedy."
s7851,TV Show,Reggie Yates Outside Man,,Reggie Yates,United Kingdom," December 15, 2017",2017,TV-MA,2 Seasons,"British TV Shows, Docuseries, International TV Shows","Award-winning filmmaker Reggie Yates travels around the world tackling big issues such as gun violence, racism, gay rights and addiction."
s7854,Movie,Remember,Atom Egoyan,"Christopher Plummer, Bruno Ganz, Jürgen Prochnow, Heinz Lieven, Henry Czerny, Dean Norris, Martin Landau","Canada, Mexico, Germany, South Africa","July 26, 2018",2015,R,95 min,"Action & Adventure, Dramas","Following the written instructions of his friend, senile Zev crosses the country to find and murder the Nazi who killed their families in Auschwitz."
s7855,Movie,Remember Me,Allen Coulter,"Robert Pattinson, Emilie de Ravin, Chris Cooper, Lena Olin, Pierce Brosnan, Tate Ellington, Ruby Jerins, Gregory Jbara, Meghan Markle",United States,"August 1, 2020",2010,PG-13,112 min,"Dramas, Romantic Movies","Tyler's still feeling lost following the tragedy that's strained his relationship with his father when he meets Ally, a girl who understands his pain."
s7856,Movie,Rememory,Mark Palansky,"Peter Dinklage, Julia Ormond, Martin Donovan, Anton Yelchin, Henry Ian Cusick, Evelyne Brochu, Matt Ellis, Colin Lawrence, Chad Krowchuk, Gracyn Shinyei","United Kingdom, United States, Canada","June 1, 2020",2017,PG-13,112 min,"Dramas, Sci-Fi & Fantasy","A psychologist is murdered after unveiling a breakthrough invention that extracts memories, spurring a fixated former patient to hunt for answers."
s7864,Movie,Revenge of the Green Dragons,"Andrew Lau Wai-Keung, Andrew Loo","Ray Liotta, Justin Chon, Kevin Wu, Harry Shum Jr., Eugenia Yuan, Leonard Wu, Jin Auyeung, Jon Kit Lee, Shuya Chang, Geoff Pierson","Hong Kong, United States","July 21, 2018",2014,R,95 min,"Action & Adventure, Dramas, Independent Movies","In gritty 1980s New York, two Chinese immigrant boys rise through the ranks of the infamous Green Dragons gang, where they're trained to kill."
s7897,TV Show,Royal Pains,Jay Chandrasekhar,"Mark Feuerstein, Paulo Costanzo, Reshma Shetty, Jill Flint, Campbell Scott, Brooke D'Orsay, Dieter Riesle",United States," May 18, 2017",2016,TV-PG,8 Seasons,"TV Comedies, TV Dramas",Dr. Hank Lawson unexpectedly gets a career upgrade as a freelance physician treating New York's aristocratic upper crust in their posh Hamptons homes.
s7910,Movie,Russell Peters: Notorious,Dave Higby,Russell Peters,United States,"October 14, 2013",2013,NR,72 min,Stand-Up Comedy,"Global comedy star Russell Peters leaves no ethnic or cultural stereotype unsatirized in this outrageous standup appearance in Sydney, Australia."
s7913,Movie,S.W.A.T.,Clark Johnson,"Samuel L. Jackson, Colin Farrell, Michelle Rodriguez, LL Cool J, Josh Charles, Jeremy Renner, Brian Van Holt, Olivier Martinez, Reg E. Cathey, Larry Poindexter, Page Kennedy, Domenick Lombardozzi, James DuMont",United States,"January 1, 2021",2003,PG-13,117 min,Action & Adventure,"A veteran cop is tasked with drafting and training a special weapons and tactics team, who soon find themselves up against an international criminal."
s7914,Movie,Saath Saath,Raman Kumar,"Deepti Naval, Farooq Shaikh, Satish Shah, Iftekhar, A.K. Hangal, Neena Gupta, Avtar Gill, Javed Khan",India,"December 31, 2019",1982,TV-14,118 min,"Dramas, Independent Movies, International Movies","A young woman falls for her classmate’s idealistic, non-materialistic ways, but is troubled upon seeing his principles change after they marry."
s7922,Movie,Saheb Bibi Golaam,Pratim D. Gupta,"Anjan Dutt, Swastika Mukherjee, Ritwick Chakraborty, Parno Mittra, Bikram Chatterjee, Sohag Sen, Sumanta Mukherjee, Arun Mukhopadhyay",India,"January 1, 2017",2016,TV-MA,118 min,"Dramas, International Movies","A charming cabbie, a cop turned assassin and a housewife who’s also a hooker share one thing in common: a bizarre and violent afternoon in Kolkata."
s7938,Movie,Sardaarji 2,Rohit Jugraj,"Jaswinder Bhalla, Sonam Bajwa, Diljit Dosanjh, Monica Gill","Australia, India","October 15, 2017",2016,TV-PG,145 min,"Action & Adventure, Comedies, International Movies",A simple farmer's life becomes complicated after he resolves to save his village from an economic crisis by traveling to Australia to earn money.
s7943,TV Show,Satrangi,,Deepali Sahay,,"April 1, 2017",2014,TV-PG,1 Season,"Docuseries, International TV Shows",Young musicians from 13 states in India demonstrate their cultural heritage by performing regional folk music using traditional instruments.
s7971,Movie,Secrets of Althorp - The Spencers,Kasia Uscinska,Samuel West,United States,"April 22, 2017",2013,TV-PG,54 min,"Documentaries, International Movies","Princess Diana's brother, Charles, the ninth Earl Spencer, leads a tour of Althorp House, the manor the Spencer family has called home for 500 years."
s7980,Movie,Secrets of Westminster,Louise Wardle,Samuel West,"United States, United Kingdom","April 22, 2017",2014,TV-PG,55 min,"Documentaries, International Movies","Take an insider's tour of Parliament, Big Ben and Westminster Abbey to discover the little-known history and pageantry of these famous buildings."
s7984,Movie,"Septiembre, un llanto en silencio",Kenneth Müller,"Saúl Lisazo, Mario Zaragoza, Juan Pablo Olyslager, Costanza Andrade",Guatemala,"March 10, 2018",2017,TV-MA,69 min,"Dramas, Independent Movies, International Movies","After a terrorist attack in Guatemala, a baby is rendered deaf and motherless and her father is left to raise her alone."
s7986,Movie,Set Up,Mike Gunther,"50 Cent, Ryan Phillippe, Bruce Willis, Rory Markham, Jenna Dewan, Brett Granstaff, Randy Couture, Susie Abromeit, Ron Turner, James Remar",United States,"January 10, 2020",2011,R,85 min,Action & Adventure,"A diamond heist goes horribly wrong, and the group of friends who sought to make a fortune must instead fight for their very survival."
s7987,Movie,Sex and the City 2,Michael Patrick King,"Sarah Jessica Parker, Kim Cattrall, Cynthia Nixon, Kristin Davis, Chris Noth, John Corbett, David Eigenberg, Evan Handler, Jason Lewis, Willie Garson, Mario Cantone",United States,"January 1, 2021",2010,R,146 min,"Comedies, Dramas, Romantic Movies","Best friends Carrie, Miranda, Samantha and Charlotte take a break from their busy New York lives for an all-expenses-paid luxury vacation to Abu Dhabi."
s7992,TV Show,Shadow of Truth,,,Israel,"January 27, 2017",2016,TV-MA,1 Season,"Crime TV Shows, Docuseries, International TV Shows",This documentary series explores the explosive 2006 murder case of a 13-year-old Israeli girl and the subsequent conviction of a Ukrainian immigrant.
s8020,Movie,Silicon Cowboys,Jason Cohen,,United States,"April 1, 2017",2016,TV-PG,77 min,Documentaries,"This documentary tells the story of Compaq Computer and its three founders, who in 1982, took on Goliath IBM at the height of its PC dominance."
s8027,Movie,Sinister Circle,Dorian Fernández-Moris,"Milene Vázquez, Matías Raygada, Claudia Dammert, Marcello Rivera, Atilia Boschetti, Hernán Romero, Ismael Contreras, Pietro Sibille, Leslie Shaw",Peru,"October 1, 2019",2017,TV-MA,87 min,"Horror Movies, International Movies",A psychologist and her mute son confront evil forces at the site of a terrible tragedy involving an ancestral Ouija board and a demonic secret society.
s8034,Movie,Sky on Fire,Ringo Lam,"Daniel Wu, Joseph Chang, Amber Kuo, Zhang Jingchu, Ruoyun Zhang","China, Hong Kong","August 5, 2017",2016,TV-MA,100 min,"Action & Adventure, International Movies",The security chief at a top-level medical facility must fight to ensure that revolutionary cancer research doesn't fall into the wrong hands.
s8065,TV Show,Spartacus,,"Andy Whitfield, Liam McIntyre, Dustin Clare, John Hannah, Manu Bennett, Lucy Lawless, Peter Mensah, Nick E. Tarabay, Viva Bianca, Lesley-Ann Brandt, Jai Courtney, Daniel Feuerriegel",United States," February 1, 2015",2013,TV-MA,4 Seasons,"TV Action & Adventure, TV Dramas","A Thracian man is condemned to a brutal death in the arena, only to outlast his executioners and be reborn as the enslaved gladiator Spartacus."
s8074,Movie,Sprinter,Storm Saulter,"Dale Elliott, Kadeem Wilson, Dennis Titus, David Alan Grier, Shantol Jackson, Lorraine Toussaint, Bryshere Gray, Quera South, Aiden Moodie","Jamaica, United States","April 15, 2020",2018,TV-MA,112 min,"Dramas, International Movies, Sports Movies","When a Jamaican teen hopes to use track to reunite him with his mother in America, family dysfunction at home threatens to knock his plans off course."
s8092,Movie,Still,"Chatchai Katenut, Manussa Vorasingha, Tanwarin Sukkhapisit, Poj Arnon","Mai Charoenpura, Akara Amarttayakul, Supakson Chaimongkol, Kachapa Toncharoen, Wiradit Srimalai, Vasana Chalakorn, Ratchanont Sukpragawp, Arisara Thongborisut",Thailand,"September 14, 2018",2010,TV-MA,100 min,"Horror Movies, International Movies","A haunted hotel, a body in a water tank, a nightclub fire and a prison death comprise four horror tales taken from Thailand's newspaper headlines."
s8095,TV Show,Stone Age,,"Samantha Moon, Nancy Kim, Jacqueline Youn, Mike Yantzi, Anna Paik, Matt Anipen, Josh Schwartzentruber",South Korea,"July 1, 2019",2017,TV-Y7,1 Season,"Kids' TV, Korean TV Shows","Woody sets out to become the Stone Age's best animal trainer with a little help from his faithful pet dinosaur, Moga."
s8107,Movie,Striptease,Andrew Bergman,"Demi Moore, Burt Reynolds, Armand Assante, Ving Rhames, Robert Patrick, Paul Guilfoyle, Jerry Grayson, Rumer Willis, Robert Stanton, William Hill",United States,"January 1, 2021",1996,R,117 min,"Comedies, Dramas",A former FBI employee works as a stripper to finance her custody battle for her daughter when a secretly shady congressman takes an interest in her.
s8108,TV Show,Strong Girl Bong-soon,,"Park Bo-young, Park Hyung-sik, Ji Soo, Shim Hye-jin, Yu Jae-myeong, Jeon Seok-ho, Im Won-hee, Kim Won-hae",South Korea,"November 24, 2019",2017,TV-14,1 Season,"Crime TV Shows, International TV Shows, Korean TV Shows","Born with supernatural strength, Bong-soon fights evil and procures justice while getting tangled in a love triangle with her CEO boss and cop crush."
s8114,Movie,Suckseed,Chayanop Boonprakob,"Jirayu La-ongmanee, Pachara Chirathivat, Nattasha Nauljam, Thawat Pornrattanaprasert",Thailand,"September 5, 2018",2011,TV-MA,130 min,"Comedies, International Movies, Music & Musicals","When his boyhood crush Ern returns, Ped forms a band with his friend to impress her. Romantic rivalries bloom after the talented Ern joins the group."
s8138,TV Show,Swami Baba Ramdev: The Untold Story,,"Naman Jain, Kranti Prakash Jha, Tej Sapru, Chetan Pandit, Hitesh Bhardwaj, Sadhil Kapoor",,"May 1, 2018",2018,TV-14,1 Season,"International TV Shows, TV Dramas","Born into poverty and denied an education, a village boy overcomes society’s obstacles to become India’s foremost spiritual guru, revered by millions."
s8145,Movie,Taal,Subhash Ghai,"Anil Kapoor, Aishwarya Rai Bachchan, Akshaye Khanna, Amrish Puri, Alok Nath, Mita Vasisht, Saurabh Shukla, Supriya Karnik",India,"March 1, 2018",1999,TV-PG,177 min,"Dramas, International Movies, Music & Musicals","Businessman Manav falls for aspiring singer Mansi, but their romance faces an uphill climb when Manav must depart and Mansi's suave manager moves in."
s8148,TV Show,Taken,,"Clive Standen, Jennifer Beals, Gaius Charles, Brooklyn Sudano, Monique Gabriela Curnen, Michael Irby, James Landry Hébert, Jose Pablo Cantillo, James Landry Hebert","France, United States"," January 12, 2019",2018,TV-14,2 Seasons,"Crime TV Shows, TV Action & Adventure, TV Thrillers","After a personal tragedy upends his life, a highly skilled former Green Beret is drawn into a career as a secret government operative."
s8153,Movie,Tarzan 2,Brian Smith,"Harrison Chad, George Carlin, Brad Garrett, Ron Perlman, Estelle Harris, Glenn Close, Lance Henriksen, Brenda Grate, Harrison Fahn",United States,"June 23, 2017",2005,G,72 min,Children & Family Movies,How did the King of the Jungle ascend to the throne? Find out in this charming prequel to the hit animated movie that catches Tarzan as a young child.
s8178,Movie,The 4th Company,"Mitzi Vanessa Arreola, Amir Galvan Cervera","Adrian Ladron, Andoni Gracia, Hernán Mendoza, Gabino Rodríguez, Darío T. Pie, Manuel Ojeda","Mexico, Spain","April 6, 2018",2016,TV-MA,117 min,"Action & Adventure, Dramas, International Movies","In a violent prison in 1970s Mexico, a young inmate lands a spot on a football team that doubles as an enforcer squad for a corrupt administration."
s8191,Movie,The Angry Birds Movie 2,"Thurop Van Orman, John Rice","Jason Sudeikis, Rachel Bloom, Leslie Jones, Josh Gad, Bill Hader, Danny McBride, Awkwafina, Sterling K. Brown, Tiffany Haddish, Eugenio Derbez","Finland, United States","February 27, 2020",2019,PG,97 min,"Children & Family Movies, Comedies",Enemies turn into frenemies when the Pigs call for a truce with the Birds to unite against a formidable new foe that’s threatening all of their homes.
s8222,Movie,The Boy,William Brent Bell,"Jim Norton, Rupert Evans, Ben Robson, Lauren Cohan, James Russell, Jett Klyne, Diana Hardcastle","United States, Canada, China","June 1, 2020",2016,PG-13,97 min,"Horror Movies, Independent Movies, Thrillers",A nanny is hired by a couple to look after their boy. She's shocked to learn that her charge is actually a doll that the couple treats like a human.
s8235,Movie,The Cakemaker,Ofir Raul Graizer,"Sarah Adler, Tim Kalkhof, Roy Miller, Zohar Shtrauss, Sandra Sade, Tamir Ben-Yehuda, Stephanie Stremler, Tagel Eliyahu","Israel, Germany","December 4, 2018",2017,TV-14,109 min,"Dramas, Independent Movies, International Movies","When a German baker travels to Jerusalem in search of his dead male lover’s family, his growing involvement with them may expose his truth."
s8255,Movie,The Congress,Ari Folman,"Robin Wright, Harvey Keitel, Jon Hamm, Paul Giamatti, Kodi Smit-McPhee, Danny Huston, Sami Gayle, Michael Stahl-David, Michael Landes, Sarah Shahi","Israel, Germany, Poland, Luxembourg, Belgium, France, United States","August 23, 2019",2013,TV-MA,123 min,"Dramas, International Movies, Sci-Fi & Fantasy",Actress Robin Wright plays herself in this surreal drama about a film star who agrees to have her digital image recorded for reuse in future films.
s8263,TV Show,The Curse of Oak Island,,Robert Clotworthy,United States,"September 15, 2019",2016,TV-PG,1 Season,"Docuseries, Science & Nature TV","On an ominous island off of Nova Scotia, two brothers chase historical theories on a quest for enigmatic treasure."
s8289,Movie,The End of the Tour,James Ponsoldt,"Jason Segel, Jesse Eisenberg, Becky Ann Baker, Anna Chlumsky, Joan Cusack, Mamie Gummer, Ron Livingston, Mickey Sumner",United States,"July 26, 2018",2015,R,106 min,"Dramas, Independent Movies","""Rolling Stone"" reporter David Lipsky shadows famed writer David Foster Wallace in this fictionalized account of their revealing five-day encounter."
s8319,Movie,The Gentleman Driver,Mario Mattei,,United States,"January 31, 2019",2018,TV-MA,83 min,"Documentaries, Sports Movies","This documentary follows four tycoons who moonlight as motorsport competitors and examines what fuels them to succeed, both at work and on the track."
s8335,TV Show,The Great Train Robbery,,"Luke Evans, Jim Broadbent, Paul Anderson, Martin Compston, Neil Maskell, Jack Roth, George Costigan, Robert Glenister, Nick Moran, Tim Pigott-Smith, James Fox, James Wilby, Jack Gordon, Nicholas Murchie, Del Synnott, Richard Hope, John Salthouse",United Kingdom,"March 31, 2017",2013,NR,1 Season,"British TV Shows, Crime TV Shows, International TV Shows","This two-part tale delivers the true story of the Great Train Robbery of 1963, the biggest one in England's history."
s8354,TV Show,The Hunt,,David Attenborough,United Kingdom,"May 14, 2017",2015,TV-PG,1 Season,"British TV Shows, Docuseries, Science & Nature TV","Witness some of the most riveting showdowns in the animal kingdom as cameras capture leopards, polar bears and other predators targeting their prey."
s8355,Movie,The Hurricane Heist,Rob Cohen,"Toby Kebbell, Maggie Grace, Ryan Kwanten, Ralph Ineson, Melissa Bolona, Ben Cross, Jamie Andrew Cutler","United Kingdom, United States","September 26, 2018",2018,PG-13,103 min,Action & Adventure,A deadly hurricane with mile-high waves provides the perfect cover for stealing $600 million from a U.S. Treasury outpost in Mississippi.
s8374,TV Show,The Jungle Book,,"Emma Tate, Jimmy Hibbert, Sam Gold, David Holt, Joseph J. Terry","India, Germany, France","May 11, 2019",2010,TV-Y7,1 Season,Kids' TV,"This animated series follows young Mowgli and his animal mentors Bagheera and Baloo, who do their best to protect him from fierce tiger Shere Khan."
s8375,Movie,The Jungle School,Riri Riza,"Prisia Nasution, Nyungsang Bungo, Rukman Rosadi, Nadhira Suryadi, Ines Somellera",Indonesia,"October 30, 2018",2013,TV-PG,90 min,"Dramas, International Movies",An idealistic young woman travels to the jungles of Indonesia to teach literacy – and much more – to local children.
s8403,Movie,The Longshots,Fred Durst,"Ice Cube, Keke Palmer, Tasha Smith, Jill Marie Jones, Dash Mihok, Matt Craven, Glenn Plummer, Garrett Morris, Miles Chandler, Malcolm Goodwin",United States,"January 30, 2019",2008,PG,95 min,"Comedies, Dramas, Sports Movies","When an 11-year-old girl becomes Pop Warner football's first female quarterback, she raises eyebrows – till she takes her team to the brink of glory."
s8408,Movie,The Lovers and the Despot,"Robert Cannan, Ross Adam",,United Kingdom,"February 23, 2017",2016,TV-14,98 min,"Documentaries, International Movies",This firsthand account tells of two kidnapped South Korean movie professionals who became the unwilling personal filmmakers of dictator Kim Jong-il.
s8409,Movie,The lynx,Stanisław Różewicz,"Jerzy Radziwiłowicz, Franciszek Pieczka, Piotr Bajor, Ryszarda Hanin, Janusz Paluszkiewicz, Henryk Machalica, Hanna Mikuć, Maria Klejdysz",Poland,"October 1, 2019",1982,TV-14,82 min,"Dramas, International Movies",A priest's duties are tested when a young guerrilla asks for absolution while confessing his plans to murder a local man he believes is a traitor.
s8421,Movie,The Men Who Stare at Goats,Grant Heslov,"George Clooney, Ewan McGregor, Jeff Bridges, Kevin Spacey, Stephen Lang, Robert Patrick, Waleed Zuaiter, Stephen Root, Glenn Morshower, Nick Offerman, Tim Griffin, Rebecca Mader","United States, United Kingdom","June 4, 2019",2009,R,94 min,Comedies,"A journalist latches onto an unbelievable story in Iraq when he meets Lyn, a man of mysterious origins who reveals he was a ""warrior monk."""
s8447,Movie,The Parole Officer,John Duigan,"Steve Coogan, Emma Gilmour, Susan Jane Tanner, Iain Mitchell, James Smith, Om Puri, Steven Waddington, Ben Miller, Lena Headey, Jenny Agutter",United Kingdom,"August 1, 2018",2001,R,94 min,"Action & Adventure, Comedies","After witnessing a murder, Simon Garden is framed – and the only evidence that proves his innocence is a videotape locked inside a bank vault."
s8464,Movie,The President's Barber,Chan-sang Lim,"Kang-ho Song, So-ri Moon, Jae-eung Lee, Yeong-jin Jo, Byung-ho Son, Yong-soo park, Seung-soo Ryu, Ju-sang Yun, Gyu-su Jeong, Dal-su Oh",South Korea,"October 1, 2017",2004,TV-MA,116 min,"Comedies, Dramas, International Movies","The personal barber to the president, as well as his wife and only son, get tangled in the political chaos that gripped South Korea in the late 1900s."
s8469,Movie,The Pursuit,John Papola,Arthur Brooks,United States,"August 7, 2019",2019,TV-14,76 min,Documentaries,"In a time of turbulence for the free market system, one economist explores how it has lifted billions out of poverty, and might just save us all."
s8475,TV Show,The Rap Game,,Jermaine Dupri,United States,"September 15, 2019",2016,TV-14,1 Season,Reality TV,Young lyricists between the ages of 12 and 16 compete for a chance to sign to Jermaine Dupri's label while being mentored by hip-hop and R&B's finest.
s8489,Movie,The River Thief,N.D. Wilson,"Joel Courtney, Tommy Cash, Paul Johansson, Bas Rutten, Raleigh Cain, David Shannon",United States,"January 14, 2017",2016,NR,87 min,"Dramas, Independent Movies","A heedless teen drifter who falls for a small-town waitress makes the mistake of robbing a drug lord, putting his life and newfound love in jeopardy."
s8506,Movie,The Show,Giancarlo Esposito,"Josh Duhamel, Giancarlo Esposito, Famke Janssen, Sarah Wayne Callies, Caitlin Fitzgerald, Chris Ellis, Lucia Walters, James Franco",United States,"June 1, 2020",2017,TV-MA,105 min,Dramas,A disillusioned reality TV host and an idealistic producer are lured by their network into producing a show in which participants kill themselves.
s8519,TV Show,The Story of God with Morgan Freeman,,Morgan Freeman,United States," February 1, 2019",2017,TV-14,2 Seasons,Docuseries,"Host Morgan Freeman explores religion's role in human history, how our beliefs connect us and possible answers to life's million-dollar questions."
s8524,TV Show,The Super Mario Bros. Super Show!,,"Captain Lou Albano, Danny Wells, Jeannie Elias, John Stocker, Harvey Atkin, Robert Bockstael, Cynthia Preston, Jonathan Potts, Colin Fox","United States, Canada","May 22, 2016",1989,TV-Y7,1 Season,Kids' TV,"Mixing live action and animation, this classic series brought the beloved Super Mario Bros. video game characters to television screens everywhere."
s8538,Movie,The Trust,"Ben Brewer, Alex Brewer","Nicolas Cage, Elijah Wood, Sky Ferreira, Jerry Lewis, Eric Heister, Alexandria Lee, Ethan Suplee, Kenna James, Steven Williams, Carl Windom Carlito",United States,"April 1, 2019",2015,R,91 min,Thrillers,"Discovering the location of a vault where a drug ring keeps its riches, two run-of-the-mill Las Vegas cops hatch a dicey plan to burgle it."
s8541,Movie,The Tuxedo,Kevin Donovan,"Jackie Chan, Jennifer Love Hewitt, Jason Isaacs, Debi Mazar, Ritchie Coster, Peter Stormare, Mia Cottet, Romany Malco, Daniel Kash",United States,"November 1, 2019",2002,PG-13,99 min,"Action & Adventure, Comedies","After a government spy is hospitalized, New York City cab driver Jimmy unwillingly takes over the spy's role – with the aid of a computerized tuxedo."
s8542,TV Show,The Twilight Zone (Original Series),,Rod Serling,United States,"July 1, 2017",1963,TV-14,4 Seasons,"Classic & Cult TV, TV Sci-Fi & Fantasy","Hosted by creator Rod Serling, this groundbreaking anthology series presents tales of the supernatural that are often tinged with social commentary."
s8545,TV Show,The Underwear,,"Thanabordee Jaiyen, Emika Grant Emma, Tantimedh Chisanusha, Siribanchawan Jidapa, Supanut Sudjinda",,"June 19, 2018",2017,TV-MA,1 Season,"International TV Shows, TV Dramas, Teen TV Shows",Virtual and real worlds collide as a group of teenagers who are grappling with matters of the heart cross paths in a cafe and on an anonymous website.
s8570,Movie,The Young Vagabond,Sze Yu Lau,"Chia-Hui Liu, Wong Yu, Jason Pai Piao, Lung Wei Wang, Hoi-Shan Kwan, Feng Ku, San Nam Hung, Kuo Hua Chang, Feng Kuan",Hong Kong,"August 16, 2018",1985,TV-14,85 min,"Action & Adventure, Comedies, International Movies","To avenge his master, a wine-loving young man steps up his fighting skills to defeat a powerful thief in a life-or-death match."
s8578,Movie,This Was Tomorrow,Wim Bonte,,Belgium,"December 15, 2015",2015,NR,77 min,"Documentaries, International Movies, Music & Musicals","The Tomorrowland music festival marks its 10th anniversary in Belgium, the U.S. and Brazil, with all the diverse excitement of the annual event."
s8587,Movie,Thumper,Jordan Ross,"Eliza Taylor, Pablo Schreiber, Daniel Webber, Lena Headey, Ben Feldman, Grant Harvey, Jazzy De Lisser, Brett Rice",United States,"February 5, 2018",2017,TV-MA,93 min,"Dramas, Thrillers","After moving to a hardscrabble suburban California town, a young woman becomes dangerously entangled with a local drug enterprise."
s8621,Movie,Tree Man,"Jon Reiner, Brad Rothschild",,Canada,"November 1, 2016",2015,TV-PG,82 min,Documentaries,"Entrepreneurs from Vermont and Quebec sell Christmas trees on the streets of New York, becoming a cherished part of neighborhood holiday traditions."
s8636,Movie,True Grit,Henry Hathaway,"John Wayne, Glen Campbell, Kim Darby, Jeremy Slate, Robert Duvall, Dennis Hopper, Alfred Ryder, Strother Martin, Jeff Corey",United States,"January 1, 2020",1969,G,128 min,"Classic Movies, Dramas",Teenage tomboy Mattie Ross enlists the help of crusty lawman Rooster Cogburn to track down the hired hand who murdered her father.
s8645,TV Show,Twin Peaks,,"Kyle MacLachlan, Michael Ontkean, Mädchen Amick, Dana Ashbrook, Richard Beymer, Lara Flynn Boyle, Sherilyn Fenn, Warren Frost, Peggy Lipton, James Marshall, Everett McGill, Jack Nance, Joan Chen, Kimmy Robertson, Michael Horse, Piper Laurie, Harry Goaz, Eric DaRe, Wendy Robie, Ray Wise, Sheryl Lee, Russ Tamblyn, Don S. Davis, Chris Mulkey, Gary Hershberger, Grace Zabriskie",United States,"July 1, 2017",1990,TV-14,2 Seasons,"Classic & Cult TV, Crime TV Shows, TV Dramas","""Who killed Laura Palmer?"" is the question on everyone's lips in a secretive small town, but as an eccentric FBI agent learns, the answer isn't easy."
s8661,Movie,Undercover: How to Operate Behind Enemy Lines,John Ford,,United States,"March 31, 2017",1943,TV-PG,61 min,"Classic Movies, Documentaries",This World War II-era training film dramatizes how secret agents should act while undercover and how to avoid capture by enemies.
s8678,Movie,Vikings Unearthed,Harvey Lilley,Eric Meyers,United States,"March 1, 2017",2016,TV-PG,113 min,Documentaries,Archaeologist Sarah Parcak follows clues to early Viking explorations and discusses just what these notoriously fierce warriors were really like.
s8682,Movie,Vitti Dandu,Ganesh Kadam,"Dilip Prabhavalkar, Ashok Samarth, Yatin Karyekar, Nishant Bhavsar, Mrunal Thakur, Vikas Kadam, Utpal Sawant, Ravindra Mankani, Shubhankar Atre, Charudatta Bhagwat",India,"July 15, 2017",2014,TV-14,116 min,"Dramas, International Movies","In a remote village in colonial India, an old man and his grandson display strong differences in their attitudes toward the country's British rulers."
s8684,Movie,Vodka Diaries,Kushal Srivastava,"Kay Kay Menon, Raima Sen, Mandira Bedi, Sharib Hashmi, Rishi Bhutani, Herry Tangri, Vaishnavi Dhanraj, Swati Rajput",India,"December 31, 2019",2018,TV-14,113 min,"Dramas, International Movies, Thrillers","While investigating a series of murders and the nightclub that links them, a detective’s case takes an alarming turn when his wife goes missing."
s8691,TV Show,Wake Up,,"Jag Huang, Chris Wu, Tiffany Hsu, Michael Huang, Lego Li, Summer Meng",,"March 31, 2018",2017,TV-14,2 Seasons,"International TV Shows, TV Dramas","After taking the blame for a patient death, an anesthesiologist battling psychiatric trauma fights to stay afloat in the corrupt hospital system."
s8693,Movie,Walk with Me,"Marc Francis, Max Pugh","Benedict Cumberbatch, Thich Nhat Hanh",United Kingdom,"December 26, 2017",2017,TV-PG,94 min,Documentaries,A community of monks in France led by Zen Buddhist master Thich Nhat Hanh offers an intimate glimpse into mindfulness practice and the monastic life.
s8712,Movie,Weeds on Fire,Chi Fat Chan,"Liu Kai Chi, Lam Yiu-sing, Tony Tsz-Tung Wu, Poon Chan-leung, Sun Li Man, Tam Sin Yin, Sham Ka Ki, Wang Simin, Jan Lamb",Hong Kong,"September 27, 2018",2016,TV-MA,95 min,"Dramas, Independent Movies, International Movies","In 1980s Hong Kong, a school principal forms a baseball team with an eclectic crew of local students who soon fight their way to the top of the league."
s8733,Movie,White Chamber,Paul Raschid,"Shauna MacDonald, Oded Fehr, Amrita Acharia, Sharon Maughan, Nicholas Farrell, Candis Nergaard, Marcus Griffiths, Adrianna Edwards, Sumit Chakravarti, Lisa Reynolds",United Kingdom,"August 1, 2019",2018,TV-MA,89 min,"Sci-Fi & Fantasy, Thrillers","When a civil war ravages the UK, a scientist awakens in a futuristic cell and is tortured by her captor for information she claims she doesn't possess."
s8740,Movie,Why We Fight: The Battle of Russia,"Frank Capra, Anatole Litvak",,United States,"March 31, 2017",1943,TV-PG,82 min,Documentaries,This installment of Frank Capra's acclaimed documentary series highlights the need for a Russo-American alliance to defeat the Nazis.
s8750,TV Show,Winter Sun,,"Şükrü Özyıldız, Aslı Enver, Şenay Gürler, Başak Parlak, Mahir Günşiray, Hakan Boyav, Hakan Gerçek, Berrak Kuş, Gamze Süner Atay, Mehmet Esen",Turkey,"August 1, 2017",2014,TV-MA,1 Season,"International TV Shows, TV Dramas, TV Thrillers","Years after ruthless businessmen kill his father and order the death of his twin brother, a modest fisherman adopts a new persona to exact revenge."
s8768,Movie,XXX: State of the Union,Lee Tamahori,"Ice Cube, Samuel L. Jackson, Willem Dafoe, Scott Speedman, Peter Strauss, Xzibit, Michael Roof, Sunny Mabrey, Nona Gaye, John Gleeson Connolly",United States,"January 1, 2019",2005,PG-13,101 min,Action & Adventure,"In this action-packed follow-up to XXX, U.S. intelligence officer Augustus Gibbons must thwart a massive conspiracy to overthrow the government."
s8774,Movie,Yanda Kartavya Aahe,Kedar Shinde,"Ankush Choudhary, Smita Shewale, Mohan Joshi, Atmaram Bhende, Asha Bhende",India,"January 1, 2018",2006,TV-PG,151 min,"Comedies, Dramas, International Movies","Thanks to an arranged marriage that was designed to make an ailing grandmother happy, newlyweds Rahul and Swati are virtually strangers. Can a four-day honeymoon make a difference when it comes to the couple's feelings about each other?"
s8775,Movie,يوم الدين,Abu Bakr Shawky,"Rady Gamal, Ahmed Abdelhafiz, Shahira Fahmy, Shehab Ibrahim, Mohamed Abd El Azim, Osama Abdullah, Khaled Raafat, Mohamed Qishta, Shoq Emara, Mahmoud Fares","Egypt, Austria, United States","October 22, 2019",2018,TV-14,97 min,"Dramas, Independent Movies, International Movies","A man cured of leprosy and a young orphan leave their colony for the first time to travel across Egypt, hoping to find the families they lost."
s8786,TV Show,YOM,,"Sairaj, Devyani Dagaonkar, Ketan Singh, Mayur Vyas, Ketan Kava",,"June 7, 2018",2016,TV-Y7,1 Season,Kids' TV,"With the mind of a human being, and the body of whichever animal he chooses to be, a young boy protects the world from danger."
s8797,TV Show,Yunus Emre,,"Gökhan Atalay, Payidar Tüfekçioglu, Baran Akbulut, Mehmet Çepiç, Seda Tosun, Mehmet Ali Tuncer, Asuman Çakır, Müge Uyar, Rüzgar Aksoy, Ergun Taş, Sedat Erdiş, Ahmet Talay, Umut Tanyolu, Murat Ercanlı, Birand Tunca, Atilla Kiliç, Saygin Asan, Emrah Girgin",Turkey,"January 17, 2017",2016,TV-PG,2 Seasons,"International TV Shows, TV Dramas","During the Mongol invasions, Yunus Emre leaves his home to travel across the Ottoman Empire, defying hardships and temptations to become a dervish."
s8801,TV Show,Zindagi Gulzar Hai,,"Sanam Saeed, Fawad Khan, Ayesha Omer, Mehreen Raheel, Sheheryar Munawar, Samina Peerzada, Waseem Abbas, Javed Sheikh, Hina Khawaja Bayat",Pakistan,"December 15, 2016",2012,TV-PG,1 Season,"International TV Shows, Romantic TV Shows, TV Dramas","Strong-willed, middle-class Kashaf and carefree, wealthy Zaroon meet in college, but before love can take root, they each have some growing up to do."
s8803,Movie,Zodiac,David Fincher,"Mark Ruffalo, Jake Gyllenhaal, Robert Downey Jr., Anthony Edwards, Brian Cox, Elias Koteas, Donal Logue, John Carroll Lynch, Dermot Mulroney, Chloë Sevigny",United States,"November 20, 2019",2007,R,158 min,"Cult Movies, Dramas, Thrillers","A political cartoonist, a crime reporter and a pair of cops investigate San Francisco's infamous Zodiac Killer in this thriller based on a true story."
